#
# A fatal error has been detected by the Java Runtime Environment:
#
#  SIGSEGV (0xb) at pc=0x000078dba4e92b66, pid=7172, tid=7173
#
# JRE version: OpenJDK Runtime Environment Microsoft-11369942 (21.0.7+6) (build 21.0.7+6-LTS)
# Java VM: OpenJDK 64-Bit Server VM Microsoft-11369942 (21.0.7+6-LTS, mixed mode, sharing, tiered, compressed oops, compressed class ptrs, g1 gc, linux-amd64)
# Problematic frame:
# V  [libjvm.so+0xb94b66]  LinkResolver::resolve_invoke(CallInfo&, Handle, constantPoolHandle const&, int, Bytecodes::Code, JavaThread*)+0x1b6
#
# Core dump will be written. Default location: Core dumps may be processed with "/usr/share/apport/apport -p%p -s%s -c%c -d%d -P%P -u%u -g%g -F%F -- %E" (or dumping to /workspaces/ServeraMC/servidor_minecraft/core.7172)
#
# If you would like to submit a bug report, please visit:
#   https://github.com/microsoft/openjdk/issues
#

---------------  S U M M A R Y ------------

Command Line: mohist.jar --installServer

Host: AMD EPYC 7763 64-Core Processor, 4 cores, 15G, Ubuntu 24.04.2 LTS
Time: Sun Aug  3 19:29:09 2025 UTC elapsed time: 11.427358 seconds (0d 0h 0m 11s)

---------------  T H R E A D  ---------------

Current thread (0x000078db9c02a7e0):  JavaThread "main"             [_thread_in_vm, id=7173, stack(0x000078dba4110000,0x000078dba4210000) (1024K)]

Stack: [0x000078dba4110000,0x000078dba4210000],  sp=0x000078dba420cf50,  free space=1011k
Native frames: (J=compiled Java code, j=interpreted, Vv=VM code, C=native code)
V  [libjvm.so+0xb94b66]  LinkResolver::resolve_invoke(CallInfo&, Handle, constantPoolHandle const&, int, Bytecodes::Code, JavaThread*)+0x1b6
V  [libjvm.so+0x90d2f7]  InterpreterRuntime::resolve_invoke(JavaThread*, Bytecodes::Code)+0x177
V  [libjvm.so+0x90d9c5]  InterpreterRuntime::resolve_from_cache(JavaThread*, Bytecodes::Code)+0x105
j  org.jline.terminal.impl.jansi.JansiNativePty.ttyname()Ljava/lang/String;+65
j  org.jline.terminal.impl.jansi.linux.LinuxNativePty.current()Lorg/jline/terminal/impl/jansi/linux/LinuxNativePty;+0
j  org.jline.terminal.impl.jansi.JansiSupportImpl.current()Lorg/jline/terminal/spi/Pty;+24
j  org.jline.terminal.TerminalBuilder.doBuild()Lorg/jline/terminal/Terminal;+650
j  org.jline.terminal.TerminalBuilder.build()Lorg/jline/terminal/Terminal;+1
j  net.minecrell.terminalconsole.TerminalConsoleAppender.initializeTerminal()V+56
j  net.minecrell.terminalconsole.TerminalConsoleAppender.<init>(Ljava/lang/String;Lorg/apache/logging/log4j/core/Filter;Lorg/apache/logging/log4j/core/Layout;Z)V+9
j  net.minecrell.terminalconsole.TerminalConsoleAppender.createAppender(Ljava/lang/String;Lorg/apache/logging/log4j/core/Filter;Lorg/apache/logging/log4j/core/Layout;Z)Lnet/minecrell/terminalconsole/TerminalConsoleAppender;+16
j  java.lang.invoke.LambdaForm$DMH+0x000078db2c1c1400.invokeStatic(Ljava/lang/Object;Ljava/lang/Object;Ljava/lang/Object;Ljava/lang/Object;I)Ljava/lang/Object;+16 java.base@21.0.7
j  java.lang.invoke.LambdaForm$MH+0x000078db2c1cfc00.invoke(Ljava/lang/Object;Ljava/lang/Object;Ljava/lang/Object;)Ljava/lang/Object;+124 java.base@21.0.7
j  java.lang.invoke.Invokers$Holder.invokeExact_MT(Ljava/lang/Object;Ljava/lang/Object;Ljava/lang/Object;Ljava/lang/Object;)Ljava/lang/Object;+20 java.base@21.0.7
j  jdk.internal.reflect.DirectMethodHandleAccessor.invokeImpl(Ljava/lang/Object;[Ljava/lang/Object;)Ljava/lang/Object;+104 java.base@21.0.7
j  jdk.internal.reflect.DirectMethodHandleAccessor.invoke(Ljava/lang/Object;[Ljava/lang/Object;)Ljava/lang/Object;+23 java.base@21.0.7
j  java.lang.reflect.Method.invoke(Ljava/lang/Object;[Ljava/lang/Object;)Ljava/lang/Object;+102 java.base@21.0.7
j  org.apache.logging.log4j.core.config.plugins.util.PluginBuilder.build()Ljava/lang/Object;+144
j  org.apache.logging.log4j.core.config.AbstractConfiguration.createPluginObject(Lorg/apache/logging/log4j/core/config/plugins/util/PluginType;Lorg/apache/logging/log4j/core/config/Node;Lorg/apache/logging/log4j/core/LogEvent;)Ljava/lang/Object;+99
j  org.apache.logging.log4j.core.config.AbstractConfiguration.createConfiguration(Lorg/apache/logging/log4j/core/config/Node;Lorg/apache/logging/log4j/core/LogEvent;)V+107
j  org.apache.logging.log4j.core.config.AbstractConfiguration.createConfiguration(Lorg/apache/logging/log4j/core/config/Node;Lorg/apache/logging/log4j/core/LogEvent;)V+67
j  org.apache.logging.log4j.core.config.AbstractConfiguration.doConfigure()V+255
j  org.apache.logging.log4j.core.config.AbstractConfiguration.initialize()V+229
j  org.apache.logging.log4j.core.config.AbstractConfiguration.start()V+14
j  org.apache.logging.log4j.core.LoggerContext.setConfiguration(Lorg/apache/logging/log4j/core/config/Configuration;)Lorg/apache/logging/log4j/core/config/Configuration;+115
j  org.apache.logging.log4j.core.LoggerContext.reconfigure(Ljava/net/URI;)V+89
j  org.apache.logging.log4j.core.LoggerContext.reconfigure()V+5
j  org.apache.logging.log4j.core.LoggerContext.start()V+77
j  org.apache.logging.log4j.core.impl.Log4jContextFactory.getContext(Ljava/lang/String;Ljava/lang/ClassLoader;Ljava/lang/Object;Z)Lorg/apache/logging/log4j/core/LoggerContext;+46
j  org.apache.logging.log4j.core.impl.Log4jContextFactory.getContext(Ljava/lang/String;Ljava/lang/ClassLoader;Ljava/lang/Object;Z)Lorg/apache/logging/log4j/spi/LoggerContext;+6
j  org.apache.logging.log4j.LogManager.getContext(Ljava/lang/ClassLoader;Z)Lorg/apache/logging/log4j/spi/LoggerContext;+9
j  org.apache.logging.log4j.LogManager.getLogger(Ljava/lang/Class;)Lorg/apache/logging/log4j/Logger;+10
j  org.apache.logging.log4j.LogManager.getLogger()Lorg/apache/logging/log4j/Logger;+4
j  net.minecraftforge.eventbus.EventBus.<clinit>()V+0
v  ~StubRoutines::call_stub 0x000078db8bd37cc6
V  [libjvm.so+0x915495]  JavaCalls::call_helper(JavaValue*, methodHandle const&, JavaCallArguments*, JavaThread*)+0x2e5
V  [libjvm.so+0x8ed162]  InstanceKlass::call_class_initializer(JavaThread*)+0x322
V  [libjvm.so+0x8edf59]  InstanceKlass::initialize_impl(JavaThread*)+0x499
V  [libjvm.so+0x9f1f3d]  find_class_from_class_loader(JNIEnv_*, Symbol*, unsigned char, Handle, Handle, unsigned char, JavaThread*)+0x7d
V  [libjvm.so+0x9fbb62]  JVM_FindClassFromCaller+0x122
C  [libjava.so+0xe737]  Java_java_lang_Class_forName0+0xd7
j  java.lang.Class.forName0(Ljava/lang/String;ZLjava/lang/ClassLoader;Ljava/lang/Class;)Ljava/lang/Class;+0 java.base@21.0.7
j  java.lang.Class.forName(Ljava/lang/String;Ljava/lang/Class;)Ljava/lang/Class;+19 java.base@21.0.7
j  java.lang.Class.forName(Ljava/lang/String;)Ljava/lang/Class;+6 java.base@21.0.7
j  com.mohistmc.MohistMCStart.main()V+173
j  net.minecraftforge.server.ServerMain.main([Ljava/lang/String;)V+135
v  ~StubRoutines::call_stub 0x000078db8bd37cc6
V  [libjvm.so+0x915495]  JavaCalls::call_helper(JavaValue*, methodHandle const&, JavaCallArguments*, JavaThread*)+0x2e5
V  [libjvm.so+0x9c1400]  jni_invoke_static(JNIEnv_*, JavaValue*, _jobject*, JNICallType, _jmethodID*, JNI_ArgumentPusher*, JavaThread*) [clone .constprop.1]+0x390
V  [libjvm.so+0x9c42e7]  jni_CallStaticVoidMethod+0x167
C  [libjli.so+0x5284]  JavaMain+0x1054
C  [libjli.so+0x7e09]  ThreadJavaMain+0x9
C  [libc.so.6+0x9caa4]
Java frames: (J=compiled Java code, j=interpreted, Vv=VM code)
j  org.jline.terminal.impl.jansi.JansiNativePty.ttyname()Ljava/lang/String;+65
j  org.jline.terminal.impl.jansi.linux.LinuxNativePty.current()Lorg/jline/terminal/impl/jansi/linux/LinuxNativePty;+0
j  org.jline.terminal.impl.jansi.JansiSupportImpl.current()Lorg/jline/terminal/spi/Pty;+24
j  org.jline.terminal.TerminalBuilder.doBuild()Lorg/jline/terminal/Terminal;+650
j  org.jline.terminal.TerminalBuilder.build()Lorg/jline/terminal/Terminal;+1
j  net.minecrell.terminalconsole.TerminalConsoleAppender.initializeTerminal()V+56
j  net.minecrell.terminalconsole.TerminalConsoleAppender.<init>(Ljava/lang/String;Lorg/apache/logging/log4j/core/Filter;Lorg/apache/logging/log4j/core/Layout;Z)V+9
j  net.minecrell.terminalconsole.TerminalConsoleAppender.createAppender(Ljava/lang/String;Lorg/apache/logging/log4j/core/Filter;Lorg/apache/logging/log4j/core/Layout;Z)Lnet/minecrell/terminalconsole/TerminalConsoleAppender;+16
j  java.lang.invoke.LambdaForm$DMH+0x000078db2c1c1400.invokeStatic(Ljava/lang/Object;Ljava/lang/Object;Ljava/lang/Object;Ljava/lang/Object;I)Ljava/lang/Object;+16 java.base@21.0.7
j  java.lang.invoke.LambdaForm$MH+0x000078db2c1cfc00.invoke(Ljava/lang/Object;Ljava/lang/Object;Ljava/lang/Object;)Ljava/lang/Object;+124 java.base@21.0.7
j  java.lang.invoke.Invokers$Holder.invokeExact_MT(Ljava/lang/Object;Ljava/lang/Object;Ljava/lang/Object;Ljava/lang/Object;)Ljava/lang/Object;+20 java.base@21.0.7
j  jdk.internal.reflect.DirectMethodHandleAccessor.invokeImpl(Ljava/lang/Object;[Ljava/lang/Object;)Ljava/lang/Object;+104 java.base@21.0.7
j  jdk.internal.reflect.DirectMethodHandleAccessor.invoke(Ljava/lang/Object;[Ljava/lang/Object;)Ljava/lang/Object;+23 java.base@21.0.7
j  java.lang.reflect.Method.invoke(Ljava/lang/Object;[Ljava/lang/Object;)Ljava/lang/Object;+102 java.base@21.0.7
j  org.apache.logging.log4j.core.config.plugins.util.PluginBuilder.build()Ljava/lang/Object;+144
j  org.apache.logging.log4j.core.config.AbstractConfiguration.createPluginObject(Lorg/apache/logging/log4j/core/config/plugins/util/PluginType;Lorg/apache/logging/log4j/core/config/Node;Lorg/apache/logging/log4j/core/LogEvent;)Ljava/lang/Object;+99
j  org.apache.logging.log4j.core.config.AbstractConfiguration.createConfiguration(Lorg/apache/logging/log4j/core/config/Node;Lorg/apache/logging/log4j/core/LogEvent;)V+107
j  org.apache.logging.log4j.core.config.AbstractConfiguration.createConfiguration(Lorg/apache/logging/log4j/core/config/Node;Lorg/apache/logging/log4j/core/LogEvent;)V+67
j  org.apache.logging.log4j.core.config.AbstractConfiguration.doConfigure()V+255
j  org.apache.logging.log4j.core.config.AbstractConfiguration.initialize()V+229
j  org.apache.logging.log4j.core.config.AbstractConfiguration.start()V+14
j  org.apache.logging.log4j.core.LoggerContext.setConfiguration(Lorg/apache/logging/log4j/core/config/Configuration;)Lorg/apache/logging/log4j/core/config/Configuration;+115
j  org.apache.logging.log4j.core.LoggerContext.reconfigure(Ljava/net/URI;)V+89
j  org.apache.logging.log4j.core.LoggerContext.reconfigure()V+5
j  org.apache.logging.log4j.core.LoggerContext.start()V+77
j  org.apache.logging.log4j.core.impl.Log4jContextFactory.getContext(Ljava/lang/String;Ljava/lang/ClassLoader;Ljava/lang/Object;Z)Lorg/apache/logging/log4j/core/LoggerContext;+46
j  org.apache.logging.log4j.core.impl.Log4jContextFactory.getContext(Ljava/lang/String;Ljava/lang/ClassLoader;Ljava/lang/Object;Z)Lorg/apache/logging/log4j/spi/LoggerContext;+6
j  org.apache.logging.log4j.LogManager.getContext(Ljava/lang/ClassLoader;Z)Lorg/apache/logging/log4j/spi/LoggerContext;+9
j  org.apache.logging.log4j.LogManager.getLogger(Ljava/lang/Class;)Lorg/apache/logging/log4j/Logger;+10
j  org.apache.logging.log4j.LogManager.getLogger()Lorg/apache/logging/log4j/Logger;+4
j  net.minecraftforge.eventbus.EventBus.<clinit>()V+0
v  ~StubRoutines::call_stub 0x000078db8bd37cc6
j  java.lang.Class.forName0(Ljava/lang/String;ZLjava/lang/ClassLoader;Ljava/lang/Class;)Ljava/lang/Class;+0 java.base@21.0.7
j  java.lang.Class.forName(Ljava/lang/String;Ljava/lang/Class;)Ljava/lang/Class;+19 java.base@21.0.7
j  java.lang.Class.forName(Ljava/lang/String;)Ljava/lang/Class;+6 java.base@21.0.7
j  com.mohistmc.MohistMCStart.main()V+173
j  net.minecraftforge.server.ServerMain.main([Ljava/lang/String;)V+135
v  ~StubRoutines::call_stub 0x000078db8bd37cc6

siginfo: si_signo: 11 (SIGSEGV), si_code: 128 (SI_KERNEL), si_addr: 0x0000000000000000

Registers:
RAX=0x7374702f7665642f, RBX=0x000078dba420d000, RCX=0x000078db20f655d0, RDX=0x000078dba57ef6e8
RSP=0x000078dba420cf50, RBP=0x000078dba420cfb0, RSI=0x000078dba420cf00, RDI=0x000078dba420cf00
R8 =0x0000000000000000, R9 =0x000078dba420cf00, R10=0x000078dba40b9000, R11=0x000078db9c02b388
R12=0x000078db9c02a7e0, R13=0x000078dba420d080, R14=0x000078db9c02b378, R15=0x000078dba420cf50
RIP=0x000078dba4e92b66, EFLAGS=0x0000000000010202, CSGSFS=0x002b000000000033, ERR=0x0000000000000000
  TRAPNO=0x000000000000000d

XMM[0]=0x0000000000000000 0x0000000000000000
XMM[1]=0x0000000000000000 0x0000000000000000
XMM[2]=0x000078db8bd4f4bd 0x000078dba420d128
XMM[3]=0x0000000000000000 0x000078db8bd3ea90
XMM[4]=0x000078dba420d178 0x0000000000000000
XMM[5]=0x0000000000000000 0x000078db9c02a7e0
XMM[6]=0x0000000000000000 0x000078db9c02a7e0
XMM[7]=0x0000000000000000 0x000078db9c02a7e0
XMM[8]=0x02b27fb158bc004c 0x5d76baf75160a3e9
XMM[9]=0xa39761aba39761ab 0xa39761ab28d27c07
XMM[10]=0x0000000000000000 0x00000000853b1a5c
XMM[11]=0x0a5d6a440a5d6a44 0x0a5d6a44332fe64b
XMM[12]=0x0000000000000000 0x0000000028d27c07
XMM[13]=0x0000000000000000 0x00000000ea50082b
XMM[14]=0x0000000000000000 0xc376fa43f0e5a56b
XMM[15]=0x0000000000000000 0x0000000000000000
  MXCSR=0x00001fa2


Register to memory mapping:

RAX=0x7374702f7665642f is an unknown value
RBX=0x000078dba420d000 is pointing into the stack for thread: 0x000078db9c02a7e0
RCX=0x000078db20f655d0 is pointing into metadata
RDX=0x000078dba57ef6e8: <offset 0x00000000014f16e8> in /usr/local/sdkman/candidates/java/21.0.7-ms/lib/server/libjvm.so at 0x000078dba42fe000
RSP=0x000078dba420cf50 is pointing into the stack for thread: 0x000078db9c02a7e0
RBP=0x000078dba420cfb0 is pointing into the stack for thread: 0x000078db9c02a7e0
RSI=0x000078dba420cf00 is pointing into the stack for thread: 0x000078db9c02a7e0
RDI=0x000078dba420cf00 is pointing into the stack for thread: 0x000078db9c02a7e0
R8 =0x0 is null
R9 =0x000078dba420cf00 is pointing into the stack for thread: 0x000078db9c02a7e0
R10=0x000078dba40b9000 points into unknown readable memory: 0x0100050403020100 | 00 01 02 03 04 05 00 01
R11=0x000078db9c02b388 points into unknown readable memory: 0x00000007139e31d8 | d8 31 9e 13 07 00 00 00
R12=0x000078db9c02a7e0 is a thread
R13=0x000078dba420d080 is pointing into the stack for thread: 0x000078db9c02a7e0
R14=0x000078db9c02b378 points into unknown readable memory: 0x7374702f7665642f | 2f 64 65 76 2f 70 74 73
R15=0x000078dba420cf50 is pointing into the stack for thread: 0x000078db9c02a7e0

Top of Stack: (sp=0x000078dba420cf50)
0x000078dba420cf50:   000078db2b489728 000078db2b483f40
0x000078dba420cf60:   000078db2b00e740 000078db2c1d1e80
0x000078dba420cf70:   0000000000000000 0000000000000000
0x000078dba420cf80:   000078db2b0a0101 000000000000000c
0x000078dba420cf90:   000078db9c02a7e0 000078dba420d040
0x000078dba420cfa0:   00000000000000b6 000078dba420d080
0x000078dba420cfb0:   000078dba420d0f0 000078dba4c0b2f7
0x000078dba420cfc0:   0000000000000000 00000000000003d8
0x000078dba420cfd0:   000078db9c02af20 000078db9c02af30
0x000078dba420cfe0:   000078db9c02b308 000078db9c02af30
0x000078dba420cff0:   000078db9c02af00 000078db9c02b378
0x000078dba420d000:   000078db20f655d0 000078db9c02a7e0
0x000078dba420d010:   0000000000000000 0000000000000000
0x000078dba420d020:   000078db20f66358 000078db9c02a7e0
0x000078dba420d030:   000078dba420d0a0 000078dba599f013
0x000078dba420d040:   000078dba420d128 000078db8bd4f4bd
0x000078dba420d050:   000078db8bd3ea90 0000000000000000
0x000078dba420d060:   0000000000000000 000078dba420d178
0x000078dba420d070:   000078dba420d128 000078db0000000f
0x000078dba420d080:   000078db20f662e9 0000000000000000
0x000078dba420d090:   0000000000000000 0000000000000000
0x000078dba420d0a0:   0000000000000000 000078dba420d178
0x000078dba420d0b0:   0000000000000000 0000000000000000
0x000078dba420d0c0:   000078dba420d0c0 000078db9c02a7e0
0x000078dba420d0d0:   0000000000000000 000078db20f662e9
0x000078dba420d0e0:   000078dba420d190 000078db9c02a7e0
0x000078dba420d0f0:   000078dba420d110 000078dba4c0b9c5
0x000078dba420d100:   00000000000000b6 0000000000000000
0x000078dba420d110:   000078dba420d178 000078db8bd4f503
0x000078dba420d120:   000078db8bd4f4bd 7374702f7665642f
0x000078dba420d130:   000078dba420d130 000078db20f662e9
0x000078dba420d140:   0000000000000003 000078db20f676c8 

Instructions: (pc=0x000078dba4e92b66)
0x000078dba4e92a66:   c3 66 0f 1f 84 00 00 00 00 00 48 83 c4 40 4c 89
0x000078dba4e92a76:   c9 41 5c 41 5d 41 5e 41 5f 5d e9 6b 93 ff ff 0f
0x000078dba4e92a86:   1f 00 4c 8d 7d a0 4d 89 c8 b9 b9 00 00 00 4c 89
0x000078dba4e92a96:   ff e8 34 8d ff ff 49 83 7c 24 08 00 75 ac 31 d2
0x000078dba4e92aa6:   4d 85 f6 74 26 48 8d 15 36 cc 95 00 49 8b 06 80
0x000078dba4e92ab6:   3a 00 0f 84 f2 00 00 00 8b 50 08 48 8d 05 b8 b3
0x000078dba4e92ac6:   95 00 8b 48 08 48 d3 e2 48 03 10 4d 89 e1 41 b8
0x000078dba4e92ad6:   01 00 00 00 4c 89 f9 4c 89 f6 4c 89 ef e8 98 f2
0x000078dba4e92ae6:   ff ff e9 63 ff ff ff 0f 1f 00 4c 8d 7d a0 4d 89
0x000078dba4e92af6:   c8 b9 b7 00 00 00 4c 89 ff e8 cc 8c ff ff 49 83
0x000078dba4e92b06:   7c 24 08 00 0f 85 40 ff ff ff 4c 89 e1 4c 89 fa
0x000078dba4e92b16:   4c 89 f6 4c 89 ef e8 2f da ff ff e9 2a ff ff ff
0x000078dba4e92b26:   66 2e 0f 1f 84 00 00 00 00 00 4c 8d 7d a0 4d 89
0x000078dba4e92b36:   c8 b9 b6 00 00 00 4c 89 ff e8 8c 8c ff ff 49 83
0x000078dba4e92b46:   7c 24 08 00 0f 85 00 ff ff ff 31 d2 4d 85 f6 74
0x000078dba4e92b56:   22 48 8d 15 8a cb 95 00 49 8b 06 80 3a 00 74 5a
0x000078dba4e92b66:   8b 50 08 48 8d 05 10 b3 95 00 8b 48 08 48 d3 e2
0x000078dba4e92b76:   48 03 10 4d 89 e1 41 b8 01 00 00 00 4c 89 f9 4c
0x000078dba4e92b86:   89 f6 4c 89 ef e8 c0 e5 ff ff e9 bb fe ff ff 0f
0x000078dba4e92b96:   1f 00 4c 89 e1 ba 01 00 00 00 4c 89 f6 4c 89 ef
0x000078dba4e92ba6:   e8 c5 f5 ff ff e9 a0 fe ff ff 48 8b 50 08 e9 18
0x000078dba4e92bb6:   ff ff ff 0f 1f 80 00 00 00 00 48 8b 50 08 eb b3
0x000078dba4e92bc6:   66 2e 0f 1f 84 00 00 00 00 00 31 c0 c3 66 66 66
0x000078dba4e92bd6:   66 2e 0f 1f 84 00 00 00 00 00 55 49 89 fa 48 89
0x000078dba4e92be6:   e5 48 81 ec d0 00 00 00 48 89 b5 58 ff ff ff 48
0x000078dba4e92bf6:   89 95 60 ff ff ff 48 89 8d 68 ff ff ff 4c 89 85
0x000078dba4e92c06:   70 ff ff ff 4c 89 8d 78 ff ff ff 84 c0 74 20 0f
0x000078dba4e92c16:   29 45 80 0f 29 4d 90 0f 29 55 a0 0f 29 5d b0 0f
0x000078dba4e92c26:   29 65 c0 0f 29 6d d0 0f 29 75 e0 0f 29 7d f0 48
0x000078dba4e92c36:   8d 45 10 48 8d 8d 38 ff ff ff 4c 89 d2 be 03 00
0x000078dba4e92c46:   00 00 48 89 85 40 ff ff ff 48 8d 3d aa 7f 9a 00
0x000078dba4e92c56:   48 8d 85 50 ff ff ff c7 85 38 ff ff ff 08 00 00 


Stack slot to memory mapping:

stack at sp + 0 slots: 0x000078db2b489728 is pointing into metadata
stack at sp + 1 slots: 0x000078db2b483f40 is pointing into metadata
stack at sp + 2 slots: 0x000078db2b00e740 is a pointer to class: 
java.lang.String {0x000078db2b00e740}
 - instance size:     3
 - klass size:        82
 - access:            public final synchronized 
 - flags:             rewritten has_nonstatic_fields has_nonstatic_concrete_methods is_shared_boot_class has_localvariable_table has_resolved_methods 
 - state:             fully_initialized
 - name:              'java/lang/String'
 - super:             'java/lang/Object'
 - sub:               
 - arrays:            'java/lang/String'[]
 - methods:           Array<T>(0x000078db2b629678)
 - method ordering:   Array<T>(0x000078db2b629bc0)
 - local interfaces:  Array<T>(0x000078db2b626888)
 - trans. interfaces: Array<T>(0x000078db2b626888)
 - constants:         constant pool [1443]/operands[28] {0x000078db2b6268d8} for 'java/lang/String' cache=0x000078db2b451dd0
 - class loader data:  loader data: 0x000078db9c132fc0 of 'bootstrap'
 - source file:       'String.java'
 - field annotations:       Array<T>(0x000078db2bbf2c98)
 - generic signature: 'Ljava/lang/Object;Ljava/io/Serializable;Ljava/lang/Comparable<Ljava/lang/String;>;Ljava/lang/CharSequence;Ljava/lang/constant/Constable;Ljava/lang/constant/ConstantDesc;'
 - inner classes:     Array<T>(0x000078db2b629638)
 - nest members:     Array<T>(0x000078db2b629ec8)
 - permitted subclasses:     Array<T>(0x000078db2b615b90)
 - java mirror:       a 'java/lang/Class'{0x00000007ffe803e0} = 'java/lang/String'
 - vtable length      5  (start addr: 0x000078db2b00e900)
 - itable length      20 (start addr: 0x000078db2b00e928)
 - ---- static fields (3 words):
 - private static final 'serialVersionUID' 'J' @120 
 - static final 'COMPACT_STRINGS' 'Z' @130 
 - private static final 'serialPersistentFields' '[Ljava/io/ObjectStreamField;' @112 
 - private static final 'REPL' 'C' @128 
 - public static final 'CASE_INSENSITIVE_ORDER' 'Ljava/util/Comparator;' @116 
 - static final 'LATIN1' 'B' @131 
 - static final 'UTF16' 'B' @132 
 - ---- non-static fields (3 words):
 - private 'hash' 'I' @12 
 - private final 'coder' 'B' @16 
 - private 'hashIsZero' 'Z' @17 
 - injected 'flags' 'B' @18 
 - private final 'value' '[B' @20 
 - non-static oop maps: 20-20 
stack at sp + 3 slots: 0x000078db2c1d1e80 is a pointer to class: 
org.jline.terminal.impl.jansi.JansiNativePty {0x000078db2c1d1e80}
 - instance size:     6
 - klass size:        102
 - access:            public synchronized abstract 
 - flags:             rewritten has_nonstatic_fields should_verify_class has_localvariable_table has_miranda_methods 
 - state:             fully_initialized
 - name:              'org/jline/terminal/impl/jansi/JansiNativePty'
 - super:             'org/jline/terminal/impl/AbstractPty'
 - sub:               'org/jline/terminal/impl/jansi/linux/LinuxNativePty'   
 - arrays:            null
 - methods:           Array<T>(0x000078db20f65f90)
 - method ordering:   Array<T>(0x000078db2bb30908)
 - local interfaces:  Array<T>(0x000078db20f65f80)
 - trans. interfaces: Array<T>(0x000078db20f67270)
 - constants:         constant pool [274] {0x000078db20f655d0} for 'org/jline/terminal/impl/jansi/JansiNativePty' cache=0x000078db20f676c8
 - class loader data:  loader data: 0x000078db9c18e510 for instance a 'jdk/internal/loader/ClassLoaders$AppClassLoader'{0x00000007ffeed038}
 - source file:       'JansiNativePty.java'
 - inner classes:     Array<T>(0x000078db20f67250)
 - nest members:     Array<T>(0x000078db2b615b90)
 - permitted subclasses:     Array<T>(0x000078db2b615b90)
 - java mirror:       a 'java/lang/Class'{0x0000000713692c00} = 'org/jline/terminal/impl/jansi/JansiNativePty'
 - vtable length      26  (start addr: 0x000078db2c1d2040)
 - itable length      18 (start addr: 0x000078db2c1d2110)
 - ---- static fields (0 words):
 - ---- non-static fields (8 words):
 - private 'current' 'Lorg/jline/terminal/Attributes;' @12 
 - private final 'master' 'I' @16 
 - private final 'slave' 'I' @20 
 - private final 'slaveOut' 'I' @24 
 - private final 'name' 'Ljava/lang/String;' @28 
 - private final 'masterFD' 'Ljava/io/FileDescriptor;' @32 
 - private final 'slaveFD' 'Ljava/io/FileDescriptor;' @36 
 - private final 'slaveOutFD' 'Ljava/io/FileDescriptor;' @40 
 - non-static oop maps: 12-12 28-40 
stack at sp + 4 slots: 0x0 is null
stack at sp + 5 slots: 0x0 is null
stack at sp + 6 slots: 0x000078db2b0a0101 is pointing into metadata
stack at sp + 7 slots: 0x000000000000000c is an unknown value


---------------  P R O C E S S  ---------------

Threads class SMR info:
_java_thread_list=0x000078db9c6a07d0, length=13, elements={
0x000078db9c02a7e0, 0x000078db9c15f220, 0x000078db9c1608a0, 0x000078db9c162020,
0x000078db9c163650, 0x000078db9c164be0, 0x000078db9c1666f0, 0x000078db9c167de0,
0x000078db9c193c30, 0x000078db9c196b50, 0x000078db9c41fd40, 0x000078db9c3c4120,
0x000078db9c69ff90
}

Java Threads: ( => current thread )
=>0x000078db9c02a7e0 JavaThread "main"                              [_thread_in_vm, id=7173, stack(0x000078dba4110000,0x000078dba4210000) (1024K)]
  0x000078db9c15f220 JavaThread "Reference Handler"          daemon [_thread_blocked, id=7181, stack(0x000078db80393000,0x000078db80493000) (1024K)]
  0x000078db9c1608a0 JavaThread "Finalizer"                  daemon [_thread_blocked, id=7182, stack(0x000078db80292000,0x000078db80392000) (1024K)]
  0x000078db9c162020 JavaThread "Signal Dispatcher"          daemon [_thread_blocked, id=7183, stack(0x000078db80191000,0x000078db80291000) (1024K)]
  0x000078db9c163650 JavaThread "Service Thread"             daemon [_thread_blocked, id=7184, stack(0x000078db80090000,0x000078db80190000) (1024K)]
  0x000078db9c164be0 JavaThread "Monitor Deflation Thread"   daemon [_thread_blocked, id=7185, stack(0x000078db2af00000,0x000078db2b000000) (1024K)]
  0x000078db9c1666f0 JavaThread "C2 CompilerThread0"         daemon [_thread_blocked, id=7186, stack(0x000078db2adff000,0x000078db2aeff000) (1024K)]
  0x000078db9c167de0 JavaThread "C1 CompilerThread0"         daemon [_thread_blocked, id=7187, stack(0x000078db2acfe000,0x000078db2adfe000) (1024K)]
  0x000078db9c193c30 JavaThread "Notification Thread"        daemon [_thread_blocked, id=7188, stack(0x000078db2ab2d000,0x000078db2ac2d000) (1024K)]
  0x000078db9c196b50 JavaThread "Common-Cleaner"             daemon [_thread_blocked, id=7189, stack(0x000078db2aa2c000,0x000078db2ab2c000) (1024K)]
  0x000078db9c41fd40 JavaThread "Keep-Alive-Timer"           daemon [_thread_blocked, id=7213, stack(0x000078db2a527000,0x000078db2a627000) (1024K)]
  0x000078db9c3c4120 JavaThread "Thread-24"                         [_thread_blocked, id=7301, stack(0x000078db29aca000,0x000078db29bca000) (1024K)]
  0x000078db9c69ff90 JavaThread "process reaper"             daemon [_thread_blocked, id=7357, stack(0x000078db93868000,0x000078db9388a000) (136K)]
Total: 13

Other Threads:
  0x000078db9c1536d0 VMThread "VM Thread"                           [id=7180, stack(0x000078db8077f000,0x000078db8087f000) (1024K)]
  0x000078db9c141cb0 WatcherThread "VM Periodic Task Thread"        [id=7179, stack(0x000078db80880000,0x000078db80980000) (1024K)]
  0x000078db9c0920f0 WorkerThread "GC Thread#0"                     [id=7174, stack(0x000078dba29fc000,0x000078dba2afc000) (1024K)]
  0x000078db18006b10 WorkerThread "GC Thread#1"                     [id=7198, stack(0x000078db2a82a000,0x000078db2a92a000) (1024K)]
  0x000078db18007620 WorkerThread "GC Thread#2"                     [id=7199, stack(0x000078db2a729000,0x000078db2a829000) (1024K)]
  0x000078db18008130 WorkerThread "GC Thread#3"                     [id=7200, stack(0x000078db2a628000,0x000078db2a728000) (1024K)]
  0x000078db9c0a30e0 ConcurrentGCThread "G1 Main Marker"            [id=7175, stack(0x000078dba28fb000,0x000078dba29fb000) (1024K)]
  0x000078db9c0a4080 WorkerThread "G1 Conc#0"                       [id=7176, stack(0x000078dba27fa000,0x000078dba28fa000) (1024K)]
  0x000078db9c126f90 ConcurrentGCThread "G1 Refine#0"               [id=7177, stack(0x000078dba01fd000,0x000078dba02fd000) (1024K)]
  0x000078db9c127f40 ConcurrentGCThread "G1 Service"                [id=7178, stack(0x000078dba00fc000,0x000078dba01fc000) (1024K)]
Total: 10

Threads with active compile tasks:
Total: 0

VM state: not at safepoint (normal execution)

VM Mutex/Monitor currently owned by a thread: None

Heap address: 0x0000000706000000, size: 4000 MB, Compressed Oops mode: Zero based, Oop shift amount: 3

CDS archive(s) mapped at: [0x000078db2b000000-0x000078db2bc97000-0x000078db2bc97000), size 13201408, SharedBaseAddress: 0x000078db2b000000, ArchiveRelocationMode: 1.
Compressed class space mapped at: 0x000078db2c000000-0x000078db6c000000, reserved size: 1073741824
Narrow klass base: 0x000078db2b000000, Narrow klass shift: 0, Narrow klass range: 0x100000000

GC Precious Log:
 CardTable entry size: 512
 Card Set container configuration: InlinePtr #cards 4 size 8 Array Of Cards #cards 16 size 48 Howl #buckets 8 coarsen threshold 3686 Howl Bitmap #cards 512 size 80 coarsen threshold 460 Card regions per heap region 1 cards per card region 4096
 CPUs: 4 total, 4 available
 Memory: 15995M
 Large Page Support: Disabled
 NUMA Support: Disabled
 Compressed Oops: Enabled (Zero based)
 Heap Region Size: 2M
 Heap Min Capacity: 8M
 Heap Initial Capacity: 250M
 Heap Max Capacity: 4000M
 Pre-touch: Disabled
 Parallel Workers: 4
 Concurrent Workers: 1
 Concurrent Refinement Workers: 4
 Periodic GC: Disabled

Heap:
 garbage-first heap   total 258048K, used 72201K [0x0000000706000000, 0x0000000800000000)
  region size 2048K, 19 young (38912K), 1 survivors (2048K)
 Metaspace       used 16963K, committed 17344K, reserved 1114112K
  class space    used 1816K, committed 1984K, reserved 1048576K

Heap Regions: E=young(eden), S=young(survivor), O=old, HS=humongous(starts), HC=humongous(continues), CS=collection set, F=free, TAMS=top-at-mark-start, PB=parsable bottom
|   0|0x0000000706000000, 0x0000000706200000, 0x0000000706200000|100%| O|  |TAMS 0x0000000706000000| PB 0x0000000706000000| Untracked 
|   1|0x0000000706200000, 0x0000000706400000, 0x0000000706400000|100%| O|  |TAMS 0x0000000706200000| PB 0x0000000706200000| Untracked 
|   2|0x0000000706400000, 0x0000000706600000, 0x0000000706600000|100%| O|  |TAMS 0x0000000706400000| PB 0x0000000706400000| Untracked 
|   3|0x0000000706600000, 0x000000070668abf0, 0x0000000706800000| 27%| O|  |TAMS 0x0000000706600000| PB 0x0000000706600000| Untracked 
|   4|0x0000000706800000, 0x0000000706a00000, 0x0000000706a00000|100%| O|  |TAMS 0x0000000706800000| PB 0x0000000706800000| Untracked 
|   5|0x0000000706a00000, 0x0000000706c00000, 0x0000000706c00000|100%|HS|  |TAMS 0x0000000706a00000| PB 0x0000000706a00000| Complete 
|   6|0x0000000706c00000, 0x0000000706e00000, 0x0000000706e00000|100%|HC|  |TAMS 0x0000000706c00000| PB 0x0000000706c00000| Complete 
|   7|0x0000000706e00000, 0x0000000707000000, 0x0000000707000000|100%|HC|  |TAMS 0x0000000706e00000| PB 0x0000000706e00000| Complete 
|   8|0x0000000707000000, 0x0000000707200000, 0x0000000707200000|100%|HS|  |TAMS 0x0000000707000000| PB 0x0000000707000000| Complete 
|   9|0x0000000707200000, 0x0000000707400000, 0x0000000707400000|100%|HC|  |TAMS 0x0000000707200000| PB 0x0000000707200000| Complete 
|  10|0x0000000707400000, 0x0000000707400000, 0x0000000707600000|  0%| F|  |TAMS 0x0000000707400000| PB 0x0000000707400000| Untracked 
|  11|0x0000000707600000, 0x0000000707600000, 0x0000000707800000|  0%| F|  |TAMS 0x0000000707600000| PB 0x0000000707600000| Untracked 
|  12|0x0000000707800000, 0x0000000707800000, 0x0000000707a00000|  0%| F|  |TAMS 0x0000000707800000| PB 0x0000000707800000| Untracked 
|  13|0x0000000707a00000, 0x0000000707a00000, 0x0000000707c00000|  0%| F|  |TAMS 0x0000000707a00000| PB 0x0000000707a00000| Untracked 
|  14|0x0000000707c00000, 0x0000000707c00000, 0x0000000707e00000|  0%| F|  |TAMS 0x0000000707c00000| PB 0x0000000707c00000| Untracked 
|  15|0x0000000707e00000, 0x0000000707e00000, 0x0000000708000000|  0%| F|  |TAMS 0x0000000707e00000| PB 0x0000000707e00000| Untracked 
|  16|0x0000000708000000, 0x0000000708000000, 0x0000000708200000|  0%| F|  |TAMS 0x0000000708000000| PB 0x0000000708000000| Untracked 
|  17|0x0000000708200000, 0x0000000708200000, 0x0000000708400000|  0%| F|  |TAMS 0x0000000708200000| PB 0x0000000708200000| Untracked 
|  18|0x0000000708400000, 0x0000000708400000, 0x0000000708600000|  0%| F|  |TAMS 0x0000000708400000| PB 0x0000000708400000| Untracked 
|  19|0x0000000708600000, 0x0000000708600000, 0x0000000708800000|  0%| F|  |TAMS 0x0000000708600000| PB 0x0000000708600000| Untracked 
|  20|0x0000000708800000, 0x0000000708800000, 0x0000000708a00000|  0%| F|  |TAMS 0x0000000708800000| PB 0x0000000708800000| Untracked 
|  21|0x0000000708a00000, 0x0000000708a00000, 0x0000000708c00000|  0%| F|  |TAMS 0x0000000708a00000| PB 0x0000000708a00000| Untracked 
|  22|0x0000000708c00000, 0x0000000708c00000, 0x0000000708e00000|  0%| F|  |TAMS 0x0000000708c00000| PB 0x0000000708c00000| Untracked 
|  23|0x0000000708e00000, 0x0000000708e00000, 0x0000000709000000|  0%| F|  |TAMS 0x0000000708e00000| PB 0x0000000708e00000| Untracked 
|  24|0x0000000709000000, 0x0000000709000000, 0x0000000709200000|  0%| F|  |TAMS 0x0000000709000000| PB 0x0000000709000000| Untracked 
|  25|0x0000000709200000, 0x0000000709200000, 0x0000000709400000|  0%| F|  |TAMS 0x0000000709200000| PB 0x0000000709200000| Untracked 
|  26|0x0000000709400000, 0x0000000709400000, 0x0000000709600000|  0%| F|  |TAMS 0x0000000709400000| PB 0x0000000709400000| Untracked 
|  27|0x0000000709600000, 0x0000000709600000, 0x0000000709800000|  0%| F|  |TAMS 0x0000000709600000| PB 0x0000000709600000| Untracked 
|  28|0x0000000709800000, 0x0000000709800000, 0x0000000709a00000|  0%| F|  |TAMS 0x0000000709800000| PB 0x0000000709800000| Untracked 
|  29|0x0000000709a00000, 0x0000000709a00000, 0x0000000709c00000|  0%| F|  |TAMS 0x0000000709a00000| PB 0x0000000709a00000| Untracked 
|  30|0x0000000709c00000, 0x0000000709c00000, 0x0000000709e00000|  0%| F|  |TAMS 0x0000000709c00000| PB 0x0000000709c00000| Untracked 
|  31|0x0000000709e00000, 0x0000000709e00000, 0x000000070a000000|  0%| F|  |TAMS 0x0000000709e00000| PB 0x0000000709e00000| Untracked 
|  32|0x000000070a000000, 0x000000070a000000, 0x000000070a200000|  0%| F|  |TAMS 0x000000070a000000| PB 0x000000070a000000| Untracked 
|  33|0x000000070a200000, 0x000000070a200000, 0x000000070a400000|  0%| F|  |TAMS 0x000000070a200000| PB 0x000000070a200000| Untracked 
|  34|0x000000070a400000, 0x000000070a400000, 0x000000070a600000|  0%| F|  |TAMS 0x000000070a400000| PB 0x000000070a400000| Untracked 
|  35|0x000000070a600000, 0x000000070a800000, 0x000000070a800000|100%|HS|  |TAMS 0x000000070a600000| PB 0x000000070a600000| Complete 
|  36|0x000000070a800000, 0x000000070aa00000, 0x000000070aa00000|100%|HC|  |TAMS 0x000000070a800000| PB 0x000000070a800000| Complete 
|  37|0x000000070aa00000, 0x000000070ac00000, 0x000000070ac00000|100%|HC|  |TAMS 0x000000070aa00000| PB 0x000000070aa00000| Complete 
|  38|0x000000070ac00000, 0x000000070ae00000, 0x000000070ae00000|100%|HC|  |TAMS 0x000000070ac00000| PB 0x000000070ac00000| Complete 
|  39|0x000000070ae00000, 0x000000070b000000, 0x000000070b000000|100%|HC|  |TAMS 0x000000070ae00000| PB 0x000000070ae00000| Complete 
|  40|0x000000070b000000, 0x000000070b000000, 0x000000070b200000|  0%| F|  |TAMS 0x000000070b000000| PB 0x000000070b000000| Untracked 
|  41|0x000000070b200000, 0x000000070b400000, 0x000000070b400000|100%| O|  |TAMS 0x000000070b200000| PB 0x000000070b200000| Untracked 
|  42|0x000000070b400000, 0x000000070b600000, 0x000000070b600000|100%| O|  |TAMS 0x000000070b400000| PB 0x000000070b400000| Untracked 
|  43|0x000000070b600000, 0x000000070b800000, 0x000000070b800000|100%| O|  |TAMS 0x000000070b600000| PB 0x000000070b600000| Untracked 
|  44|0x000000070b800000, 0x000000070b800000, 0x000000070ba00000|  0%| F|  |TAMS 0x000000070b800000| PB 0x000000070b800000| Untracked 
|  45|0x000000070ba00000, 0x000000070ba00000, 0x000000070bc00000|  0%| F|  |TAMS 0x000000070ba00000| PB 0x000000070ba00000| Untracked 
|  46|0x000000070bc00000, 0x000000070bc00000, 0x000000070be00000|  0%| F|  |TAMS 0x000000070bc00000| PB 0x000000070bc00000| Untracked 
|  47|0x000000070be00000, 0x000000070be00000, 0x000000070c000000|  0%| F|  |TAMS 0x000000070be00000| PB 0x000000070be00000| Untracked 
|  48|0x000000070c000000, 0x000000070c000000, 0x000000070c200000|  0%| F|  |TAMS 0x000000070c000000| PB 0x000000070c000000| Untracked 
|  49|0x000000070c200000, 0x000000070c200000, 0x000000070c400000|  0%| F|  |TAMS 0x000000070c200000| PB 0x000000070c200000| Untracked 
|  50|0x000000070c400000, 0x000000070c400000, 0x000000070c600000|  0%| F|  |TAMS 0x000000070c400000| PB 0x000000070c400000| Untracked 
|  51|0x000000070c600000, 0x000000070c600000, 0x000000070c800000|  0%| F|  |TAMS 0x000000070c600000| PB 0x000000070c600000| Untracked 
|  52|0x000000070c800000, 0x000000070c800000, 0x000000070ca00000|  0%| F|  |TAMS 0x000000070c800000| PB 0x000000070c800000| Untracked 
|  53|0x000000070ca00000, 0x000000070ca00000, 0x000000070cc00000|  0%| F|  |TAMS 0x000000070ca00000| PB 0x000000070ca00000| Untracked 
|  54|0x000000070cc00000, 0x000000070cc00000, 0x000000070ce00000|  0%| F|  |TAMS 0x000000070cc00000| PB 0x000000070cc00000| Untracked 
|  55|0x000000070ce00000, 0x000000070ce00000, 0x000000070d000000|  0%| F|  |TAMS 0x000000070ce00000| PB 0x000000070ce00000| Untracked 
|  56|0x000000070d000000, 0x000000070d000000, 0x000000070d200000|  0%| F|  |TAMS 0x000000070d000000| PB 0x000000070d000000| Untracked 
|  57|0x000000070d200000, 0x000000070d200000, 0x000000070d400000|  0%| F|  |TAMS 0x000000070d200000| PB 0x000000070d200000| Untracked 
|  58|0x000000070d400000, 0x000000070d400000, 0x000000070d600000|  0%| F|  |TAMS 0x000000070d400000| PB 0x000000070d400000| Untracked 
|  59|0x000000070d600000, 0x000000070d600000, 0x000000070d800000|  0%| F|  |TAMS 0x000000070d600000| PB 0x000000070d600000| Untracked 
|  60|0x000000070d800000, 0x000000070d800000, 0x000000070da00000|  0%| F|  |TAMS 0x000000070d800000| PB 0x000000070d800000| Untracked 
|  61|0x000000070da00000, 0x000000070da00000, 0x000000070dc00000|  0%| F|  |TAMS 0x000000070da00000| PB 0x000000070da00000| Untracked 
|  62|0x000000070dc00000, 0x000000070dc00000, 0x000000070de00000|  0%| F|  |TAMS 0x000000070dc00000| PB 0x000000070dc00000| Untracked 
|  63|0x000000070de00000, 0x000000070de00000, 0x000000070e000000|  0%| F|  |TAMS 0x000000070de00000| PB 0x000000070de00000| Untracked 
|  64|0x000000070e000000, 0x000000070e000000, 0x000000070e200000|  0%| F|  |TAMS 0x000000070e000000| PB 0x000000070e000000| Untracked 
|  65|0x000000070e200000, 0x000000070e200000, 0x000000070e400000|  0%| F|  |TAMS 0x000000070e200000| PB 0x000000070e200000| Untracked 
|  66|0x000000070e400000, 0x000000070e400000, 0x000000070e600000|  0%| F|  |TAMS 0x000000070e400000| PB 0x000000070e400000| Untracked 
|  67|0x000000070e600000, 0x000000070e600000, 0x000000070e800000|  0%| F|  |TAMS 0x000000070e600000| PB 0x000000070e600000| Untracked 
|  68|0x000000070e800000, 0x000000070e800000, 0x000000070ea00000|  0%| F|  |TAMS 0x000000070e800000| PB 0x000000070e800000| Untracked 
|  69|0x000000070ea00000, 0x000000070ea00000, 0x000000070ec00000|  0%| F|  |TAMS 0x000000070ea00000| PB 0x000000070ea00000| Untracked 
|  70|0x000000070ec00000, 0x000000070ec00000, 0x000000070ee00000|  0%| F|  |TAMS 0x000000070ec00000| PB 0x000000070ec00000| Untracked 
|  71|0x000000070ee00000, 0x000000070ee00000, 0x000000070f000000|  0%| F|  |TAMS 0x000000070ee00000| PB 0x000000070ee00000| Untracked 
|  72|0x000000070f000000, 0x000000070f000000, 0x000000070f200000|  0%| F|  |TAMS 0x000000070f000000| PB 0x000000070f000000| Untracked 
|  73|0x000000070f200000, 0x000000070f200000, 0x000000070f400000|  0%| F|  |TAMS 0x000000070f200000| PB 0x000000070f200000| Untracked 
|  74|0x000000070f400000, 0x000000070f400000, 0x000000070f600000|  0%| F|  |TAMS 0x000000070f400000| PB 0x000000070f400000| Untracked 
|  75|0x000000070f600000, 0x000000070f600000, 0x000000070f800000|  0%| F|  |TAMS 0x000000070f600000| PB 0x000000070f600000| Untracked 
|  76|0x000000070f800000, 0x000000070f800000, 0x000000070fa00000|  0%| F|  |TAMS 0x000000070f800000| PB 0x000000070f800000| Untracked 
|  77|0x000000070fa00000, 0x000000070fa00000, 0x000000070fc00000|  0%| F|  |TAMS 0x000000070fa00000| PB 0x000000070fa00000| Untracked 
|  78|0x000000070fc00000, 0x000000070fc00000, 0x000000070fe00000|  0%| F|  |TAMS 0x000000070fc00000| PB 0x000000070fc00000| Untracked 
|  79|0x000000070fe00000, 0x000000070fe00000, 0x0000000710000000|  0%| F|  |TAMS 0x000000070fe00000| PB 0x000000070fe00000| Untracked 
|  80|0x0000000710000000, 0x0000000710000000, 0x0000000710200000|  0%| F|  |TAMS 0x0000000710000000| PB 0x0000000710000000| Untracked 
|  81|0x0000000710200000, 0x0000000710200000, 0x0000000710400000|  0%| F|  |TAMS 0x0000000710200000| PB 0x0000000710200000| Untracked 
|  82|0x0000000710400000, 0x0000000710400000, 0x0000000710600000|  0%| F|  |TAMS 0x0000000710400000| PB 0x0000000710400000| Untracked 
|  83|0x0000000710600000, 0x0000000710600000, 0x0000000710800000|  0%| F|  |TAMS 0x0000000710600000| PB 0x0000000710600000| Untracked 
|  84|0x0000000710800000, 0x0000000710800000, 0x0000000710a00000|  0%| F|  |TAMS 0x0000000710800000| PB 0x0000000710800000| Untracked 
|  85|0x0000000710a00000, 0x0000000710a00000, 0x0000000710c00000|  0%| F|  |TAMS 0x0000000710a00000| PB 0x0000000710a00000| Untracked 
|  86|0x0000000710c00000, 0x0000000710ceb1b8, 0x0000000710e00000| 45%| S|CS|TAMS 0x0000000710c00000| PB 0x0000000710c00000| Complete 
|  87|0x0000000710e00000, 0x0000000710e00000, 0x0000000711000000|  0%| F|  |TAMS 0x0000000710e00000| PB 0x0000000710e00000| Untracked 
|  88|0x0000000711000000, 0x0000000711000000, 0x0000000711200000|  0%| F|  |TAMS 0x0000000711000000| PB 0x0000000711000000| Untracked 
|  89|0x0000000711200000, 0x0000000711200000, 0x0000000711400000|  0%| F|  |TAMS 0x0000000711200000| PB 0x0000000711200000| Untracked 
|  90|0x0000000711400000, 0x0000000711400000, 0x0000000711600000|  0%| F|  |TAMS 0x0000000711400000| PB 0x0000000711400000| Untracked 
|  91|0x0000000711600000, 0x0000000711600000, 0x0000000711800000|  0%| F|  |TAMS 0x0000000711600000| PB 0x0000000711600000| Untracked 
|  92|0x0000000711800000, 0x0000000711800000, 0x0000000711a00000|  0%| F|  |TAMS 0x0000000711800000| PB 0x0000000711800000| Untracked 
|  93|0x0000000711a00000, 0x0000000711a00000, 0x0000000711c00000|  0%| F|  |TAMS 0x0000000711a00000| PB 0x0000000711a00000| Untracked 
|  94|0x0000000711c00000, 0x0000000711c00000, 0x0000000711e00000|  0%| F|  |TAMS 0x0000000711c00000| PB 0x0000000711c00000| Untracked 
|  95|0x0000000711e00000, 0x0000000711e00000, 0x0000000712000000|  0%| F|  |TAMS 0x0000000711e00000| PB 0x0000000711e00000| Untracked 
|  96|0x0000000712000000, 0x0000000712000000, 0x0000000712200000|  0%| F|  |TAMS 0x0000000712000000| PB 0x0000000712000000| Untracked 
|  97|0x0000000712200000, 0x0000000712200000, 0x0000000712400000|  0%| F|  |TAMS 0x0000000712200000| PB 0x0000000712200000| Untracked 
|  98|0x0000000712400000, 0x0000000712400000, 0x0000000712600000|  0%| F|  |TAMS 0x0000000712400000| PB 0x0000000712400000| Untracked 
|  99|0x0000000712600000, 0x0000000712600000, 0x0000000712800000|  0%| F|  |TAMS 0x0000000712600000| PB 0x0000000712600000| Untracked 
| 100|0x0000000712800000, 0x0000000712800000, 0x0000000712a00000|  0%| F|  |TAMS 0x0000000712800000| PB 0x0000000712800000| Untracked 
| 101|0x0000000712a00000, 0x0000000712a00000, 0x0000000712c00000|  0%| F|  |TAMS 0x0000000712a00000| PB 0x0000000712a00000| Untracked 
| 102|0x0000000712c00000, 0x0000000712c00000, 0x0000000712e00000|  0%| F|  |TAMS 0x0000000712c00000| PB 0x0000000712c00000| Untracked 
| 103|0x0000000712e00000, 0x0000000712e00000, 0x0000000713000000|  0%| F|  |TAMS 0x0000000712e00000| PB 0x0000000712e00000| Untracked 
| 104|0x0000000713000000, 0x0000000713000000, 0x0000000713200000|  0%| F|  |TAMS 0x0000000713000000| PB 0x0000000713000000| Untracked 
| 105|0x0000000713200000, 0x0000000713200000, 0x0000000713400000|  0%| F|  |TAMS 0x0000000713200000| PB 0x0000000713200000| Untracked 
| 106|0x0000000713400000, 0x0000000713400000, 0x0000000713600000|  0%| F|  |TAMS 0x0000000713400000| PB 0x0000000713400000| Untracked 
| 107|0x0000000713600000, 0x00000007137bd720, 0x0000000713800000| 87%| E|  |TAMS 0x0000000713600000| PB 0x0000000713600000| Complete 
| 108|0x0000000713800000, 0x0000000713a00000, 0x0000000713a00000|100%| E|CS|TAMS 0x0000000713800000| PB 0x0000000713800000| Complete 
| 109|0x0000000713a00000, 0x0000000713c00000, 0x0000000713c00000|100%| E|CS|TAMS 0x0000000713a00000| PB 0x0000000713a00000| Complete 
| 110|0x0000000713c00000, 0x0000000713e00000, 0x0000000713e00000|100%| E|CS|TAMS 0x0000000713c00000| PB 0x0000000713c00000| Complete 
| 111|0x0000000713e00000, 0x0000000714000000, 0x0000000714000000|100%| E|CS|TAMS 0x0000000713e00000| PB 0x0000000713e00000| Complete 
| 112|0x0000000714000000, 0x0000000714200000, 0x0000000714200000|100%| E|CS|TAMS 0x0000000714000000| PB 0x0000000714000000| Complete 
| 113|0x0000000714200000, 0x0000000714400000, 0x0000000714400000|100%| E|CS|TAMS 0x0000000714200000| PB 0x0000000714200000| Complete 
| 114|0x0000000714400000, 0x0000000714600000, 0x0000000714600000|100%| E|CS|TAMS 0x0000000714400000| PB 0x0000000714400000| Complete 
| 115|0x0000000714600000, 0x0000000714800000, 0x0000000714800000|100%| E|CS|TAMS 0x0000000714600000| PB 0x0000000714600000| Complete 
| 116|0x0000000714800000, 0x0000000714a00000, 0x0000000714a00000|100%| E|CS|TAMS 0x0000000714800000| PB 0x0000000714800000| Complete 
| 117|0x0000000714a00000, 0x0000000714c00000, 0x0000000714c00000|100%| E|CS|TAMS 0x0000000714a00000| PB 0x0000000714a00000| Complete 
| 118|0x0000000714c00000, 0x0000000714e00000, 0x0000000714e00000|100%| E|CS|TAMS 0x0000000714c00000| PB 0x0000000714c00000| Complete 
| 119|0x0000000714e00000, 0x0000000715000000, 0x0000000715000000|100%| E|CS|TAMS 0x0000000714e00000| PB 0x0000000714e00000| Complete 
| 120|0x0000000715000000, 0x0000000715200000, 0x0000000715200000|100%| E|CS|TAMS 0x0000000715000000| PB 0x0000000715000000| Complete 
| 121|0x0000000715200000, 0x0000000715400000, 0x0000000715400000|100%| E|CS|TAMS 0x0000000715200000| PB 0x0000000715200000| Complete 
| 122|0x0000000715400000, 0x0000000715600000, 0x0000000715600000|100%| E|CS|TAMS 0x0000000715400000| PB 0x0000000715400000| Complete 
| 123|0x0000000715600000, 0x0000000715800000, 0x0000000715800000|100%| E|CS|TAMS 0x0000000715600000| PB 0x0000000715600000| Complete 
| 124|0x0000000715800000, 0x0000000715a00000, 0x0000000715a00000|100%| E|CS|TAMS 0x0000000715800000| PB 0x0000000715800000| Complete 
|1999|0x00000007ffe00000, 0x00000007fff0c710, 0x0000000800000000| 52%| O|  |TAMS 0x00000007ffe00000| PB 0x00000007ffe00000| Untracked 

Card table byte_map: [0x000078dba2b3f000,0x000078dba330f000] _byte_map_base: 0x000078db9f30f000

Marking Bits: (CMBitMap*) 0x000078db9c092c10
 Bits: [0x000078db80980000, 0x000078db84800000)

Polling page: 0x000078dba5aa3000

Metaspace:

Usage:
  Non-class:     14.79 MB used.
      Class:      1.77 MB used.
       Both:     16.57 MB used.

Virtual space:
  Non-class space:       64.00 MB reserved,      15.00 MB ( 23%) committed,  1 nodes.
      Class space:        1.00 GB reserved,       1.94 MB ( <1%) committed,  1 nodes.
             Both:        1.06 GB reserved,      16.94 MB (  2%) committed. 

Chunk freelists:
   Non-Class:  546.00 KB
       Class:  14.04 MB
        Both:  14.57 MB

MaxMetaspaceSize: unlimited
CompressedClassSpaceSize: 1.00 GB
Initial GC threshold: 21.00 MB
Current GC threshold: 21.00 MB
CDS: on
 - commit_granule_bytes: 65536.
 - commit_granule_words: 8192.
 - virtual_space_node_default_size: 8388608.
 - enlarge_chunks_in_place: 1.
 - use_allocation_guard: 0.


Internal statistics:

num_allocs_failed_limit: 0.
num_arena_births: 308.
num_arena_deaths: 0.
num_vsnodes_births: 2.
num_vsnodes_deaths: 0.
num_space_committed: 271.
num_space_uncommitted: 0.
num_chunks_returned_to_freelist: 0.
num_chunks_taken_from_freelist: 580.
num_chunk_merges: 0.
num_chunk_splits: 372.
num_chunks_enlarged: 229.
num_inconsistent_stats: 0.

CodeHeap 'non-profiled nmethods': size=120032Kb used=1738Kb max_used=1738Kb free=118293Kb
 bounds [0x000078db8c2c8000, 0x000078db8c538000, 0x000078db93800000]
CodeHeap 'profiled nmethods': size=120028Kb used=5508Kb max_used=5508Kb free=114519Kb
 bounds [0x000078db84800000, 0x000078db84d70000, 0x000078db8bd37000]
CodeHeap 'non-nmethods': size=5700Kb used=1478Kb max_used=1496Kb free=4221Kb
 bounds [0x000078db8bd37000, 0x000078db8bfa7000, 0x000078db8c2c8000]
 total_blobs=3516 nmethods=2949 adapters=472
 compilation: enabled
              stopped_count=0, restarted_count=0
 full_count=0

Compilation events (20 events):
Event: 11.221 Thread 0x000078db9c167de0 2936       3       java.util.jar.JavaUtilJarAccessImpl::ensureInitialization (5 bytes)
Event: 11.221 Thread 0x000078db9c167de0 nmethod 2936 0x000078db84d57490 code [0x000078db84d57640, 0x000078db84d57808]
Event: 11.221 Thread 0x000078db9c167de0 2934       3       java.util.concurrent.ConcurrentHashMap$BaseIterator::<init> (21 bytes)
Event: 11.222 Thread 0x000078db9c167de0 nmethod 2934 0x000078db84d57910 code [0x000078db84d57ac0, 0x000078db84d57c98]
Event: 11.222 Thread 0x000078db9c167de0 2937       3       jdk.internal.loader.Resource::getByteBuffer (24 bytes)
Event: 11.222 Thread 0x000078db9c167de0 nmethod 2937 0x000078db84d57d90 code [0x000078db84d57f80, 0x000078db84d58678]
Event: 11.222 Thread 0x000078db9c167de0 2938       3       jdk.internal.loader.URLClassPath$JarLoader$2::getCodeSigners (8 bytes)
Event: 11.222 Thread 0x000078db9c167de0 nmethod 2938 0x000078db84d58810 code [0x000078db84d589c0, 0x000078db84d58b98]
Event: 11.223 Thread 0x000078db9c1666f0 nmethod 2892 0x000078db8c472590 code [0x000078db8c472800, 0x000078db8c473a70]
Event: 11.223 Thread 0x000078db9c1666f0 2901       4       jdk.internal.org.objectweb.asm.Frame::execute (2305 bytes)
Event: 11.228 Thread 0x000078db9c167de0 2941       3       jdk.internal.org.objectweb.asm.ClassWriter::visit (160 bytes)
Event: 11.229 Thread 0x000078db9c167de0 nmethod 2941 0x000078db84d58c90 code [0x000078db84d58ec0, 0x000078db84d596b0]
Event: 11.229 Thread 0x000078db9c167de0 2942       3       jdk.internal.org.objectweb.asm.SymbolTable::setMajorVersionAndClassName (19 bytes)
Event: 11.229 Thread 0x000078db9c167de0 nmethod 2942 0x000078db84d59b10 code [0x000078db84d59cc0, 0x000078db84d59ec8]
Event: 11.231 Thread 0x000078db9c167de0 2945       3       jdk.internal.org.objectweb.asm.ClassWriter::toByteArray (1517 bytes)
Event: 11.235 Thread 0x000078db9c167de0 nmethod 2945 0x000078db84d5a010 code [0x000078db84d5a980, 0x000078db84d5e668]
Event: 11.236 Thread 0x000078db9c167de0 2949       3       java.lang.invoke.MethodHandleNatives::refKindIsMethod (19 bytes)
Event: 11.236 Thread 0x000078db9c167de0 nmethod 2949 0x000078db84d60610 code [0x000078db84d607c0, 0x000078db84d609e0]
Event: 11.236 Thread 0x000078db9c167de0 2950       3       java.lang.invoke.TypeConvertingMethodAdapter::cast (42 bytes)
Event: 11.236 Thread 0x000078db9c167de0 nmethod 2950 0x000078db84d60a90 code [0x000078db84d60c80, 0x000078db84d610c8]

GC Heap History (8 events):
Event: 0.680 GC heap before
{Heap before GC invocations=0 (full 0):
 garbage-first heap   total 258048K, used 13361K [0x0000000706000000, 0x0000000800000000)
  region size 2048K, 6 young (12288K), 0 survivors (0K)
 Metaspace       used 7270K, committed 7488K, reserved 1114112K
  class space    used 767K, committed 896K, reserved 1048576K
}
Event: 0.686 GC heap after
{Heap after GC invocations=1 (full 0):
 garbage-first heap   total 258048K, used 4412K [0x0000000706000000, 0x0000000800000000)
  region size 2048K, 1 young (2048K), 1 survivors (2048K)
 Metaspace       used 7270K, committed 7488K, reserved 1114112K
  class space    used 767K, committed 896K, reserved 1048576K
}
Event: 2.156 GC heap before
{Heap before GC invocations=1 (full 0):
 garbage-first heap   total 258048K, used 20796K [0x0000000706000000, 0x0000000800000000)
  region size 2048K, 7 young (14336K), 1 survivors (2048K)
 Metaspace       used 8953K, committed 9280K, reserved 1114112K
  class space    used 935K, committed 1088K, reserved 1048576K
}
Event: 2.159 GC heap after
{Heap after GC invocations=2 (full 0):
 garbage-first heap   total 258048K, used 5125K [0x0000000706000000, 0x0000000800000000)
  region size 2048K, 1 young (2048K), 1 survivors (2048K)
 Metaspace       used 8953K, committed 9280K, reserved 1114112K
  class space    used 935K, committed 1088K, reserved 1048576K
}
Event: 9.479 GC heap before
{Heap before GC invocations=2 (full 0):
 garbage-first heap   total 258048K, used 125957K [0x0000000706000000, 0x0000000800000000)
  region size 2048K, 22 young (45056K), 1 survivors (2048K)
 Metaspace       used 10221K, committed 10496K, reserved 1114112K
  class space    used 1033K, committed 1152K, reserved 1048576K
}
Event: 9.483 GC heap after
{Heap after GC invocations=3 (full 0):
 garbage-first heap   total 258048K, used 26625K [0x0000000706000000, 0x0000000800000000)
  region size 2048K, 3 young (6144K), 3 survivors (6144K)
 Metaspace       used 10221K, committed 10496K, reserved 1114112K
  class space    used 1033K, committed 1152K, reserved 1048576K
}
Event: 10.155 GC heap before
{Heap before GC invocations=3 (full 0):
 garbage-first heap   total 258048K, used 96257K [0x0000000706000000, 0x0000000800000000)
  region size 2048K, 38 young (77824K), 3 survivors (6144K)
 Metaspace       used 10282K, committed 10560K, reserved 1114112K
  class space    used 1034K, committed 1152K, reserved 1048576K
}
Event: 10.157 GC heap after
{Heap after GC invocations=4 (full 0):
 garbage-first heap   total 258048K, used 27145K [0x0000000706000000, 0x0000000800000000)
  region size 2048K, 1 young (2048K), 1 survivors (2048K)
 Metaspace       used 10282K, committed 10560K, reserved 1114112K
  class space    used 1034K, committed 1152K, reserved 1048576K
}

Dll operation events (13 events):
Event: 0.002 Loaded shared library /usr/local/sdkman/candidates/java/21.0.7-ms/lib/libjava.so
Event: 0.021 Loaded shared library /usr/local/sdkman/candidates/java/21.0.7-ms/lib/libjsvml.so
Event: 0.026 Loaded shared library /usr/local/sdkman/candidates/java/21.0.7-ms/lib/libnio.so
Event: 0.029 Loaded shared library /usr/local/sdkman/candidates/java/21.0.7-ms/lib/libzip.so
Event: 0.043 Loaded shared library /usr/local/sdkman/candidates/java/21.0.7-ms/lib/libinstrument.so
Event: 0.063 Loaded shared library /usr/local/sdkman/candidates/java/21.0.7-ms/lib/libjimage.so
Event: 0.070 Loaded shared library /usr/local/sdkman/candidates/java/21.0.7-ms/lib/libnet.so
Event: 0.149 Loaded shared library /usr/local/sdkman/candidates/java/21.0.7-ms/lib/libmanagement.so
Event: 0.211 Loaded shared library /usr/local/sdkman/candidates/java/21.0.7-ms/lib/libmanagement_ext.so
Event: 0.551 Loaded shared library /usr/local/sdkman/candidates/java/21.0.7-ms/lib/libextnet.so
Event: 1.541 Loaded shared library /usr/local/sdkman/candidates/java/21.0.7-ms/lib/libzip.so
Event: 5.666 Loaded shared library /usr/local/sdkman/candidates/java/21.0.7-ms/lib/libverify.so
Event: 11.238 Loaded shared library /tmp/libjansi-64-13895067741261406116.so

Deoptimization events (20 events):
Event: 11.145 Thread 0x000078db9c02a7e0 Uncommon trap: trap_request=0xffffff45 fr.pc=0x000078db8c43b35c relative=0x000000000000059c
Event: 11.145 Thread 0x000078db9c02a7e0 Uncommon trap: reason=unstable_if action=reinterpret pc=0x000078db8c43b35c method=java.util.zip.ZipFile$Source.getEntryPos(Ljava/lang/String;Z)I @ 105 c2
Event: 11.145 Thread 0x000078db9c02a7e0 DEOPT PACKING pc=0x000078db8c43b35c sp=0x000078dba420d460
Event: 11.145 Thread 0x000078db9c02a7e0 DEOPT UNPACKING pc=0x000078db8bd8af99 sp=0x000078dba420d418 mode 2
Event: 11.164 Thread 0x000078db9c02a7e0 Uncommon trap: trap_request=0xffffff45 fr.pc=0x000078db8c454040 relative=0x0000000000000320
Event: 11.164 Thread 0x000078db9c02a7e0 Uncommon trap: reason=unstable_if action=reinterpret pc=0x000078db8c454040 method=jdk.internal.org.objectweb.asm.SymbolTable.put(Ljdk/internal/org/objectweb/asm/SymbolTable$Entry;)Ljdk/internal/org/objectweb/asm/SymbolTable$Entry; @ 13 c2
Event: 11.164 Thread 0x000078db9c02a7e0 DEOPT PACKING pc=0x000078db8c454040 sp=0x000078dba420c7e0
Event: 11.164 Thread 0x000078db9c02a7e0 DEOPT UNPACKING pc=0x000078db8bd8af99 sp=0x000078dba420c760 mode 2
Event: 11.171 Thread 0x000078db9c02a7e0 Uncommon trap: trap_request=0xffffff45 fr.pc=0x000078db8c44c814 relative=0x00000000000000f4
Event: 11.171 Thread 0x000078db9c02a7e0 Uncommon trap: reason=unstable_if action=reinterpret pc=0x000078db8c44c814 method=sun.reflect.generics.parser.SignatureParser.current()C @ 39 c2
Event: 11.171 Thread 0x000078db9c02a7e0 DEOPT PACKING pc=0x000078db8c44c814 sp=0x000078dba420c5a0
Event: 11.171 Thread 0x000078db9c02a7e0 DEOPT UNPACKING pc=0x000078db8bd8af99 sp=0x000078dba420c558 mode 2
Event: 11.218 Thread 0x000078db9c02a7e0 Uncommon trap: trap_request=0xffffff45 fr.pc=0x000078db8c45f1c4 relative=0x00000000000008a4
Event: 11.218 Thread 0x000078db9c02a7e0 Uncommon trap: reason=unstable_if action=reinterpret pc=0x000078db8c45f1c4 method=java.util.Properties$LineReader.readLine()I @ 256 c2
Event: 11.218 Thread 0x000078db9c02a7e0 DEOPT PACKING pc=0x000078db8c45f1c4 sp=0x000078dba420cae0
Event: 11.218 Thread 0x000078db9c02a7e0 DEOPT UNPACKING pc=0x000078db8bd8af99 sp=0x000078dba420ca78 mode 2
Event: 11.222 Thread 0x000078db9c02a7e0 Uncommon trap: trap_request=0xffffffde fr.pc=0x000078db8c412fa4 relative=0x0000000000000b04
Event: 11.222 Thread 0x000078db9c02a7e0 Uncommon trap: reason=class_check action=maybe_recompile pc=0x000078db8c412fa4 method=java.io.FilterInputStream.read([B)I @ 5 c2
Event: 11.222 Thread 0x000078db9c02a7e0 DEOPT PACKING pc=0x000078db8c412fa4 sp=0x000078dba420c480
Event: 11.222 Thread 0x000078db9c02a7e0 DEOPT UNPACKING pc=0x000078db8bd8af99 sp=0x000078dba420c468 mode 2

Classes loaded (20 events):
Event: 11.235 Loading class java/util/concurrent/CompletableFuture$AsynchronousCompletionTask done
Event: 11.235 Loading class java/util/concurrent/CompletableFuture$Completion done
Event: 11.235 Loading class java/lang/ProcessHandleImpl$1
Event: 11.236 Loading class java/lang/ProcessHandleImpl$1 done
Event: 11.236 Loading class java/util/concurrent/ThreadPoolExecutor$Worker
Event: 11.236 Loading class java/util/concurrent/ThreadPoolExecutor$Worker done
Event: 11.237 Loading class java/util/concurrent/CompletableFuture$UniHandle
Event: 11.237 Loading class java/util/concurrent/CompletableFuture$UniCompletion
Event: 11.238 Loading class java/util/concurrent/CompletableFuture$UniCompletion done
Event: 11.238 Loading class java/util/concurrent/CompletableFuture$UniHandle done
Event: 11.238 Loading class java/lang/ProcessBuilder$NullInputStream
Event: 11.238 Loading class java/lang/ProcessBuilder$NullInputStream done
Event: 11.238 Loading class java/lang/ProcessBuilder$NullOutputStream
Event: 11.238 Loading class java/lang/ProcessBuilder$NullOutputStream done
Event: 11.238 Loading class jdk/internal/event/ProcessStartEvent
Event: 11.238 Loading class jdk/internal/event/ProcessStartEvent done
Event: 11.238 Loading class java/io/DeleteOnExitHook
Event: 11.238 Loading class java/io/DeleteOnExitHook done
Event: 11.238 Loading class java/io/DeleteOnExitHook$1
Event: 11.238 Loading class java/io/DeleteOnExitHook$1 done

Classes unloaded (0 events):
No events

Classes redefined (0 events):
No events

Internal exceptions (20 events):
Event: 11.144 Thread 0x000078db9c02a7e0 Exception <a 'java/lang/NoSuchMethodError'{0x0000000713eb6518}: 'java.lang.Object java.lang.invoke.DirectMethodHandle$Holder.newInvokeSpecial(java.lang.Object, long, java.lang.Object, java.lang.Object)'> (0x0000000713eb6518) 
thrown [src/hotspot/share/interpreter/linkResolver.cpp, line 772]
Event: 11.144 Thread 0x000078db9c02a7e0 Exception <a 'java/lang/NoSuchMethodError'{0x0000000713eba478}: 'java.lang.Object java.lang.invoke.DirectMethodHandle$Holder.invokeSpecial(java.lang.Object, java.lang.Object, long, java.lang.Object, java.lang.Object)'> (0x0000000713eba478) 
thrown [src/hotspot/share/interpreter/linkResolver.cpp, line 772]
Event: 11.167 Thread 0x000078db9c02a7e0 Exception <a 'java/lang/NoSuchMethodError'{0x0000000713bc5f70}: 'java.lang.Object java.lang.invoke.DirectMethodHandle$Holder.newInvokeSpecial(java.lang.Object, java.lang.Object, java.lang.Object, java.lang.Object, java.lang.Object)'> (0x0000000713bc5f70) 
thrown [src/hotspot/share/interpreter/linkResolver.cpp, line 772]
Event: 11.178 Thread 0x000078db9c02a7e0 Exception <a 'java/lang/NoSuchMethodError'{0x0000000713846758}: 'java.lang.Object java.lang.invoke.Invokers$Holder.invokeExact_MT(java.lang.Object, java.lang.Object, java.lang.Object, java.lang.Object, java.lang.Object, java.lang.Object)'> (0x0000000713846758) 
thrown [src/hotspot/share/interpreter/linkResolver.cpp, line 772]
Event: 11.192 Thread 0x000078db9c02a7e0 Exception <a 'java/lang/NoSuchMethodError'{0x00000007138e0cc8}: 'int java.lang.invoke.DirectMethodHandle$Holder.invokeSpecial(java.lang.Object, java.lang.Object, java.lang.Object, int)'> (0x00000007138e0cc8) 
thrown [src/hotspot/share/interpreter/linkResolver.cpp, line 772]
Event: 11.193 Thread 0x000078db9c02a7e0 Exception <a 'java/lang/NoSuchMethodError'{0x00000007138f2d78}: 'java.lang.Object java.lang.invoke.DirectMethodHandle$Holder.invokeStatic(java.lang.Object, java.lang.Object, java.lang.Object, java.lang.Object, int)'> (0x00000007138f2d78) 
thrown [src/hotspot/share/interpreter/linkResolver.cpp, line 772]
Event: 11.194 Thread 0x000078db9c02a7e0 Exception <a 'java/lang/NoSuchMethodError'{0x00000007138fe618}: 'java.lang.Object java.lang.invoke.DelegatingMethodHandle$Holder.reinvoke_L(java.lang.Object, java.lang.Object, java.lang.Object, int, int, int, java.lang.Object)'> (0x00000007138fe618) 
thrown [src/hotspot/share/interpreter/linkResolver.cpp, line 772]
Event: 11.205 Thread 0x000078db9c02a7e0 Exception <a 'java/lang/NoSuchMethodError'{0x00000007139b0570}: 'void java.lang.invoke.Invokers$Holder.invokeExact_MT(java.lang.Object, java.lang.Object, java.lang.Object, java.lang.Object)'> (0x00000007139b0570) 
thrown [src/hotspot/share/interpreter/linkResolver.cpp, line 772]
Event: 11.207 Thread 0x000078db9c02a7e0 Exception <a 'java/lang/NoSuchMethodError'{0x00000007139bf800}: 'void java.lang.invoke.DelegatingMethodHandle$Holder.reinvoke_L(java.lang.Object, java.lang.Object, int)'> (0x00000007139bf800) 
thrown [src/hotspot/share/interpreter/linkResolver.cpp, line 772]
Event: 11.208 Thread 0x000078db9c02a7e0 Exception <a 'java/lang/NoSuchMethodError'{0x00000007139c60a0}: 'int java.lang.invoke.Invokers$Holder.invokeExact_MT(java.lang.Object, java.lang.Object, java.lang.Object)'> (0x00000007139c60a0) 
thrown [src/hotspot/share/interpreter/linkResolver.cpp, line 772]
Event: 11.211 Thread 0x000078db9c02a7e0 Exception <a 'java/lang/NoSuchMethodError'{0x00000007139eda10}: 'java.lang.Object java.lang.invoke.DirectMethodHandle$Holder.invokeSpecial(java.lang.Object, java.lang.Object, java.lang.Object, java.lang.Object, java.lang.Object, int)'> (0x00000007139eda10) 
thrown [src/hotspot/share/interpreter/linkResolver.cpp, line 772]
Event: 11.211 Thread 0x000078db9c02a7e0 Exception <a 'java/lang/NoSuchMethodError'{0x00000007139f1570}: 'java.lang.Object java.lang.invoke.DelegatingMethodHandle$Holder.reinvoke_L(java.lang.Object, java.lang.Object, java.lang.Object, java.lang.Object, int)'> (0x00000007139f1570) 
thrown [src/hotspot/share/interpreter/linkResolver.cpp, line 772]
Event: 11.215 Thread 0x000078db9c02a7e0 Exception <a 'java/lang/NoClassDefFoundError'{0x0000000713644948}: com/sun/jna/Platform> (0x0000000713644948) 
thrown [src/hotspot/share/classfile/systemDictionary.cpp, line 301]
Event: 11.228 Thread 0x000078db9c02a7e0 Exception <a 'java/lang/NoSuchMethodError'{0x00000007136be738}: 'java.lang.Object java.lang.invoke.DirectMethodHandle$Holder.invokeStatic(java.lang.Object, long, java.lang.Object)'> (0x00000007136be738) 
thrown [src/hotspot/share/interpreter/linkResolver.cpp, line 772]
Event: 11.228 Thread 0x000078db9c02a7e0 Exception <a 'java/lang/NoSuchMethodError'{0x00000007136c1dd0}: 'java.lang.Object java.lang.invoke.DirectMethodHandle$Holder.invokeStaticInit(java.lang.Object, long, java.lang.Object)'> (0x00000007136c1dd0) 
thrown [src/hotspot/share/interpreter/linkResolver.cpp, line 772]
Event: 11.229 Thread 0x000078db9c02a7e0 Exception <a 'java/lang/NoSuchMethodError'{0x00000007136c7560}: 'java.lang.Object java.lang.invoke.DirectMethodHandle$Holder.newInvokeSpecial(java.lang.Object, long)'> (0x00000007136c7560) 
thrown [src/hotspot/share/interpreter/linkResolver.cpp, line 772]
Event: 11.231 Thread 0x000078db9c02a7e0 Exception <a 'java/lang/NoSuchMethodError'{0x00000007136cf9c0}: 'java.lang.Object java.lang.invoke.DirectMethodHandle$Holder.newInvokeSpecial(java.lang.Object, java.lang.Object, java.lang.Object, int)'> (0x00000007136cf9c0) 
thrown [src/hotspot/share/interpreter/linkResolver.cpp, line 772]
Event: 11.231 Thread 0x000078db9c02a7e0 Exception <a 'java/lang/NoSuchMethodError'{0x00000007136d3b00}: 'java.lang.Object java.lang.invoke.DirectMethodHandle$Holder.invokeSpecial(java.lang.Object, java.lang.Object, java.lang.Object, java.lang.Object, int)'> (0x00000007136d3b00) 
thrown [src/hotspot/share/interpreter/linkResolver.cpp, line 772]
Event: 11.231 Thread 0x000078db9c02a7e0 Exception <a 'java/lang/NoSuchMethodError'{0x00000007136d7258}: 'java.lang.Object java.lang.invoke.Invokers$Holder.linkToTargetMethod(java.lang.Object, java.lang.Object, int, java.lang.Object)'> (0x00000007136d7258) 
thrown [src/hotspot/share/interpreter/linkResolver.cpp, line 772]
Event: 11.236 Thread 0x000078db9c02a7e0 Exception <a 'java/lang/NoSuchMethodError'{0x00000007136e5c08}: 'java.lang.Object java.lang.invoke.DirectMethodHandle$Holder.newInvokeSpecial(java.lang.Object, java.lang.Object, int)'> (0x00000007136e5c08) 
thrown [src/hotspot/share/interpreter/linkResolver.cpp, line 772]

ZGC Phase Switch (0 events):
No events

VM Operations (20 events):
Event: 10.537 Executing VM operation: HandshakeAllThreads (Deoptimize)
Event: 10.537 Executing VM operation: HandshakeAllThreads (Deoptimize) done
Event: 10.739 Executing VM operation: HandshakeAllThreads (Deoptimize)
Event: 10.739 Executing VM operation: HandshakeAllThreads (Deoptimize) done
Event: 10.740 Executing VM operation: HandshakeAllThreads (Deoptimize)
Event: 10.740 Executing VM operation: HandshakeAllThreads (Deoptimize) done
Event: 10.741 Executing VM operation: HandshakeAllThreads (Deoptimize)
Event: 10.741 Executing VM operation: HandshakeAllThreads (Deoptimize) done
Event: 10.972 Executing VM operation: HandshakeAllThreads (Deoptimize)
Event: 10.972 Executing VM operation: HandshakeAllThreads (Deoptimize) done
Event: 10.998 Executing VM operation: HandshakeAllThreads (Deoptimize)
Event: 10.998 Executing VM operation: HandshakeAllThreads (Deoptimize) done
Event: 11.232 Executing VM operation: HandshakeAllThreads (Deoptimize)
Event: 11.232 Executing VM operation: HandshakeAllThreads (Deoptimize) done
Event: 11.232 Executing VM operation: Cleanup
Event: 11.232 Executing VM operation: Cleanup done
Event: 11.232 Executing VM operation: HandshakeAllThreads (Deoptimize)
Event: 11.232 Executing VM operation: HandshakeAllThreads (Deoptimize) done
Event: 11.233 Executing VM operation: HandshakeAllThreads (Deoptimize)
Event: 11.233 Executing VM operation: HandshakeAllThreads (Deoptimize) done

Memory protections (20 events):
Event: 2.445 Protecting memory [0x000078db29ccc000,0x000078db29cd0000] with protection modes 0
Event: 2.542 Protecting memory [0x000078db29bcb000,0x000078db29bcf000] with protection modes 0
Event: 2.644 Protecting memory [0x000078db29aca000,0x000078db29ace000] with protection modes 0
Event: 3.983 Protecting memory [0x000078db2a426000,0x000078db2a42a000] with protection modes 0
Event: 4.087 Protecting memory [0x000078db2a325000,0x000078db2a329000] with protection modes 0
Event: 4.183 Protecting memory [0x000078db299c9000,0x000078db299cd000] with protection modes 0
Event: 4.302 Protecting memory [0x000078db298c8000,0x000078db298cc000] with protection modes 0
Event: 4.399 Protecting memory [0x000078db297c7000,0x000078db297cb000] with protection modes 0
Event: 4.511 Protecting memory [0x000078db296c6000,0x000078db296ca000] with protection modes 0
Event: 4.605 Protecting memory [0x000078db2a92b000,0x000078db2a92f000] with protection modes 0
Event: 4.700 Protecting memory [0x000078db2a1d1000,0x000078db2a1d5000] with protection modes 0
Event: 4.796 Protecting memory [0x000078db295c5000,0x000078db295c9000] with protection modes 0
Event: 4.889 Protecting memory [0x000078db294c4000,0x000078db294c8000] with protection modes 0
Event: 4.984 Protecting memory [0x000078db293c3000,0x000078db293c7000] with protection modes 0
Event: 5.080 Protecting memory [0x000078db2a0d0000,0x000078db2a0d4000] with protection modes 0
Event: 5.175 Protecting memory [0x000078db29fcf000,0x000078db29fd3000] with protection modes 0
Event: 5.280 Protecting memory [0x000078db29ece000,0x000078db29ed2000] with protection modes 0
Event: 5.565 Protecting memory [0x000078db29bcb000,0x000078db29bcf000] with protection modes 0
Event: 5.669 Protecting memory [0x000078db29aca000,0x000078db29ace000] with protection modes 0
Event: 11.236 Protecting memory [0x000078db93868000,0x000078db9386c000] with protection modes 0

Nmethod flushes (0 events):
No events

Events (20 events):
Event: 5.542 Thread 0x000078db9c42c590 Thread exited: 0x000078db9c42c590
Event: 5.564 Thread 0x000078db9c02a7e0 Thread added: 0x000078db9c42a3f0
Event: 5.644 Thread 0x000078db9c42d630 Thread exited: 0x000078db9c42d630
Event: 5.669 Thread 0x000078db9c02a7e0 Thread added: 0x000078db9c3c4120
Event: 6.983 Thread 0x000078db9c423440 Thread exited: 0x000078db9c423440
Event: 7.088 Thread 0x000078db9c426250 Thread exited: 0x000078db9c426250
Event: 7.183 Thread 0x000078db9c42ffe0 Thread exited: 0x000078db9c42ffe0
Event: 7.302 Thread 0x000078db9c430fd0 Thread exited: 0x000078db9c430fd0
Event: 7.399 Thread 0x000078db9c435150 Thread exited: 0x000078db9c435150
Event: 7.511 Thread 0x000078db9c435d70 Thread exited: 0x000078db9c435d70
Event: 7.606 Thread 0x000078db9c41ee10 Thread exited: 0x000078db9c41ee10
Event: 7.700 Thread 0x000078db9c420fa0 Thread exited: 0x000078db9c420fa0
Event: 7.796 Thread 0x000078db9c437600 Thread exited: 0x000078db9c437600
Event: 7.889 Thread 0x000078db9c438810 Thread exited: 0x000078db9c438810
Event: 7.984 Thread 0x000078db9c439ca0 Thread exited: 0x000078db9c439ca0
Event: 8.081 Thread 0x000078db9c43b760 Thread exited: 0x000078db9c43b760
Event: 8.175 Thread 0x000078db9c427110 Thread exited: 0x000078db9c427110
Event: 8.280 Thread 0x000078db9c428990 Thread exited: 0x000078db9c428990
Event: 8.564 Thread 0x000078db9c42a3f0 Thread exited: 0x000078db9c42a3f0
Event: 11.236 Thread 0x000078db9c02a7e0 Thread added: 0x000078db9c69ff90


Dynamic libraries:
706000000-715a00000 rw-p 00000000 00:00 0 
715a00000-7ffe00000 ---p 00000000 00:00 0 
7ffe00000-7fff0d000 rw-p 00cd6000 00:2e 561464                           /usr/local/sdkman/candidates/java/21.0.7-ms/lib/server/classes.jsa
7fff0d000-800000000 rw-p 00000000 00:00 0 
620618cf0000-620618cf1000 r-xp 00000000 00:2e 560968                     /usr/local/sdkman/candidates/java/21.0.7-ms/bin/java
620618cf2000-620618cf3000 r--p 00001000 00:2e 560968                     /usr/local/sdkman/candidates/java/21.0.7-ms/bin/java
620618cf3000-620618cf4000 rw-p 00002000 00:2e 560968                     /usr/local/sdkman/candidates/java/21.0.7-ms/bin/java
62064dda8000-62064ddee000 rw-p 00000000 00:00 0                          [heap]
78dabc000000-78dabc021000 rw-p 00000000 00:00 0 
78dabc021000-78dac0000000 ---p 00000000 00:00 0 
78dac0000000-78dac0021000 rw-p 00000000 00:00 0 
78dac0021000-78dac4000000 ---p 00000000 00:00 0 
78dac5bcb000-78dac8021000 rw-p 00000000 00:00 0 
78dac8021000-78dacc000000 ---p 00000000 00:00 0 
78dacc000000-78dacc021000 rw-p 00000000 00:00 0 
78dacc021000-78dad0000000 ---p 00000000 00:00 0 
78dad0000000-78dad0021000 rw-p 00000000 00:00 0 
78dad0021000-78dad4000000 ---p 00000000 00:00 0 
78dad4000000-78dad4021000 rw-p 00000000 00:00 0 
78dad4021000-78dad8000000 ---p 00000000 00:00 0 
78dad8000000-78dad8021000 rw-p 00000000 00:00 0 
78dad8021000-78dadc000000 ---p 00000000 00:00 0 
78dadc000000-78dadc021000 rw-p 00000000 00:00 0 
78dadc021000-78dae0000000 ---p 00000000 00:00 0 
78dae0000000-78dae0021000 rw-p 00000000 00:00 0 
78dae0021000-78dae4000000 ---p 00000000 00:00 0 
78dae4000000-78dae4021000 rw-p 00000000 00:00 0 
78dae4021000-78dae8000000 ---p 00000000 00:00 0 
78dae8000000-78dae8021000 rw-p 00000000 00:00 0 
78dae8021000-78daec000000 ---p 00000000 00:00 0 
78daec000000-78daec021000 rw-p 00000000 00:00 0 
78daec021000-78daf0000000 ---p 00000000 00:00 0 
78daf0000000-78daf070e000 rw-p 00000000 00:00 0 
78daf070e000-78daf4000000 ---p 00000000 00:00 0 
78daf4000000-78daf4021000 rw-p 00000000 00:00 0 
78daf4021000-78daf8000000 ---p 00000000 00:00 0 
78daf8000000-78daf8021000 rw-p 00000000 00:00 0 
78daf8021000-78dafc000000 ---p 00000000 00:00 0 
78dafc000000-78dafc021000 rw-p 00000000 00:00 0 
78dafc021000-78db00000000 ---p 00000000 00:00 0 
78db00000000-78db0132c000 rw-p 00000000 00:00 0 
78db0132c000-78db04000000 ---p 00000000 00:00 0 
78db04000000-78db04348000 rw-p 00000000 00:00 0 
78db04348000-78db08000000 ---p 00000000 00:00 0 
78db08000000-78db08021000 rw-p 00000000 00:00 0 
78db08021000-78db0c000000 ---p 00000000 00:00 0 
78db0c000000-78db0c021000 rw-p 00000000 00:00 0 
78db0c021000-78db10000000 ---p 00000000 00:00 0 
78db10000000-78db10021000 rw-p 00000000 00:00 0 
78db10021000-78db14000000 ---p 00000000 00:00 0 
78db14000000-78db14021000 rw-p 00000000 00:00 0 
78db14021000-78db18000000 ---p 00000000 00:00 0 
78db18000000-78db18021000 rw-p 00000000 00:00 0 
78db18021000-78db1c000000 ---p 00000000 00:00 0 
78db1c000000-78db1c021000 rw-p 00000000 00:00 0 
78db1c021000-78db20000000 ---p 00000000 00:00 0 
78db20000000-78db203f0000 rw-p 00000000 00:00 0 
78db203f0000-78db20470000 rw-p 00000000 00:00 0 
78db20470000-78db204f0000 rw-p 00000000 00:00 0 
78db204f0000-78db206f0000 rw-p 00000000 00:00 0 
78db206f0000-78db20730000 rw-p 00000000 00:00 0 
78db20730000-78db20770000 rw-p 00000000 00:00 0 
78db20770000-78db208f0000 rw-p 00000000 00:00 0 
78db208f0000-78db20af0000 rw-p 00000000 00:00 0 
78db20af0000-78db20cf0000 rw-p 00000000 00:00 0 
78db20cf0000-78db20e80000 rw-p 00000000 00:00 0 
78db20e80000-78db20f00000 ---p 00000000 00:00 0 
78db20f00000-78db20f80000 rw-p 00000000 00:00 0 
78db20f80000-78db24000000 ---p 00000000 00:00 0 
78db24000000-78db24021000 rw-p 00000000 00:00 0 
78db24021000-78db28000000 ---p 00000000 00:00 0 
78db28d1a000-78db29000000 rw-p 00000000 00:00 0 
78db29000000-78db29002000 r-xp 00000000 08:01 3145840                    /tmp/libjansi-64-13895067741261406116.so
78db29002000-78db29201000 ---p 00002000 08:01 3145840                    /tmp/libjansi-64-13895067741261406116.so
78db29201000-78db29202000 rw-p 00001000 08:01 3145840                    /tmp/libjansi-64-13895067741261406116.so
78db293c2000-78db293c3000 ---p 00000000 00:00 0 
78db293c3000-78db293c7000 ---p 00000000 00:00 0 
78db293c7000-78db294c3000 rw-p 00000000 00:00 0 
78db294c3000-78db294c4000 ---p 00000000 00:00 0 
78db294c4000-78db294c8000 ---p 00000000 00:00 0 
78db294c8000-78db295c4000 rw-p 00000000 00:00 0 
78db295c4000-78db295c5000 ---p 00000000 00:00 0 
78db295c5000-78db295c9000 ---p 00000000 00:00 0 
78db295c9000-78db296c5000 rw-p 00000000 00:00 0 
78db296c5000-78db296c6000 ---p 00000000 00:00 0 
78db296c6000-78db296ca000 ---p 00000000 00:00 0 
78db296ca000-78db297c6000 rw-p 00000000 00:00 0 
78db297c6000-78db297c7000 ---p 00000000 00:00 0 
78db297c7000-78db297cb000 ---p 00000000 00:00 0 
78db297cb000-78db298c7000 rw-p 00000000 00:00 0 
78db298c7000-78db298c8000 ---p 00000000 00:00 0 
78db298c8000-78db298cc000 ---p 00000000 00:00 0 
78db298cc000-78db299c8000 rw-p 00000000 00:00 0 
78db299c8000-78db299c9000 ---p 00000000 00:00 0 
78db299c9000-78db299cd000 ---p 00000000 00:00 0 
78db299cd000-78db29ac9000 rw-p 00000000 00:00 0 
78db29ac9000-78db29aca000 ---p 00000000 00:00 0 
78db29aca000-78db29ace000 ---p 00000000 00:00 0 
78db29ace000-78db29bca000 rw-p 00000000 00:00 0 
78db29bca000-78db29bcb000 ---p 00000000 00:00 0 
78db29bcb000-78db29bcf000 ---p 00000000 00:00 0 
78db29bcf000-78db29ccb000 rw-p 00000000 00:00 0 
78db29ccb000-78db29ccc000 ---p 00000000 00:00 0 
78db29ccc000-78db29cd0000 ---p 00000000 00:00 0 
78db29cd0000-78db29dcc000 rw-p 00000000 00:00 0 
78db29dcc000-78db29dcd000 ---p 00000000 00:00 0 
78db29dcd000-78db29dd1000 ---p 00000000 00:00 0 
78db29dd1000-78db29ecd000 rw-p 00000000 00:00 0 
78db29ecd000-78db29ece000 ---p 00000000 00:00 0 
78db29ece000-78db29ed2000 ---p 00000000 00:00 0 
78db29ed2000-78db29fce000 rw-p 00000000 00:00 0 
78db29fce000-78db29fcf000 ---p 00000000 00:00 0 
78db29fcf000-78db29fd3000 ---p 00000000 00:00 0 
78db29fd3000-78db2a0cf000 rw-p 00000000 00:00 0 
78db2a0cf000-78db2a0d0000 ---p 00000000 00:00 0 
78db2a0d0000-78db2a0d4000 ---p 00000000 00:00 0 
78db2a0d4000-78db2a1d0000 rw-p 00000000 00:00 0 
78db2a1d0000-78db2a1d1000 ---p 00000000 00:00 0 
78db2a1d1000-78db2a1d5000 ---p 00000000 00:00 0 
78db2a1d5000-78db2a2d1000 rw-p 00000000 00:00 0 
78db2a324000-78db2a325000 ---p 00000000 00:00 0 
78db2a325000-78db2a329000 ---p 00000000 00:00 0 
78db2a329000-78db2a425000 rw-p 00000000 00:00 0 
78db2a425000-78db2a426000 ---p 00000000 00:00 0 
78db2a426000-78db2a42a000 ---p 00000000 00:00 0 
78db2a42a000-78db2a526000 rw-p 00000000 00:00 0 
78db2a526000-78db2a527000 ---p 00000000 00:00 0 
78db2a527000-78db2a52b000 ---p 00000000 00:00 0 
78db2a52b000-78db2a627000 rw-p 00000000 00:00 0 
78db2a627000-78db2a628000 ---p 00000000 00:00 0 
78db2a628000-78db2a728000 rw-p 00000000 00:00 0 
78db2a728000-78db2a729000 ---p 00000000 00:00 0 
78db2a729000-78db2a829000 rw-p 00000000 00:00 0 
78db2a829000-78db2a82a000 ---p 00000000 00:00 0 
78db2a82a000-78db2a92a000 rw-p 00000000 00:00 0 
78db2a92a000-78db2a92b000 ---p 00000000 00:00 0 
78db2a92b000-78db2a92f000 ---p 00000000 00:00 0 
78db2a92f000-78db2aa2b000 rw-p 00000000 00:00 0 
78db2aa2b000-78db2aa2c000 ---p 00000000 00:00 0 
78db2aa2c000-78db2aa30000 ---p 00000000 00:00 0 
78db2aa30000-78db2ab2c000 rw-p 00000000 00:00 0 
78db2ab2c000-78db2ab2d000 ---p 00000000 00:00 0 
78db2ab2d000-78db2ab31000 ---p 00000000 00:00 0 
78db2ab31000-78db2ac2d000 rw-p 00000000 00:00 0 
78db2ac2d000-78db2acfb000 r-xp 00000000 00:2e 561438                     /usr/local/sdkman/candidates/java/21.0.7-ms/lib/libjsvml.so
78db2acfb000-78db2acfc000 r--p 000cd000 00:2e 561438                     /usr/local/sdkman/candidates/java/21.0.7-ms/lib/libjsvml.so
78db2acfc000-78db2acfd000 rw-p 000ce000 00:2e 561438                     /usr/local/sdkman/candidates/java/21.0.7-ms/lib/libjsvml.so
78db2acfd000-78db2acfe000 ---p 00000000 00:00 0 
78db2acfe000-78db2ad02000 ---p 00000000 00:00 0 
78db2ad02000-78db2adfe000 rw-p 00000000 00:00 0 
78db2adfe000-78db2adff000 ---p 00000000 00:00 0 
78db2adff000-78db2ae03000 ---p 00000000 00:00 0 
78db2ae03000-78db2aeff000 rw-p 00000000 00:00 0 
78db2aeff000-78db2af00000 ---p 00000000 00:00 0 
78db2af00000-78db2af04000 ---p 00000000 00:00 0 
78db2af04000-78db2b000000 rw-p 00000000 00:00 0 
78db2b000000-78db2b47d000 rw-p 00001000 00:2e 561464                     /usr/local/sdkman/candidates/java/21.0.7-ms/lib/server/classes.jsa
78db2b47d000-78db2bc97000 rw-p 0047e000 00:2e 561464                     /usr/local/sdkman/candidates/java/21.0.7-ms/lib/server/classes.jsa
78db2bc97000-78db2c000000 ---p 00000000 00:00 0 
78db2c000000-78db2c010000 rw-p 00000000 00:00 0 
78db2c010000-78db2c030000 rw-p 00000000 00:00 0 
78db2c030000-78db2c0b0000 rw-p 00000000 00:00 0 
78db2c0b0000-78db2c0d0000 rw-p 00000000 00:00 0 
78db2c0d0000-78db2c130000 rw-p 00000000 00:00 0 
78db2c130000-78db2c170000 rw-p 00000000 00:00 0 
78db2c170000-78db2c1f0000 rw-p 00000000 00:00 0 
78db2c1f0000-78db6c000000 ---p 00000000 00:00 0 
78db6c000000-78db6c021000 rw-p 00000000 00:00 0 
78db6c021000-78db70000000 ---p 00000000 00:00 0 
78db70000000-78db70021000 rw-p 00000000 00:00 0 
78db70021000-78db74000000 ---p 00000000 00:00 0 
78db74000000-78db74021000 rw-p 00000000 00:00 0 
78db74021000-78db78000000 ---p 00000000 00:00 0 
78db78000000-78db78021000 rw-p 00000000 00:00 0 
78db78021000-78db7c000000 ---p 00000000 00:00 0 
78db7c000000-78db7c021000 rw-p 00000000 00:00 0 
78db7c021000-78db80000000 ---p 00000000 00:00 0 
78db8008f000-78db80090000 ---p 00000000 00:00 0 
78db80090000-78db80094000 ---p 00000000 00:00 0 
78db80094000-78db80190000 rw-p 00000000 00:00 0 
78db80190000-78db80191000 ---p 00000000 00:00 0 
78db80191000-78db80195000 ---p 00000000 00:00 0 
78db80195000-78db80291000 rw-p 00000000 00:00 0 
78db80291000-78db80292000 ---p 00000000 00:00 0 
78db80292000-78db80296000 ---p 00000000 00:00 0 
78db80296000-78db80392000 rw-p 00000000 00:00 0 
78db80392000-78db80393000 ---p 00000000 00:00 0 
78db80393000-78db80397000 ---p 00000000 00:00 0 
78db80397000-78db80493000 rw-p 00000000 00:00 0 
78db80493000-78db8077e000 r--p 00000000 00:2e 413356                     /usr/lib/locale/locale-archive
78db8077e000-78db8077f000 ---p 00000000 00:00 0 
78db8077f000-78db8087f000 rw-p 00000000 00:00 0 
78db8087f000-78db80880000 ---p 00000000 00:00 0 
78db80880000-78db80980000 rw-p 00000000 00:00 0 
78db80980000-78db80d68000 rw-p 00000000 00:00 0 
78db80d68000-78db847f8000 ---p 00000000 00:00 0 
78db847f8000-78db84800000 rw-p 00000000 00:00 0 
78db84800000-78db84d70000 rwxp 00000000 00:00 0 
78db84d70000-78db8bd37000 ---p 00000000 00:00 0 
78db8bd37000-78db8bfa7000 rwxp 00000000 00:00 0 
78db8bfa7000-78db8c2c8000 ---p 00000000 00:00 0 
78db8c2c8000-78db8c538000 rwxp 00000000 00:00 0 
78db8c538000-78db93800000 ---p 00000000 00:00 0 
78db93867000-78db93868000 ---p 00000000 00:00 0 
78db93868000-78db9386c000 ---p 00000000 00:00 0 
78db9386c000-78db9388a000 rw-p 00000000 00:00 0 
78db9388a000-78db9c000000 r--s 00000000 00:2e 561455                     /usr/local/sdkman/candidates/java/21.0.7-ms/lib/modules
78db9c000000-78db9c863000 rw-p 00000000 00:00 0 
78db9c863000-78dba0000000 ---p 00000000 00:00 0 
78dba0011000-78dba001e000 r-xp 00000000 00:2e 561453                     /usr/local/sdkman/candidates/java/21.0.7-ms/lib/libverify.so
78dba001e000-78dba0020000 r--p 0000c000 00:2e 561453                     /usr/local/sdkman/candidates/java/21.0.7-ms/lib/libverify.so
78dba0020000-78dba0021000 rw-p 0000e000 00:2e 561453                     /usr/local/sdkman/candidates/java/21.0.7-ms/lib/libverify.so
78dba0021000-78dba007a000 r--p 00000000 00:2e 131638                     /usr/lib/locale/C.utf8/LC_CTYPE
78dba007a000-78dba00fb000 rw-p 00000000 00:00 0 
78dba00fb000-78dba00fc000 ---p 00000000 00:00 0 
78dba00fc000-78dba01fc000 rw-p 00000000 00:00 0 
78dba01fc000-78dba01fd000 ---p 00000000 00:00 0 
78dba01fd000-78dba02fd000 rw-p 00000000 00:00 0 
78dba02fd000-78dba2600000 rw-p 00000000 00:00 0 
78dba2601000-78dba2603000 r-xp 00000000 00:2e 561423                     /usr/local/sdkman/candidates/java/21.0.7-ms/lib/libextnet.so
78dba2603000-78dba2604000 r--p 00001000 00:2e 561423                     /usr/local/sdkman/candidates/java/21.0.7-ms/lib/libextnet.so
78dba2604000-78dba2605000 rw-p 00002000 00:2e 561423                     /usr/local/sdkman/candidates/java/21.0.7-ms/lib/libextnet.so
78dba2605000-78dba260a000 r-xp 00000000 00:2e 561443                     /usr/local/sdkman/candidates/java/21.0.7-ms/lib/libmanagement_ext.so
78dba260a000-78dba260b000 ---p 00005000 00:2e 561443                     /usr/local/sdkman/candidates/java/21.0.7-ms/lib/libmanagement_ext.so
78dba260b000-78dba260c000 r--p 00005000 00:2e 561443                     /usr/local/sdkman/candidates/java/21.0.7-ms/lib/libmanagement_ext.so
78dba260c000-78dba260d000 rw-p 00006000 00:2e 561443                     /usr/local/sdkman/candidates/java/21.0.7-ms/lib/libmanagement_ext.so
78dba260d000-78dba2611000 r-xp 00000000 00:2e 561441                     /usr/local/sdkman/candidates/java/21.0.7-ms/lib/libmanagement.so
78dba2611000-78dba2612000 r--p 00003000 00:2e 561441                     /usr/local/sdkman/candidates/java/21.0.7-ms/lib/libmanagement.so
78dba2612000-78dba2613000 rw-p 00004000 00:2e 561441                     /usr/local/sdkman/candidates/java/21.0.7-ms/lib/libmanagement.so
78dba2613000-78dba261d000 r-xp 00000000 00:2e 561425                     /usr/local/sdkman/candidates/java/21.0.7-ms/lib/libinstrument.so
78dba261d000-78dba261e000 ---p 0000a000 00:2e 561425                     /usr/local/sdkman/candidates/java/21.0.7-ms/lib/libinstrument.so
78dba261e000-78dba261f000 r--p 0000a000 00:2e 561425                     /usr/local/sdkman/candidates/java/21.0.7-ms/lib/libinstrument.so
78dba261f000-78dba2620000 rw-p 0000b000 00:2e 561425                     /usr/local/sdkman/candidates/java/21.0.7-ms/lib/libinstrument.so
78dba2620000-78dba2627000 r-xp 00000000 00:2e 561454                     /usr/local/sdkman/candidates/java/21.0.7-ms/lib/libzip.so
78dba2627000-78dba2628000 ---p 00007000 00:2e 561454                     /usr/local/sdkman/candidates/java/21.0.7-ms/lib/libzip.so
78dba2628000-78dba2629000 r--p 00007000 00:2e 561454                     /usr/local/sdkman/candidates/java/21.0.7-ms/lib/libzip.so
78dba2629000-78dba262a000 rw-p 00008000 00:2e 561454                     /usr/local/sdkman/candidates/java/21.0.7-ms/lib/libzip.so
78dba262a000-78dba2636000 r-xp 00000000 00:2e 561445                     /usr/local/sdkman/candidates/java/21.0.7-ms/lib/libnet.so
78dba2636000-78dba2637000 r--p 0000b000 00:2e 561445                     /usr/local/sdkman/candidates/java/21.0.7-ms/lib/libnet.so
78dba2637000-78dba2638000 rw-p 0000c000 00:2e 561445                     /usr/local/sdkman/candidates/java/21.0.7-ms/lib/libnet.so
78dba2638000-78dba264c000 r-xp 00000000 00:2e 561446                     /usr/local/sdkman/candidates/java/21.0.7-ms/lib/libnio.so
78dba264c000-78dba264d000 r--p 00013000 00:2e 561446                     /usr/local/sdkman/candidates/java/21.0.7-ms/lib/libnio.so
78dba264d000-78dba264e000 rw-p 00014000 00:2e 561446                     /usr/local/sdkman/candidates/java/21.0.7-ms/lib/libnio.so
78dba264e000-78dba264f000 r--p 00000000 00:2e 131645                     /usr/lib/locale/C.utf8/LC_NUMERIC
78dba264f000-78dba2650000 r--p 00000000 00:2e 131648                     /usr/lib/locale/C.utf8/LC_TIME
78dba2650000-78dba2651000 r--p 00000000 00:2e 131637                     /usr/lib/locale/C.utf8/LC_COLLATE
78dba2651000-78dba2652000 r--p 00000000 00:2e 131643                     /usr/lib/locale/C.utf8/LC_MONETARY
78dba2652000-78dba2653000 r--p 00000000 00:2e 131642                     /usr/lib/locale/C.utf8/LC_MESSAGES/SYS_LC_MESSAGES
78dba2653000-78dba2654000 r--p 00000000 00:2e 131646                     /usr/lib/locale/C.utf8/LC_PAPER
78dba2654000-78dba2655000 r--p 00000000 00:2e 131644                     /usr/lib/locale/C.utf8/LC_NAME
78dba2655000-78dba265c000 r--s 00000000 00:2e 131943                     /usr/lib/x86_64-linux-gnu/gconv/gconv-modules.cache
78dba265c000-78dba27f9000 rw-p 00000000 00:00 0 
78dba27f9000-78dba27fa000 ---p 00000000 00:00 0 
78dba27fa000-78dba28fa000 rw-p 00000000 00:00 0 
78dba28fa000-78dba28fb000 ---p 00000000 00:00 0 
78dba28fb000-78dba29fb000 rw-p 00000000 00:00 0 
78dba29fb000-78dba29fc000 ---p 00000000 00:00 0 
78dba29fc000-78dba2afc000 rw-p 00000000 00:00 0 
78dba2afc000-78dba2bbc000 rw-p 00000000 00:00 0 
78dba2bbc000-78dba330e000 ---p 00000000 00:00 0 
78dba330e000-78dba338c000 rw-p 00000000 00:00 0 
78dba338c000-78dba3ade000 ---p 00000000 00:00 0 
78dba3ade000-78dba3ee8000 rw-p 00000000 00:00 0 
78dba3ee8000-78dba3fce000 ---p 00000000 00:00 0 
78dba3fce000-78dba3fd9000 rw-p 00000000 00:00 0 
78dba3fd9000-78dba40b9000 ---p 00000000 00:00 0 
78dba40b9000-78dba40be000 rw-p 00000000 00:00 0 
78dba40be000-78dba40c5000 ---p 00000000 00:00 0 
78dba40c5000-78dba40e5000 r-xp 00000000 00:2e 561430                     /usr/local/sdkman/candidates/java/21.0.7-ms/lib/libjava.so
78dba40e5000-78dba40e6000 ---p 00020000 00:2e 561430                     /usr/local/sdkman/candidates/java/21.0.7-ms/lib/libjava.so
78dba40e6000-78dba40e7000 r--p 00020000 00:2e 561430                     /usr/local/sdkman/candidates/java/21.0.7-ms/lib/libjava.so
78dba40e7000-78dba40e8000 rw-p 00021000 00:2e 561430                     /usr/local/sdkman/candidates/java/21.0.7-ms/lib/libjava.so
78dba40e8000-78dba40e9000 rw-p 00000000 00:00 0 
78dba40e9000-78dba40f1000 rw-s 00000000 08:01 3145833                    /tmp/hsperfdata_codespace/7172
78dba40f1000-78dba410c000 r-xp 00000000 00:2e 561434                     /usr/local/sdkman/candidates/java/21.0.7-ms/lib/libjimage.so
78dba410c000-78dba410d000 ---p 0001b000 00:2e 561434                     /usr/local/sdkman/candidates/java/21.0.7-ms/lib/libjimage.so
78dba410d000-78dba410f000 r--p 0001b000 00:2e 561434                     /usr/local/sdkman/candidates/java/21.0.7-ms/lib/libjimage.so
78dba410f000-78dba4110000 rw-p 0001d000 00:2e 561434                     /usr/local/sdkman/candidates/java/21.0.7-ms/lib/libjimage.so
78dba4110000-78dba4114000 ---p 00000000 00:00 0 
78dba4114000-78dba4210000 rw-p 00000000 00:00 0 
78dba4210000-78dba4220000 r--p 00000000 00:2e 132014                     /usr/lib/x86_64-linux-gnu/libm.so.6
78dba4220000-78dba429f000 r-xp 00010000 00:2e 132014                     /usr/lib/x86_64-linux-gnu/libm.so.6
78dba429f000-78dba42f7000 r--p 0008f000 00:2e 132014                     /usr/lib/x86_64-linux-gnu/libm.so.6
78dba42f7000-78dba42f8000 r--p 000e7000 00:2e 132014                     /usr/lib/x86_64-linux-gnu/libm.so.6
78dba42f8000-78dba42f9000 rw-p 000e8000 00:2e 132014                     /usr/lib/x86_64-linux-gnu/libm.so.6
78dba42f9000-78dba42fa000 r--p 00000000 00:2e 132053                     /usr/lib/x86_64-linux-gnu/librt.so.1
78dba42fa000-78dba42fb000 r-xp 00001000 00:2e 132053                     /usr/lib/x86_64-linux-gnu/librt.so.1
78dba42fb000-78dba42fc000 r--p 00002000 00:2e 132053                     /usr/lib/x86_64-linux-gnu/librt.so.1
78dba42fc000-78dba42fd000 r--p 00002000 00:2e 132053                     /usr/lib/x86_64-linux-gnu/librt.so.1
78dba42fd000-78dba42fe000 rw-p 00003000 00:2e 132053                     /usr/lib/x86_64-linux-gnu/librt.so.1
78dba42fe000-78dba5714000 r-xp 00000000 00:2e 561467                     /usr/local/sdkman/candidates/java/21.0.7-ms/lib/server/libjvm.so
78dba5714000-78dba5715000 ---p 01416000 00:2e 561467                     /usr/local/sdkman/candidates/java/21.0.7-ms/lib/server/libjvm.so
78dba5715000-78dba57e9000 r--p 01416000 00:2e 561467                     /usr/local/sdkman/candidates/java/21.0.7-ms/lib/server/libjvm.so
78dba57e9000-78dba5819000 rw-p 014ea000 00:2e 561467                     /usr/local/sdkman/candidates/java/21.0.7-ms/lib/server/libjvm.so
78dba5819000-78dba5883000 rw-p 00000000 00:00 0 
78dba5883000-78dba58ab000 r--p 00000000 00:2e 131972                     /usr/lib/x86_64-linux-gnu/libc.so.6
78dba58ab000-78dba5a33000 r-xp 00028000 00:2e 131972                     /usr/lib/x86_64-linux-gnu/libc.so.6
78dba5a33000-78dba5a82000 r--p 001b0000 00:2e 131972                     /usr/lib/x86_64-linux-gnu/libc.so.6
78dba5a82000-78dba5a86000 r--p 001fe000 00:2e 131972                     /usr/lib/x86_64-linux-gnu/libc.so.6
78dba5a86000-78dba5a88000 rw-p 00202000 00:2e 131972                     /usr/lib/x86_64-linux-gnu/libc.so.6
78dba5a88000-78dba5a95000 rw-p 00000000 00:00 0 
78dba5a95000-78dba5a96000 r--p 00000000 00:2e 131986                     /usr/lib/x86_64-linux-gnu/libdl.so.2
78dba5a96000-78dba5a97000 r-xp 00001000 00:2e 131986                     /usr/lib/x86_64-linux-gnu/libdl.so.2
78dba5a97000-78dba5a98000 r--p 00002000 00:2e 131986                     /usr/lib/x86_64-linux-gnu/libdl.so.2
78dba5a98000-78dba5a99000 r--p 00002000 00:2e 131986                     /usr/lib/x86_64-linux-gnu/libdl.so.2
78dba5a99000-78dba5a9a000 rw-p 00003000 00:2e 131986                     /usr/lib/x86_64-linux-gnu/libdl.so.2
78dba5a9a000-78dba5a9b000 r--p 00000000 00:2e 132051                     /usr/lib/x86_64-linux-gnu/libpthread.so.0
78dba5a9b000-78dba5a9c000 r-xp 00001000 00:2e 132051                     /usr/lib/x86_64-linux-gnu/libpthread.so.0
78dba5a9c000-78dba5a9d000 r--p 00002000 00:2e 132051                     /usr/lib/x86_64-linux-gnu/libpthread.so.0
78dba5a9d000-78dba5a9e000 r--p 00002000 00:2e 132051                     /usr/lib/x86_64-linux-gnu/libpthread.so.0
78dba5a9e000-78dba5a9f000 rw-p 00003000 00:2e 132051                     /usr/lib/x86_64-linux-gnu/libpthread.so.0
78dba5a9f000-78dba5aa0000 r--p 00000000 00:2e 131636                     /usr/lib/locale/C.utf8/LC_ADDRESS
78dba5aa0000-78dba5aa1000 r--p 00000000 00:2e 131647                     /usr/lib/locale/C.utf8/LC_TELEPHONE
78dba5aa1000-78dba5aa2000 r--p 00000000 00:2e 131640                     /usr/lib/locale/C.utf8/LC_MEASUREMENT
78dba5aa2000-78dba5aa3000 r--p 00000000 00:2e 131639                     /usr/lib/locale/C.utf8/LC_IDENTIFICATION
78dba5aa3000-78dba5aa4000 ---p 00000000 00:00 0 
78dba5aa4000-78dba5aa5000 r--p 00000000 00:00 0 
78dba5aa5000-78dba5aa6000 ---p 00000000 00:00 0 
78dba5aa6000-78dba5ab4000 r-xp 00000000 00:2e 561435                     /usr/local/sdkman/candidates/java/21.0.7-ms/lib/libjli.so
78dba5ab4000-78dba5ab5000 ---p 0000e000 00:2e 561435                     /usr/local/sdkman/candidates/java/21.0.7-ms/lib/libjli.so
78dba5ab5000-78dba5ab6000 r--p 0000e000 00:2e 561435                     /usr/local/sdkman/candidates/java/21.0.7-ms/lib/libjli.so
78dba5ab6000-78dba5ab7000 rw-p 0000f000 00:2e 561435                     /usr/local/sdkman/candidates/java/21.0.7-ms/lib/libjli.so
78dba5ab7000-78dba5ab9000 r--p 00000000 08:01 3145808                    /tmp/_MEINvR44Y/libz.so.1
78dba5ab9000-78dba5aca000 r-xp 00002000 08:01 3145808                    /tmp/_MEINvR44Y/libz.so.1
78dba5aca000-78dba5ad0000 r--p 00013000 08:01 3145808                    /tmp/_MEINvR44Y/libz.so.1
78dba5ad0000-78dba5ad1000 ---p 00019000 08:01 3145808                    /tmp/_MEINvR44Y/libz.so.1
78dba5ad1000-78dba5ad2000 r--p 00019000 08:01 3145808                    /tmp/_MEINvR44Y/libz.so.1
78dba5ad2000-78dba5ad3000 rw-p 0001a000 08:01 3145808                    /tmp/_MEINvR44Y/libz.so.1
78dba5ad3000-78dba5ad5000 rw-p 00000000 00:00 0 
78dba5ad5000-78dba5ad6000 r--p 00000000 00:2e 131952                     /usr/lib/x86_64-linux-gnu/ld-linux-x86-64.so.2
78dba5ad6000-78dba5b01000 r-xp 00001000 00:2e 131952                     /usr/lib/x86_64-linux-gnu/ld-linux-x86-64.so.2
78dba5b01000-78dba5b0b000 r--p 0002c000 00:2e 131952                     /usr/lib/x86_64-linux-gnu/ld-linux-x86-64.so.2
78dba5b0b000-78dba5b0d000 r--p 00036000 00:2e 131952                     /usr/lib/x86_64-linux-gnu/ld-linux-x86-64.so.2
78dba5b0d000-78dba5b0f000 rw-p 00038000 00:2e 131952                     /usr/lib/x86_64-linux-gnu/ld-linux-x86-64.so.2
7ffec09a3000-7ffec09c5000 rw-p 00000000 00:00 0                          [stack]
7ffec09d4000-7ffec09d8000 r--p 00000000 00:00 0                          [vvar]
7ffec09d8000-7ffec09da000 r-xp 00000000 00:00 0                          [vdso]
ffffffffff600000-ffffffffff601000 --xp 00000000 00:00 0                  [vsyscall]
Total number of mappings: 338


VM Arguments:
java_command: mohist.jar --installServer
java_class_path (initial): mohist.jar
Launcher Type: SUN_STANDARD

[Global flags]
     intx CICompilerCount                          = 3                                         {product} {ergonomic}
     uint ConcGCThreads                            = 1                                         {product} {ergonomic}
     uint G1ConcRefinementThreads                  = 4                                         {product} {ergonomic}
   size_t G1HeapRegionSize                         = 2097152                                   {product} {ergonomic}
    uintx GCDrainStackTargetSize                   = 64                                        {product} {ergonomic}
   size_t InitialHeapSize                          = 262144000                                 {product} {ergonomic}
   size_t MarkStackSize                            = 4194304                                   {product} {ergonomic}
   size_t MaxHeapSize                              = 4194304000                                {product} {ergonomic}
   size_t MaxNewSize                               = 2516582400                                {product} {ergonomic}
   size_t MinHeapDeltaBytes                        = 2097152                                   {product} {ergonomic}
   size_t MinHeapSize                              = 8388608                                   {product} {ergonomic}
    uintx NonNMethodCodeHeapSize                   = 5832780                                {pd product} {ergonomic}
    uintx NonProfiledCodeHeapSize                  = 122912730                              {pd product} {ergonomic}
    uintx ProfiledCodeHeapSize                     = 122912730                              {pd product} {ergonomic}
    uintx ReservedCodeCacheSize                    = 251658240                              {pd product} {ergonomic}
     bool SegmentedCodeCache                       = true                                      {product} {ergonomic}
   size_t SoftMaxHeapSize                          = 4194304000                             {manageable} {ergonomic}
     bool UseCompressedOops                        = true                           {product lp64_product} {ergonomic}
     bool UseG1GC                                  = true                                      {product} {ergonomic}

Logging:
Log output configuration:
 #0: stdout all=warning uptime,level,tags foldmultilines=false
 #1: stderr all=off uptime,level,tags foldmultilines=false

Environment Variables:
JAVA_HOME=/usr/local/sdkman/candidates/java/current
PATH=/usr/local/rvm/gems/ruby-3.4.1/bin:/usr/local/rvm/gems/ruby-3.4.1@global/bin:/usr/local/rvm/rubies/ruby-3.4.1/bin:/vscode/bin/linux-x64/488a1f239235055e34e673291fb8d8c810886f81/bin/remote-cli:/home/codespace/.local/bin:/home/codespace/.dotnet:/home/codespace/nvm/current/bin:/home/codespace/.php/current/bin:/home/codespace/.python/current/bin:/home/codespace/java/current/bin:/home/codespace/.ruby/current/bin:/home/codespace/.local/bin:/usr/local/python/current/bin:/usr/local/py-utils/bin:/usr/local/jupyter:/usr/local/oryx:/usr/local/go/bin:/go/bin:/usr/local/sdkman/bin:/usr/local/sdkman/candidates/java/current/bin:/usr/local/sdkman/candidates/gradle/current/bin:/usr/local/sdkman/candidates/maven/current/bin:/usr/local/sdkman/candidates/ant/current/bin:/usr/local/rvm/gems/default/bin:/usr/local/rvm/gems/default@global/bin:/usr/local/rvm/rubies/default/bin:/usr/local/share/rbenv/bin:/usr/local/php/current/bin:/opt/conda/bin:/usr/local/nvs:/usr/local/share/nvm/versions/node/v22.17.0/bin:/usr/local/hugo/bin:/usr/local/sbin:/usr/local/bin:/usr/sbin:/usr/bin:/sbin:/bin:/usr/share/dotnet:/home/codespace/.dotnet/tools:/usr/local/rvm/bin:/home/codespace/.vscode-remote/extensions/ms-python.debugpy-2025.10.0-linux-x64/bundled/scripts/noConfigScripts
LD_LIBRARY_PATH=/tmp/_MEINvR44Y
SHELL=/bin/bash
LANG=C.UTF-8
TERM=xterm-256color

Active Locale:
LC_ALL=C.UTF-8
LC_COLLATE=C.UTF-8
LC_CTYPE=C.UTF-8
LC_MESSAGES=C.UTF-8
LC_MONETARY=C.UTF-8
LC_NUMERIC=C.UTF-8
LC_TIME=C.UTF-8

Signal Handlers:
   SIGSEGV: crash_handler in libjvm.so, mask=11100100010111111101111111111110, flags=SA_RESTART|SA_SIGINFO, unblocked
    SIGBUS: crash_handler in libjvm.so, mask=11100100010111111101111111111110, flags=SA_RESTART|SA_SIGINFO, unblocked
    SIGFPE: crash_handler in libjvm.so, mask=11100100010111111101111111111110, flags=SA_RESTART|SA_SIGINFO, unblocked
   SIGPIPE: javaSignalHandler in libjvm.so, mask=11100100010111111101111111111110, flags=SA_RESTART|SA_SIGINFO, blocked
   SIGXFSZ: javaSignalHandler in libjvm.so, mask=11100100010111111101111111111110, flags=SA_RESTART|SA_SIGINFO, blocked
    SIGILL: crash_handler in libjvm.so, mask=11100100010111111101111111111110, flags=SA_RESTART|SA_SIGINFO, unblocked
   SIGUSR2: SR_handler in libjvm.so, mask=00000000000000000000000000000000, flags=SA_RESTART|SA_SIGINFO, blocked
    SIGHUP: UserHandler in libjvm.so, mask=11100100010111111101111111111110, flags=SA_RESTART|SA_SIGINFO, blocked
    SIGINT: UserHandler in libjvm.so, mask=11100100010111111101111111111110, flags=SA_RESTART|SA_SIGINFO, blocked
   SIGTERM: UserHandler in libjvm.so, mask=11100100010111111101111111111110, flags=SA_RESTART|SA_SIGINFO, blocked
   SIGQUIT: UserHandler in libjvm.so, mask=11100100010111111101111111111110, flags=SA_RESTART|SA_SIGINFO, blocked
   SIGTRAP: crash_handler in libjvm.so, mask=11100100010111111101111111111110, flags=SA_RESTART|SA_SIGINFO, unblocked


Periodic native trim disabled

---------------  S Y S T E M  ---------------

OS:
DISTRIB_ID=Ubuntu
DISTRIB_RELEASE=24.04
DISTRIB_CODENAME=noble
DISTRIB_DESCRIPTION="Ubuntu 24.04.2 LTS"
uname: Linux 6.8.0-1030-azure #35~22.04.1-Ubuntu SMP Mon May 26 18:08:30 UTC 2025 x86_64
OS uptime: 0 days 0:17 hours
libc: glibc 2.39 NPTL 2.39 
rlimit (soft/hard): STACK 8192k/infinity , CORE infinity/infinity , NPROC infinity/infinity , NOFILE 1048576/1048576 , AS infinity/infinity , CPU infinity/infinity , DATA infinity/infinity , FSIZE infinity/infinity , MEMLOCK 8192k/8192k
load average: 1.61 0.87 0.50

/proc/meminfo:
MemTotal:       16379888 kB
MemFree:          212872 kB
MemAvailable:   13541352 kB
Buffers:          195464 kB
Cached:         12956416 kB
SwapCached:            0 kB
Active:          3111596 kB
Inactive:       12127068 kB
Active(anon):    2125740 kB
Inactive(anon):    30952 kB
Active(file):     985856 kB
Inactive(file): 12096116 kB
Unevictable:       30916 kB
Mlocked:           27844 kB
SwapTotal:             0 kB
SwapFree:              0 kB
Zswap:                 0 kB
Zswapped:              0 kB
Dirty:             95652 kB
Writeback:             0 kB
AnonPages:       2080204 kB
Mapped:           603832 kB
Shmem:             60716 kB
KReclaimable:     592436 kB
Slab:             722588 kB
SReclaimable:     592436 kB
SUnreclaim:       130152 kB
KernelStack:        8560 kB
PageTables:        31820 kB
SecPageTables:         0 kB
NFS_Unstable:          0 kB
Bounce:                0 kB
WritebackTmp:          0 kB
CommitLimit:     8189944 kB
Committed_AS:    4070160 kB
VmallocTotal:   34359738367 kB
VmallocUsed:       40908 kB
VmallocChunk:          0 kB
Percpu:             2432 kB
HardwareCorrupted:     0 kB
AnonHugePages:    892928 kB
ShmemHugePages:        0 kB
ShmemPmdMapped:        0 kB
FileHugePages:         0 kB
FilePmdMapped:         0 kB
Unaccepted:            0 kB
HugePages_Total:       0
HugePages_Free:        0
HugePages_Rsvd:        0
HugePages_Surp:        0
Hugepagesize:       2048 kB
Hugetlb:               0 kB
DirectMap4k:      178112 kB
DirectMap2M:     9259008 kB
DirectMap1G:     9437184 kB

/sys/kernel/mm/transparent_hugepage/enabled: [always] madvise never
/sys/kernel/mm/transparent_hugepage/hpage_pmd_size: 2097152
/sys/kernel/mm/transparent_hugepage/defrag (defrag/compaction efforts parameter): always defer defer+madvise [madvise] never

Process Memory:
Virtual Size: 7880192K (peak: 7880192K)
Resident Set Size: 317128K (peak: 317128K) (anon: 292372K, file: 24756K, shmem: 0K)
Swapped out: 0K
C-Heap outstanding allocations: 73370K, retained: 18701K
glibc malloc tunables: (default)

/proc/sys/kernel/threads-max (system-wide limit on the number of threads): 127908
/proc/sys/vm/max_map_count (maximum number of memory map areas a process may have): 65530
/proc/sys/vm/swappiness (control to define how aggressively the kernel swaps out anonymous memory): 60
/proc/sys/kernel/pid_max (system-wide limit on number of process identifiers): 4194304

container (cgroup) information:
container_type: cgroupv2
cpu_cpuset_cpus: not supported
cpu_memory_nodes: not supported
active_processor_count: 4
cpu_quota: no quota
cpu_period: 100000
cpu_shares: no shares
memory_limit_in_bytes: unlimited
memory_and_swap_limit_in_bytes: unlimited
memory_soft_limit_in_bytes: unlimited
memory_usage_in_bytes: 3716236 k
memory_max_usage_in_bytes: not supported
memory_swap_current_in_bytes: unlimited
memory_swap_max_limit_in_bytes: unlimited
maximum number of tasks: unlimited
current number of tasks: 132

Hyper-V virtualization detected
Steal ticks since vm start: 0
Steal ticks percentage since vm start:  0.000

CPU: total 4 (initial active 4) (16 cores per cpu, 2 threads per core) family 25 model 1 stepping 1 microcode 0xffffffff, cx8, cmov, fxsr, ht, mmx, 3dnowpref, sse, sse2, sse3, ssse3, sse4a, sse4.1, sse4.2, popcnt, lzcnt, tsc, tscinvbit, avx, avx2, aes, erms, clmul, bmi1, bmi2, adx, sha, fma, vzeroupper, clflush, clflushopt, hv, rdtscp, rdpid, fsrm, f16c, cet_ss
CPU Model and flags from /proc/cpuinfo:
model name	: AMD EPYC 7763 64-Core Processor
flags		: fpu vme de pse tsc msr pae mce cx8 apic sep mtrr pge mca cmov pat pse36 clflush mmx fxsr sse sse2 ht syscall nx mmxext fxsr_opt pdpe1gb rdtscp lm constant_tsc rep_good nopl tsc_reliable nonstop_tsc cpuid extd_apicid aperfmperf tsc_known_freq pni pclmulqdq ssse3 fma cx16 pcid sse4_1 sse4_2 movbe popcnt aes xsave avx f16c rdrand hypervisor lahf_lm cmp_legacy svm cr8_legacy abm sse4a misalignsse 3dnowprefetch osvw topoext vmmcall fsgsbase bmi1 avx2 smep bmi2 erms invpcid rdseed adx smap clflushopt clwb sha_ni xsaveopt xsavec xgetbv1 xsaves user_shstk clzero xsaveerptr rdpru arat npt nrip_save tsc_scale vmcb_clean flushbyasid decodeassists pausefilter pfthreshold v_vmsave_vmload umip vaes vpclmulqdq rdpid fsrm

Online cpus: 0-3
Offline cpus: 
BIOS frequency limitation: <Not Available>
Frequency switch latency (ns): <Not Available>
Available cpu frequencies: <Not Available>
Current governor: <Not Available>
Core performance/turbo boost: <Not Available>

Memory: 4k page, physical 16379888k(13541352k free), swap 0k(0k free)
Page Sizes: 4k

vm_info: OpenJDK 64-Bit Server VM (21.0.7+6-LTS) for linux-amd64 JRE (21.0.7+6-LTS), built on 2025-04-09T22:25:01Z by "MicrosoftCorporation" with gcc 11.3.0

END.
