[30Jul2025 23:53:20.949] [main/INFO] [cpw.mods.modlauncher.Launcher/MODLAUNCHER]: ModLauncher running: args [--launchTarget, forgeserver, --fml.forgeVersion, 47.3.7, --fml.mcVersion, 1.20.1, --fml.forgeGroup, net.minecraftforge, --fml.mcpVersion, 20230612.114412, nogui]
[30Jul2025 23:53:20.954] [main/INFO] [cpw.mods.modlauncher.Launcher/MODLAUNCHER]: ModLauncher 10.0.9+10.0.9+main.dcd20f30 starting: java version 17.0.15 by Ubuntu; OS Linux arch amd64 version 6.8.0-1030-azure
[30Jul2025 23:53:20.981] [main/DEBUG] [cpw.mods.modlauncher.LaunchServiceHandler/MODLAUNCHER]: Found launch services [fmlclientdev,forgeclient,minecraft,forgegametestserverdev,fmlserveruserdev,fmlclient,fmldatauserdev,forgeserverdev,forgeserveruserdev,forgeclientdev,forgeclientuserdev,forgeserver,forgedatadev,fmlserver,fmlclientuserdev,fmlserverdev,forgedatauserdev,testharness,forgegametestserveruserdev]
[30Jul2025 23:53:20.993] [main/DEBUG] [cpw.mods.modlauncher.NameMappingServiceHandler/MODLAUNCHER]: Found naming services : [srgtomcp]
[30Jul2025 23:53:21.008] [main/DEBUG] [cpw.mods.modlauncher.LaunchPluginHandler/MODLAUNCHER]: Found launch plugins: [mixin,eventbus,slf4jfixer,object_holder_definalize,runtime_enum_extender,capability_token_subclass,accesstransformer,runtimedistcleaner]
[30Jul2025 23:53:21.020] [main/DEBUG] [cpw.mods.modlauncher.TransformationServicesHandler/MODLAUNCHER]: Discovering transformation services
[30Jul2025 23:53:21.025] [main/DEBUG] [net.minecraftforge.fml.loading.FMLPaths/CORE]: Path GAMEDIR is /workspaces/ServeraMC/servidor_minecraft
[30Jul2025 23:53:21.026] [main/DEBUG] [net.minecraftforge.fml.loading.FMLPaths/CORE]: Path MODSDIR is /workspaces/ServeraMC/servidor_minecraft/mods
[30Jul2025 23:53:21.026] [main/DEBUG] [net.minecraftforge.fml.loading.FMLPaths/CORE]: Path CONFIGDIR is /workspaces/ServeraMC/servidor_minecraft/config
[30Jul2025 23:53:21.026] [main/DEBUG] [net.minecraftforge.fml.loading.FMLPaths/CORE]: Path FMLCONFIG is /workspaces/ServeraMC/servidor_minecraft/config/fml.toml
[30Jul2025 23:53:21.447] [main/DEBUG] [cpw.mods.modlauncher.TransformationServicesHandler/MODLAUNCHER]: Found additional transformation services from discovery services: 
[30Jul2025 23:53:21.456] [main/INFO] [net.minecraftforge.fml.loading.ImmediateWindowHandler/]: ImmediateWindowProvider not loading because launch target is forgeserver
[30Jul2025 23:53:21.466] [main/DEBUG] [cpw.mods.modlauncher.TransformationServicesHandler/MODLAUNCHER]: Found transformer services : [mixin,fml]
[30Jul2025 23:53:21.466] [main/DEBUG] [cpw.mods.modlauncher.TransformationServicesHandler/MODLAUNCHER]: Transformation services loading
[30Jul2025 23:53:21.467] [main/DEBUG] [cpw.mods.modlauncher.TransformationServiceDecorator/MODLAUNCHER]: Loading service mixin
[30Jul2025 23:53:21.467] [main/DEBUG] [cpw.mods.modlauncher.TransformationServiceDecorator/MODLAUNCHER]: Loaded service mixin
[30Jul2025 23:53:21.467] [main/DEBUG] [cpw.mods.modlauncher.TransformationServiceDecorator/MODLAUNCHER]: Loading service fml
[30Jul2025 23:53:21.468] [main/DEBUG] [net.minecraftforge.fml.loading.LauncherVersion/CORE]: Found FMLLauncher version 1.0
[30Jul2025 23:53:21.468] [main/DEBUG] [net.minecraftforge.fml.loading.FMLLoader/CORE]: FML 1.0 loading
[30Jul2025 23:53:21.469] [main/DEBUG] [net.minecraftforge.fml.loading.FMLLoader/CORE]: FML found ModLauncher version : 10.0.9+10.0.9+main.dcd20f30
[30Jul2025 23:53:21.469] [main/DEBUG] [net.minecraftforge.fml.loading.FMLLoader/CORE]: FML found AccessTransformer version : 8.0.4+66+master.c09db6d7
[30Jul2025 23:53:21.469] [main/DEBUG] [net.minecraftforge.fml.loading.FMLLoader/CORE]: FML found EventBus version : 6.0.5+6.0.5+master.eb8e549b
[30Jul2025 23:53:21.470] [main/DEBUG] [net.minecraftforge.fml.loading.FMLLoader/CORE]: Found Runtime Dist Cleaner
[30Jul2025 23:53:21.471] [main/DEBUG] [net.minecraftforge.fml.loading.FMLLoader/CORE]: FML found CoreMod version : 5.1.6
[30Jul2025 23:53:21.472] [main/DEBUG] [net.minecraftforge.fml.loading.FMLLoader/CORE]: Found ForgeSPI package implementation version 7.0.1+7.0.1+master.d2b38bf6
[30Jul2025 23:53:21.472] [main/DEBUG] [net.minecraftforge.fml.loading.FMLLoader/CORE]: Found ForgeSPI package specification 5
[30Jul2025 23:53:21.472] [main/DEBUG] [cpw.mods.modlauncher.TransformationServiceDecorator/MODLAUNCHER]: Loaded service fml
[30Jul2025 23:53:21.473] [main/DEBUG] [cpw.mods.modlauncher.TransformationServicesHandler/MODLAUNCHER]: Configuring option handling for services
[30Jul2025 23:53:21.480] [main/DEBUG] [cpw.mods.modlauncher.TransformationServicesHandler/MODLAUNCHER]: Transformation services initializing
[30Jul2025 23:53:21.481] [main/DEBUG] [cpw.mods.modlauncher.TransformationServiceDecorator/MODLAUNCHER]: Initializing transformation service mixin
[30Jul2025 23:53:21.494] [main/DEBUG] [mixin/]: MixinService [ModLauncher] was successfully booted in cpw.mods.cl.ModuleClassLoader@1e7c7811
[30Jul2025 23:53:21.510] [main/INFO] [mixin/]: SpongePowered MIXIN Subsystem Version=0.8.5 Source=union:/workspaces/ServeraMC/servidor_minecraft/libraries/org/spongepowered/mixin/0.8.5/mixin-0.8.5.jar%2365!/ Service=ModLauncher Env=SERVER
[30Jul2025 23:53:21.513] [main/DEBUG] [mixin/]: Initialising Mixin Platform Manager
[30Jul2025 23:53:21.514] [main/DEBUG] [mixin/]: Adding mixin platform agents for container ModLauncher Root Container(ModLauncher:4f56a0a2)
[30Jul2025 23:53:21.514] [main/DEBUG] [mixin/]: Instancing new MixinPlatformAgentMinecraftForge for ModLauncher Root Container(ModLauncher:4f56a0a2)
[30Jul2025 23:53:21.515] [main/DEBUG] [mixin/]: MixinPlatformAgentMinecraftForge rejected container ModLauncher Root Container(ModLauncher:4f56a0a2)
[30Jul2025 23:53:21.515] [main/DEBUG] [mixin/]: Instancing new MixinPlatformAgentDefault for ModLauncher Root Container(ModLauncher:4f56a0a2)
[30Jul2025 23:53:21.516] [main/DEBUG] [mixin/]: MixinPlatformAgentDefault accepted container ModLauncher Root Container(ModLauncher:4f56a0a2)
[30Jul2025 23:53:21.518] [main/DEBUG] [cpw.mods.modlauncher.TransformationServiceDecorator/MODLAUNCHER]: Initialized transformation service mixin
[30Jul2025 23:53:21.518] [main/DEBUG] [cpw.mods.modlauncher.TransformationServiceDecorator/MODLAUNCHER]: Initializing transformation service fml
[30Jul2025 23:53:21.518] [main/DEBUG] [net.minecraftforge.fml.loading.FMLServiceProvider/CORE]: Setting up basic FML game directories
[30Jul2025 23:53:21.519] [main/DEBUG] [net.minecraftforge.fml.loading.FMLPaths/CORE]: Path GAMEDIR is /workspaces/ServeraMC/servidor_minecraft
[30Jul2025 23:53:21.519] [main/DEBUG] [net.minecraftforge.fml.loading.FMLPaths/CORE]: Path MODSDIR is /workspaces/ServeraMC/servidor_minecraft/mods
[30Jul2025 23:53:21.519] [main/DEBUG] [net.minecraftforge.fml.loading.FMLPaths/CORE]: Path CONFIGDIR is /workspaces/ServeraMC/servidor_minecraft/config
[30Jul2025 23:53:21.519] [main/DEBUG] [net.minecraftforge.fml.loading.FMLPaths/CORE]: Path FMLCONFIG is /workspaces/ServeraMC/servidor_minecraft/config/fml.toml
[30Jul2025 23:53:21.519] [main/DEBUG] [net.minecraftforge.fml.loading.FMLServiceProvider/CORE]: Loading configuration
[30Jul2025 23:53:21.522] [main/DEBUG] [net.minecraftforge.fml.loading.FMLServiceProvider/CORE]: Preparing ModFile
[30Jul2025 23:53:21.525] [main/DEBUG] [net.minecraftforge.fml.loading.FMLServiceProvider/CORE]: Preparing launch handler
[30Jul2025 23:53:21.526] [main/DEBUG] [net.minecraftforge.fml.loading.FMLLoader/CORE]: Using forgeserver as launch service
[30Jul2025 23:53:21.539] [main/DEBUG] [net.minecraftforge.fml.loading.FMLLoader/CORE]: Received command line version data  : VersionInfo[forgeVersion=47.3.7, mcVersion=1.20.1, mcpVersion=20230612.114412, forgeGroup=net.minecraftforge]
[30Jul2025 23:53:21.541] [main/DEBUG] [cpw.mods.modlauncher.TransformationServiceDecorator/MODLAUNCHER]: Initialized transformation service fml
[30Jul2025 23:53:21.541] [main/DEBUG] [cpw.mods.modlauncher.NameMappingServiceHandler/MODLAUNCHER]: Current naming domain is 'srg'
[30Jul2025 23:53:21.542] [main/DEBUG] [cpw.mods.modlauncher.NameMappingServiceHandler/MODLAUNCHER]: Identified name mapping providers {}
[30Jul2025 23:53:21.542] [main/DEBUG] [cpw.mods.modlauncher.TransformationServicesHandler/MODLAUNCHER]: Transformation services begin scanning
[30Jul2025 23:53:21.543] [main/DEBUG] [cpw.mods.modlauncher.TransformationServiceDecorator/MODLAUNCHER]: Beginning scan trigger - transformation service mixin
[30Jul2025 23:53:21.543] [main/DEBUG] [cpw.mods.modlauncher.TransformationServiceDecorator/MODLAUNCHER]: End scan trigger - transformation service mixin
[30Jul2025 23:53:21.543] [main/DEBUG] [cpw.mods.modlauncher.TransformationServiceDecorator/MODLAUNCHER]: Beginning scan trigger - transformation service fml
[30Jul2025 23:53:21.543] [main/DEBUG] [net.minecraftforge.fml.loading.FMLServiceProvider/CORE]: Initiating mod scan
[30Jul2025 23:53:21.552] [main/DEBUG] [net.minecraftforge.fml.loading.moddiscovery.ModListHandler/CORE]: Found mod coordinates from lists: []
[30Jul2025 23:53:21.555] [main/DEBUG] [net.minecraftforge.fml.loading.moddiscovery.ModDiscoverer/CORE]: Found Mod Locators : (mods folder:null),(maven libs:null),(exploded directory:null),(minecraft:null),(userdev classpath:null)
[30Jul2025 23:53:21.556] [main/DEBUG] [net.minecraftforge.fml.loading.moddiscovery.ModDiscoverer/CORE]: Found Dependency Locators : (JarInJar:null)
[30Jul2025 23:53:21.565] [main/DEBUG] [net.minecraftforge.fml.loading.moddiscovery.ModFileParser/LOADING]: Considering mod file candidate /workspaces/ServeraMC/servidor_minecraft/mods/aaa_particles-1.20.1-1.4.11-forge.jar
[30Jul2025 23:53:21.613] [main/DEBUG] [net.minecraftforge.fml.loading.moddiscovery.ModFileInfo/LOADING]: Found valid mod file aaa_particles-1.20.1-1.4.11-forge.jar with {aaa_particles} mods - versions {1.20.1-1.4.11}
[30Jul2025 23:53:21.614] [main/DEBUG] [net.minecraftforge.fml.loading.moddiscovery.ModFileParser/LOADING]: Considering mod file candidate /workspaces/ServeraMC/servidor_minecraft/mods/Alex's Mobs Music Mod 1.20.1 v1.1.0.jar
[30Jul2025 23:53:21.617] [main/DEBUG] [net.minecraftforge.fml.loading.moddiscovery.ModFileInfo/LOADING]: Found valid mod file Alex's Mobs Music Mod 1.20.1 v1.1.0.jar with {alexs_mobs_extra_music} mods - versions {1.1.0}
[30Jul2025 23:53:21.623] [main/DEBUG] [net.minecraftforge.fml.loading.moddiscovery.ModFileParser/LOADING]: Considering mod file candidate /workspaces/ServeraMC/servidor_minecraft/mods/alexscaves-2.0.2.jar
[30Jul2025 23:53:21.625] [main/DEBUG] [net.minecraftforge.fml.loading.moddiscovery.ModFileInfo/LOADING]: Found valid mod file alexscaves-2.0.2.jar with {alexscaves} mods - versions {2.0.2}
[30Jul2025 23:53:21.629] [main/DEBUG] [net.minecraftforge.fml.loading.moddiscovery.ModFileParser/LOADING]: Considering mod file candidate /workspaces/ServeraMC/servidor_minecraft/mods/alexsmobs-1.22.9.jar
[30Jul2025 23:53:21.630] [main/DEBUG] [net.minecraftforge.fml.loading.moddiscovery.ModFileInfo/LOADING]: Found valid mod file alexsmobs-1.22.9.jar with {alexsmobs} mods - versions {1.22.9}
[30Jul2025 23:53:21.631] [main/DEBUG] [net.minecraftforge.fml.loading.moddiscovery.ModFileParser/LOADING]: Considering mod file candidate /workspaces/ServeraMC/servidor_minecraft/mods/AmbientSounds_FORGE_v6.1.11_mc1.20.1.jar
[30Jul2025 23:53:21.633] [main/DEBUG] [net.minecraftforge.fml.loading.moddiscovery.ModFileInfo/LOADING]: Found valid mod file AmbientSounds_FORGE_v6.1.11_mc1.20.1.jar with {ambientsounds} mods - versions {6.1.11}
[30Jul2025 23:53:21.633] [main/DEBUG] [net.minecraftforge.fml.loading.moddiscovery.ModFileParser/LOADING]: Considering mod file candidate /workspaces/ServeraMC/servidor_minecraft/mods/appleskin-forge-mc1.20.1-2.5.1.jar
[30Jul2025 23:53:21.637] [main/DEBUG] [net.minecraftforge.fml.loading.moddiscovery.ModFileInfo/LOADING]: Found valid mod file appleskin-forge-mc1.20.1-2.5.1.jar with {appleskin} mods - versions {2.5.1+mc1.20.1}
[30Jul2025 23:53:21.638] [main/DEBUG] [net.minecraftforge.fml.loading.moddiscovery.ModFileParser/LOADING]: Considering mod file candidate /workspaces/ServeraMC/servidor_minecraft/mods/balm-forge-1.20.1-7.3.31-all.jar
[30Jul2025 23:53:21.639] [main/DEBUG] [net.minecraftforge.fml.loading.moddiscovery.ModFileInfo/LOADING]: Found valid mod file balm-forge-1.20.1-7.3.31-all.jar with {balm} mods - versions {7.3.31}
[30Jul2025 23:53:21.640] [main/DEBUG] [net.minecraftforge.fml.loading.moddiscovery.ModFileParser/LOADING]: Considering mod file candidate /workspaces/ServeraMC/servidor_minecraft/mods/carryon-forge-1.20.1-2.1.2.7.jar
[30Jul2025 23:53:21.641] [main/DEBUG] [net.minecraftforge.fml.loading.moddiscovery.ModFileInfo/LOADING]: Found valid mod file carryon-forge-1.20.1-2.1.2.7.jar with {carryon} mods - versions {2.1.2.7}
[30Jul2025 23:53:21.642] [main/DEBUG] [net.minecraftforge.fml.loading.moddiscovery.ModFileParser/LOADING]: Considering mod file candidate /workspaces/ServeraMC/servidor_minecraft/mods/CGM-Unofficial-1.4.18+Forge+1.20.1.jar
[30Jul2025 23:53:21.644] [main/DEBUG] [net.minecraftforge.fml.loading.moddiscovery.ModFileInfo/LOADING]: Found valid mod file CGM-Unofficial-1.4.18+Forge+1.20.1.jar with {cgm} mods - versions {1.4.18}
[30Jul2025 23:53:21.646] [main/DEBUG] [net.minecraftforge.fml.loading.moddiscovery.ModFileParser/LOADING]: Considering mod file candidate /workspaces/ServeraMC/servidor_minecraft/mods/citadel-2.6.2-1.20.1.jar
[30Jul2025 23:53:21.647] [main/DEBUG] [net.minecraftforge.fml.loading.moddiscovery.ModFileInfo/LOADING]: Found valid mod file citadel-2.6.2-1.20.1.jar with {citadel} mods - versions {2.6.2}
[30Jul2025 23:53:21.648] [main/DEBUG] [net.minecraftforge.fml.loading.moddiscovery.ModFileParser/LOADING]: Considering mod file candidate /workspaces/ServeraMC/servidor_minecraft/mods/CreativeCore_FORGE_v2.12.32_mc1.20.1.jar
[30Jul2025 23:53:21.649] [main/DEBUG] [net.minecraftforge.fml.loading.moddiscovery.ModFileInfo/LOADING]: Found valid mod file CreativeCore_FORGE_v2.12.32_mc1.20.1.jar with {creativecore} mods - versions {2.12.32}
[30Jul2025 23:53:21.649] [main/DEBUG] [net.minecraftforge.fml.loading.moddiscovery.ModFileParser/LOADING]: Considering mod file candidate /workspaces/ServeraMC/servidor_minecraft/mods/curios-forge-5.14.1+1.20.1.jar
[30Jul2025 23:53:21.650] [main/DEBUG] [net.minecraftforge.fml.loading.moddiscovery.ModFileInfo/LOADING]: Found valid mod file curios-forge-5.14.1+1.20.1.jar with {curios} mods - versions {5.14.1+1.20.1}
[30Jul2025 23:53:21.651] [main/DEBUG] [net.minecraftforge.fml.loading.moddiscovery.ModFileParser/LOADING]: Considering mod file candidate /workspaces/ServeraMC/servidor_minecraft/mods/dragonseeker-1.2.0-1.20.1.jar
[30Jul2025 23:53:21.652] [main/DEBUG] [net.minecraftforge.fml.loading.moddiscovery.ModFileInfo/LOADING]: Found valid mod file dragonseeker-1.2.0-1.20.1.jar with {dragonseeker} mods - versions {1.2.0-1.20.1}
[30Jul2025 23:53:21.653] [main/DEBUG] [net.minecraftforge.fml.loading.moddiscovery.ModFileParser/LOADING]: Considering mod file candidate /workspaces/ServeraMC/servidor_minecraft/mods/firstaid-1.20.1-1.1.jar
[30Jul2025 23:53:21.654] [main/DEBUG] [net.minecraftforge.fml.loading.moddiscovery.ModFileInfo/LOADING]: Found valid mod file firstaid-1.20.1-1.1.jar with {firstaid} mods - versions {1.20.1-1.1}
[30Jul2025 23:53:21.657] [main/DEBUG] [net.minecraftforge.fml.loading.moddiscovery.ModFileParser/LOADING]: Considering mod file candidate /workspaces/ServeraMC/servidor_minecraft/mods/framework-forge-1.20.1-0.7.15.jar
[30Jul2025 23:53:21.658] [main/DEBUG] [net.minecraftforge.fml.loading.moddiscovery.ModFileInfo/LOADING]: Found valid mod file framework-forge-1.20.1-0.7.15.jar with {framework} mods - versions {0.7.15}
[30Jul2025 23:53:21.659] [main/DEBUG] [net.minecraftforge.fml.loading.moddiscovery.ModFileParser/LOADING]: Considering mod file candidate /workspaces/ServeraMC/servidor_minecraft/mods/geckolib-forge-1.20.1-4.7.2.jar
[30Jul2025 23:53:21.660] [main/DEBUG] [net.minecraftforge.fml.loading.moddiscovery.ModFileInfo/LOADING]: Found valid mod file geckolib-forge-1.20.1-4.7.2.jar with {geckolib} mods - versions {4.7.2}
[30Jul2025 23:53:21.682] [main/DEBUG] [net.minecraftforge.fml.loading.moddiscovery.ModFileParser/LOADING]: Considering mod file candidate /workspaces/ServeraMC/servidor_minecraft/mods/HammerLib-1.20.1-20.1.50.jar
[30Jul2025 23:53:21.683] [main/DEBUG] [net.minecraftforge.fml.loading.moddiscovery.ModFileInfo/LOADING]: Found valid mod file HammerLib-1.20.1-20.1.50.jar with {hammerlib} mods - versions {20.1.50}
[30Jul2025 23:53:21.687] [main/DEBUG] [net.minecraftforge.fml.loading.moddiscovery.ModFileParser/LOADING]: Considering mod file candidate /workspaces/ServeraMC/servidor_minecraft/mods/iceandfire-2.1.13-1.20.1-beta-5.jar
[30Jul2025 23:53:21.688] [main/DEBUG] [net.minecraftforge.fml.loading.moddiscovery.ModFileInfo/LOADING]: Found valid mod file iceandfire-2.1.13-1.20.1-beta-5.jar with {iceandfire} mods - versions {2.1.13-1.20.1}
[30Jul2025 23:53:21.707] [main/DEBUG] [net.minecraftforge.fml.loading.moddiscovery.ModFileParser/LOADING]: Considering mod file candidate /workspaces/ServeraMC/servidor_minecraft/mods/ImprovableSkills-1.20.1-20.1.13.jar
[30Jul2025 23:53:21.709] [main/DEBUG] [net.minecraftforge.fml.loading.moddiscovery.ModFileInfo/LOADING]: Found valid mod file ImprovableSkills-1.20.1-20.1.13.jar with {improvableskills} mods - versions {20.1.13}
[30Jul2025 23:53:21.710] [main/DEBUG] [net.minecraftforge.fml.loading.moddiscovery.ModFileParser/LOADING]: Considering mod file candidate /workspaces/ServeraMC/servidor_minecraft/mods/Jade-1.20.1-Forge-11.13.1.jar
[30Jul2025 23:53:21.711] [main/DEBUG] [net.minecraftforge.fml.loading.moddiscovery.ModFileInfo/LOADING]: Found valid mod file Jade-1.20.1-Forge-11.13.1.jar with {jade} mods - versions {11.13.1+forge}
[30Jul2025 23:53:21.712] [main/DEBUG] [net.minecraftforge.fml.loading.moddiscovery.ModFileParser/LOADING]: Considering mod file candidate /workspaces/ServeraMC/servidor_minecraft/mods/jei-1.20.1-forge-15.20.0.106.jar
[30Jul2025 23:53:21.714] [main/DEBUG] [net.minecraftforge.fml.loading.moddiscovery.ModFileInfo/LOADING]: Found valid mod file jei-1.20.1-forge-15.20.0.106.jar with {jei} mods - versions {15.20.0.106}
[30Jul2025 23:53:21.717] [main/DEBUG] [net.minecraftforge.fml.loading.moddiscovery.ModFileParser/LOADING]: Considering mod file candidate /workspaces/ServeraMC/servidor_minecraft/mods/L_Enders_Cataclysm-3.03.jar
[30Jul2025 23:53:21.719] [main/DEBUG] [net.minecraftforge.fml.loading.moddiscovery.ModFileInfo/LOADING]: Found valid mod file L_Enders_Cataclysm-3.03.jar with {cataclysm} mods - versions {3.03}
[30Jul2025 23:53:21.720] [main/DEBUG] [net.minecraftforge.fml.loading.moddiscovery.ModFileParser/LOADING]: Considering mod file candidate /workspaces/ServeraMC/servidor_minecraft/mods/lionfishapi-2.4-Fix.jar
[30Jul2025 23:53:21.721] [main/DEBUG] [net.minecraftforge.fml.loading.moddiscovery.ModFileInfo/LOADING]: Found valid mod file lionfishapi-2.4-Fix.jar with {lionfishapi} mods - versions {2.4-Fix}
[30Jul2025 23:53:21.722] [main/DEBUG] [net.minecraftforge.fml.loading.moddiscovery.ModFileParser/LOADING]: Considering mod file candidate /workspaces/ServeraMC/servidor_minecraft/mods/lodestone-1.20.1-1.6.4.1.jar
[30Jul2025 23:53:21.722] [main/DEBUG] [net.minecraftforge.fml.loading.moddiscovery.ModFileInfo/LOADING]: Found valid mod file lodestone-1.20.1-1.6.4.1.jar with {lodestone} mods - versions {1.20.1-1.6.4.1}
[30Jul2025 23:53:21.723] [main/DEBUG] [net.minecraftforge.fml.loading.moddiscovery.ModFileParser/LOADING]: Considering mod file candidate /workspaces/ServeraMC/servidor_minecraft/mods/NaturesCompass-1.20.1-1.11.2-forge.jar
[30Jul2025 23:53:21.724] [main/DEBUG] [net.minecraftforge.fml.loading.moddiscovery.ModFileInfo/LOADING]: Found valid mod file NaturesCompass-1.20.1-1.11.2-forge.jar with {naturescompass} mods - versions {1.20.1-1.11.2-forge}
[30Jul2025 23:53:21.724] [main/DEBUG] [net.minecraftforge.fml.loading.moddiscovery.ModFileParser/LOADING]: Considering mod file candidate /workspaces/ServeraMC/servidor_minecraft/mods/OctoLib-FORGE-0.5.0.1+1.20.1.jar
[30Jul2025 23:53:21.725] [main/DEBUG] [net.minecraftforge.fml.loading.moddiscovery.ModFileInfo/LOADING]: Found valid mod file OctoLib-FORGE-0.5.0.1+1.20.1.jar with {octolib} mods - versions {0.5.0.1}
[30Jul2025 23:53:21.726] [main/DEBUG] [net.minecraftforge.fml.loading.moddiscovery.ModFileParser/LOADING]: Considering mod file candidate /workspaces/ServeraMC/servidor_minecraft/mods/relics-1.20.1-0.8.0.9.jar
[30Jul2025 23:53:21.727] [main/DEBUG] [net.minecraftforge.fml.loading.moddiscovery.ModFileInfo/LOADING]: Found valid mod file relics-1.20.1-0.8.0.9.jar with {relics} mods - versions {0.8.0.9}
[30Jul2025 23:53:21.728] [main/DEBUG] [net.minecraftforge.fml.loading.moddiscovery.ModFileParser/LOADING]: Considering mod file candidate /workspaces/ServeraMC/servidor_minecraft/mods/reskillable-3.3.2-1.20.1.jar
[30Jul2025 23:53:21.728] [main/DEBUG] [net.minecraftforge.fml.loading.moddiscovery.ModFileInfo/LOADING]: Found valid mod file reskillable-3.3.2-1.20.1.jar with {reskillable} mods - versions {3.3.2-1.20.1}
[30Jul2025 23:53:21.729] [main/DEBUG] [net.minecraftforge.fml.loading.moddiscovery.ModFileParser/LOADING]: Considering mod file candidate /workspaces/ServeraMC/servidor_minecraft/mods/sandworm_mod-1.1.1.jar
[30Jul2025 23:53:21.730] [main/DEBUG] [net.minecraftforge.fml.loading.moddiscovery.ModFileInfo/LOADING]: Found valid mod file sandworm_mod-1.1.1.jar with {sandworm_mod} mods - versions {1.1.1}
[30Jul2025 23:53:21.730] [main/DEBUG] [net.minecraftforge.fml.loading.moddiscovery.ModFileParser/LOADING]: Considering mod file candidate /workspaces/ServeraMC/servidor_minecraft/mods/Saros-First-Aid-Mod-1.20.1-1.3.jar
[30Jul2025 23:53:21.731] [main/DEBUG] [net.minecraftforge.fml.loading.moddiscovery.ModFileInfo/LOADING]: Found valid mod file Saros-First-Aid-Mod-1.20.1-1.3.jar with {saros_first_aid_mod} mods - versions {1.0.0}
[30Jul2025 23:53:21.732] [main/DEBUG] [net.minecraftforge.fml.loading.moddiscovery.ModFileParser/LOADING]: Considering mod file candidate /workspaces/ServeraMC/servidor_minecraft/mods/sophisticatedbackpacks-1.20.1-3.23.19.1263.jar
[30Jul2025 23:53:21.733] [main/DEBUG] [net.minecraftforge.fml.loading.moddiscovery.ModFileInfo/LOADING]: Found valid mod file sophisticatedbackpacks-1.20.1-3.23.19.1263.jar with {sophisticatedbackpacks} mods - versions {3.23.19.1263}
[30Jul2025 23:53:21.734] [main/DEBUG] [net.minecraftforge.fml.loading.moddiscovery.ModFileParser/LOADING]: Considering mod file candidate /workspaces/ServeraMC/servidor_minecraft/mods/sophisticatedcore-1.20.1-1.2.71.1022.jar
[30Jul2025 23:53:21.735] [main/DEBUG] [net.minecraftforge.fml.loading.moddiscovery.ModFileInfo/LOADING]: Found valid mod file sophisticatedcore-1.20.1-1.2.71.1022.jar with {sophisticatedcore} mods - versions {1.2.71.1022}
[30Jul2025 23:53:21.736] [main/DEBUG] [net.minecraftforge.fml.loading.moddiscovery.ModFileParser/LOADING]: Considering mod file candidate /workspaces/ServeraMC/servidor_minecraft/mods/sound-physics-remastered-forge-1.20.1-1.4.13.jar
[30Jul2025 23:53:21.736] [main/DEBUG] [net.minecraftforge.fml.loading.moddiscovery.ModFileInfo/LOADING]: Found valid mod file sound-physics-remastered-forge-1.20.1-1.4.13.jar with {sound_physics_remastered} mods - versions {1.20.1-1.4.13}
[30Jul2025 23:53:21.738] [main/DEBUG] [net.minecraftforge.fml.loading.moddiscovery.ModFileParser/LOADING]: Considering mod file candidate /workspaces/ServeraMC/servidor_minecraft/mods/Thalassophobia-forge-1.20.1-1.4.jar
[30Jul2025 23:53:21.738] [main/DEBUG] [net.minecraftforge.fml.loading.moddiscovery.ModFileInfo/LOADING]: Found valid mod file Thalassophobia-forge-1.20.1-1.4.jar with {thalassophobia} mods - versions {1.0.0}
[30Jul2025 23:53:21.740] [main/DEBUG] [net.minecraftforge.fml.loading.moddiscovery.ModFileParser/LOADING]: Considering mod file candidate /workspaces/ServeraMC/servidor_minecraft/mods/tombstone-1.20.1-8.9.8.jar
[30Jul2025 23:53:21.741] [main/DEBUG] [net.minecraftforge.fml.loading.moddiscovery.ModFileInfo/LOADING]: Found valid mod file tombstone-1.20.1-8.9.8.jar with {tombstone} mods - versions {8.9.8}
[30Jul2025 23:53:21.746] [main/DEBUG] [net.minecraftforge.fml.loading.moddiscovery.ModFileParser/LOADING]: Considering mod file candidate /workspaces/ServeraMC/servidor_minecraft/mods/twilightforest-1.20.1-4.3.2508-universal.jar
[30Jul2025 23:53:21.747] [main/DEBUG] [net.minecraftforge.fml.loading.moddiscovery.ModFileInfo/LOADING]: Found valid mod file twilightforest-1.20.1-4.3.2508-universal.jar with {twilightforest} mods - versions {4.3.2508}
[30Jul2025 23:53:21.749] [main/DEBUG] [net.minecraftforge.fml.loading.moddiscovery.ModFileParser/LOADING]: Considering mod file candidate /workspaces/ServeraMC/servidor_minecraft/mods/voicechat-forge-1.20.1-2.5.30.jar
[30Jul2025 23:53:21.750] [main/DEBUG] [net.minecraftforge.fml.loading.moddiscovery.ModFileInfo/LOADING]: Found valid mod file voicechat-forge-1.20.1-2.5.30.jar with {voicechat} mods - versions {1.20.1-2.5.30}
[30Jul2025 23:53:21.751] [main/DEBUG] [net.minecraftforge.fml.loading.moddiscovery.ModFileParser/LOADING]: Considering mod file candidate /workspaces/ServeraMC/servidor_minecraft/mods/waystones-forge-1.20.1-14.1.13.jar
[30Jul2025 23:53:21.752] [main/DEBUG] [net.minecraftforge.fml.loading.moddiscovery.ModFileInfo/LOADING]: Found valid mod file waystones-forge-1.20.1-14.1.13.jar with {waystones} mods - versions {14.1.13}
[30Jul2025 23:53:21.752] [main/DEBUG] [net.minecraftforge.fml.loading.moddiscovery.ModFileParser/LOADING]: Considering mod file candidate /workspaces/ServeraMC/servidor_minecraft/mods/XaerosWorldMap_1.39.9_Forge_1.20.jar
[30Jul2025 23:53:21.753] [main/DEBUG] [net.minecraftforge.fml.loading.moddiscovery.ModFileInfo/LOADING]: Found valid mod file XaerosWorldMap_1.39.9_Forge_1.20.jar with {xaeroworldmap} mods - versions {1.39.9}
[30Jul2025 23:53:21.863] [main/DEBUG] [net.minecraftforge.fml.loading.moddiscovery.ModFileInfo/LOADING]: Found valid mod file server-1.20.1-20230612.114412-srg.jar with {minecraft} mods - versions {1.20.1}
[30Jul2025 23:53:21.865] [main/DEBUG] [net.minecraftforge.fml.loading.moddiscovery.ModFileParser/LOADING]: Considering mod file candidate /workspaces/ServeraMC/servidor_minecraft/libraries/net/minecraftforge/fmlcore/1.20.1-47.3.7/fmlcore-1.20.1-47.3.7.jar
[30Jul2025 23:53:21.865] [main/WARN] [net.minecraftforge.fml.loading.moddiscovery.ModFileParser/LOADING]: Mod file /workspaces/ServeraMC/servidor_minecraft/libraries/net/minecraftforge/fmlcore/1.20.1-47.3.7/fmlcore-1.20.1-47.3.7.jar is missing mods.toml file
[30Jul2025 23:53:21.867] [main/DEBUG] [net.minecraftforge.fml.loading.moddiscovery.ModFileParser/LOADING]: Considering mod file candidate /workspaces/ServeraMC/servidor_minecraft/libraries/net/minecraftforge/javafmllanguage/1.20.1-47.3.7/javafmllanguage-1.20.1-47.3.7.jar
[30Jul2025 23:53:21.867] [main/WARN] [net.minecraftforge.fml.loading.moddiscovery.ModFileParser/LOADING]: Mod file /workspaces/ServeraMC/servidor_minecraft/libraries/net/minecraftforge/javafmllanguage/1.20.1-47.3.7/javafmllanguage-1.20.1-47.3.7.jar is missing mods.toml file
[30Jul2025 23:53:21.868] [main/DEBUG] [net.minecraftforge.fml.loading.moddiscovery.ModFileParser/LOADING]: Considering mod file candidate /workspaces/ServeraMC/servidor_minecraft/libraries/net/minecraftforge/lowcodelanguage/1.20.1-47.3.7/lowcodelanguage-1.20.1-47.3.7.jar
[30Jul2025 23:53:21.868] [main/WARN] [net.minecraftforge.fml.loading.moddiscovery.ModFileParser/LOADING]: Mod file /workspaces/ServeraMC/servidor_minecraft/libraries/net/minecraftforge/lowcodelanguage/1.20.1-47.3.7/lowcodelanguage-1.20.1-47.3.7.jar is missing mods.toml file
[30Jul2025 23:53:21.869] [main/DEBUG] [net.minecraftforge.fml.loading.moddiscovery.ModFileParser/LOADING]: Considering mod file candidate /workspaces/ServeraMC/servidor_minecraft/libraries/net/minecraftforge/mclanguage/1.20.1-47.3.7/mclanguage-1.20.1-47.3.7.jar
[30Jul2025 23:53:21.869] [main/WARN] [net.minecraftforge.fml.loading.moddiscovery.ModFileParser/LOADING]: Mod file /workspaces/ServeraMC/servidor_minecraft/libraries/net/minecraftforge/mclanguage/1.20.1-47.3.7/mclanguage-1.20.1-47.3.7.jar is missing mods.toml file
[30Jul2025 23:53:21.925] [main/DEBUG] [net.minecraftforge.fml.loading.moddiscovery.ModFileParser/LOADING]: Considering mod file candidate /workspaces/ServeraMC/servidor_minecraft/libraries/net/minecraftforge/forge/1.20.1-47.3.7/forge-1.20.1-47.3.7-universal.jar
[30Jul2025 23:53:21.925] [main/DEBUG] [net.minecraftforge.fml.loading.moddiscovery.ModFileInfo/LOADING]: Found valid mod file forge-1.20.1-47.3.7-universal.jar with {forge} mods - versions {47.3.7}
[30Jul2025 23:53:21.936] [main/DEBUG] [net.minecraftforge.fml.loading.moddiscovery.AbstractJarFileDependencyLocator/]: Failed to load resource META-INF/jarjar/metadata.json from server-1.20.1-20230612.114412-srg.jar, it does not contain dependency information.
[30Jul2025 23:53:21.936] [main/DEBUG] [net.minecraftforge.fml.loading.moddiscovery.AbstractJarFileDependencyLocator/]: Failed to load resource META-INF/jarjar/metadata.json from alexscaves-2.0.2.jar, it does not contain dependency information.
[30Jul2025 23:53:21.936] [main/DEBUG] [net.minecraftforge.fml.loading.moddiscovery.AbstractJarFileDependencyLocator/]: Failed to load resource META-INF/jarjar/metadata.json from voicechat-forge-1.20.1-2.5.30.jar, it does not contain dependency information.
[30Jul2025 23:53:21.936] [main/DEBUG] [net.minecraftforge.fml.loading.moddiscovery.AbstractJarFileDependencyLocator/]: Failed to load resource META-INF/jarjar/metadata.json from AmbientSounds_FORGE_v6.1.11_mc1.20.1.jar, it does not contain dependency information.
[30Jul2025 23:53:21.936] [main/DEBUG] [net.minecraftforge.fml.loading.moddiscovery.AbstractJarFileDependencyLocator/]: Failed to load resource META-INF/jarjar/metadata.json from alexsmobs-1.22.9.jar, it does not contain dependency information.
[30Jul2025 23:53:21.936] [main/DEBUG] [net.minecraftforge.fml.loading.moddiscovery.AbstractJarFileDependencyLocator/]: Failed to load resource META-INF/jarjar/metadata.json from CGM-Unofficial-1.4.18+Forge+1.20.1.jar, it does not contain dependency information.
[30Jul2025 23:53:21.937] [main/DEBUG] [net.minecraftforge.fml.loading.moddiscovery.AbstractJarFileDependencyLocator/]: Failed to load resource META-INF/jarjar/metadata.json from Jade-1.20.1-Forge-11.13.1.jar, it does not contain dependency information.
[30Jul2025 23:53:21.937] [main/DEBUG] [net.minecraftforge.fml.loading.moddiscovery.AbstractJarFileDependencyLocator/]: Failed to load resource META-INF/jarjar/metadata.json from CreativeCore_FORGE_v2.12.32_mc1.20.1.jar, it does not contain dependency information.
[30Jul2025 23:53:21.937] [main/DEBUG] [net.minecraftforge.fml.loading.moddiscovery.AbstractJarFileDependencyLocator/]: Failed to load resource META-INF/jarjar/metadata.json from Thalassophobia-forge-1.20.1-1.4.jar, it does not contain dependency information.
[30Jul2025 23:53:21.937] [main/DEBUG] [net.minecraftforge.fml.loading.moddiscovery.AbstractJarFileDependencyLocator/]: Failed to load resource META-INF/jarjar/metadata.json from jei-1.20.1-forge-15.20.0.106.jar, it does not contain dependency information.
[30Jul2025 23:53:21.937] [main/DEBUG] [net.minecraftforge.fml.loading.moddiscovery.AbstractJarFileDependencyLocator/]: Failed to load resource META-INF/jarjar/metadata.json from lionfishapi-2.4-Fix.jar, it does not contain dependency information.
[30Jul2025 23:53:21.937] [main/DEBUG] [net.minecraftforge.fml.loading.moddiscovery.AbstractJarFileDependencyLocator/]: Failed to load resource META-INF/jarjar/metadata.json from HammerLib-1.20.1-20.1.50.jar, it does not contain dependency information.
[30Jul2025 23:53:21.938] [main/DEBUG] [net.minecraftforge.fml.loading.moddiscovery.AbstractJarFileDependencyLocator/]: Failed to load resource META-INF/jarjar/metadata.json from ImprovableSkills-1.20.1-20.1.13.jar, it does not contain dependency information.
[30Jul2025 23:53:21.938] [main/DEBUG] [net.minecraftforge.fml.loading.moddiscovery.AbstractJarFileDependencyLocator/]: Failed to load resource META-INF/jarjar/metadata.json from sophisticatedcore-1.20.1-1.2.71.1022.jar, it does not contain dependency information.
[30Jul2025 23:53:21.938] [main/DEBUG] [net.minecraftforge.fml.loading.moddiscovery.AbstractJarFileDependencyLocator/]: Failed to load resource META-INF/jarjar/metadata.json from L_Enders_Cataclysm-3.03.jar, it does not contain dependency information.
[30Jul2025 23:53:21.938] [main/DEBUG] [net.minecraftforge.fml.loading.moddiscovery.AbstractJarFileDependencyLocator/]: Failed to load resource META-INF/jarjar/metadata.json from curios-forge-5.14.1+1.20.1.jar, it does not contain dependency information.
[30Jul2025 23:53:21.938] [main/DEBUG] [net.minecraftforge.fml.loading.moddiscovery.AbstractJarFileDependencyLocator/]: Failed to load resource META-INF/jarjar/metadata.json from sound-physics-remastered-forge-1.20.1-1.4.13.jar, it does not contain dependency information.
[30Jul2025 23:53:21.938] [main/DEBUG] [net.minecraftforge.fml.loading.moddiscovery.AbstractJarFileDependencyLocator/]: Failed to load resource META-INF/jarjar/metadata.json from waystones-forge-1.20.1-14.1.13.jar, it does not contain dependency information.
[30Jul2025 23:53:21.938] [main/DEBUG] [net.minecraftforge.fml.loading.moddiscovery.AbstractJarFileDependencyLocator/]: Failed to load resource META-INF/jarjar/metadata.json from Saros-First-Aid-Mod-1.20.1-1.3.jar, it does not contain dependency information.
[30Jul2025 23:53:21.939] [main/DEBUG] [net.minecraftforge.fml.loading.moddiscovery.AbstractJarFileDependencyLocator/]: Failed to load resource META-INF/jarjar/metadata.json from dragonseeker-1.2.0-1.20.1.jar, it does not contain dependency information.
[30Jul2025 23:53:21.939] [main/DEBUG] [net.minecraftforge.fml.loading.moddiscovery.AbstractJarFileDependencyLocator/]: Failed to load resource META-INF/jarjar/metadata.json from XaerosWorldMap_1.39.9_Forge_1.20.jar, it does not contain dependency information.
[30Jul2025 23:53:21.939] [main/DEBUG] [net.minecraftforge.fml.loading.moddiscovery.AbstractJarFileDependencyLocator/]: Failed to load resource META-INF/jarjar/metadata.json from reskillable-3.3.2-1.20.1.jar, it does not contain dependency information.
[30Jul2025 23:53:21.939] [main/DEBUG] [net.minecraftforge.fml.loading.moddiscovery.AbstractJarFileDependencyLocator/]: Failed to load resource META-INF/jarjar/metadata.json from citadel-2.6.2-1.20.1.jar, it does not contain dependency information.
[30Jul2025 23:53:21.939] [main/DEBUG] [net.minecraftforge.fml.loading.moddiscovery.AbstractJarFileDependencyLocator/]: Failed to load resource META-INF/jarjar/metadata.json from NaturesCompass-1.20.1-1.11.2-forge.jar, it does not contain dependency information.
[30Jul2025 23:53:21.939] [main/DEBUG] [net.minecraftforge.fml.loading.moddiscovery.AbstractJarFileDependencyLocator/]: Failed to load resource META-INF/jarjar/metadata.json from tombstone-1.20.1-8.9.8.jar, it does not contain dependency information.
[30Jul2025 23:53:21.939] [main/DEBUG] [net.minecraftforge.fml.loading.moddiscovery.AbstractJarFileDependencyLocator/]: Failed to load resource META-INF/jarjar/metadata.json from sophisticatedbackpacks-1.20.1-3.23.19.1263.jar, it does not contain dependency information.
[30Jul2025 23:53:21.940] [main/DEBUG] [net.minecraftforge.fml.loading.moddiscovery.AbstractJarFileDependencyLocator/]: Failed to load resource META-INF/jarjar/metadata.json from sandworm_mod-1.1.1.jar, it does not contain dependency information.
[30Jul2025 23:53:21.940] [main/DEBUG] [net.minecraftforge.fml.loading.moddiscovery.AbstractJarFileDependencyLocator/]: Failed to load resource META-INF/jarjar/metadata.json from relics-1.20.1-0.8.0.9.jar, it does not contain dependency information.
[30Jul2025 23:53:21.940] [main/DEBUG] [net.minecraftforge.fml.loading.moddiscovery.AbstractJarFileDependencyLocator/]: Failed to load resource META-INF/jarjar/metadata.json from appleskin-forge-mc1.20.1-2.5.1.jar, it does not contain dependency information.
[30Jul2025 23:53:21.940] [main/DEBUG] [net.minecraftforge.fml.loading.moddiscovery.AbstractJarFileDependencyLocator/]: Failed to load resource META-INF/jarjar/metadata.json from iceandfire-2.1.13-1.20.1-beta-5.jar, it does not contain dependency information.
[30Jul2025 23:53:21.940] [main/DEBUG] [net.minecraftforge.fml.loading.moddiscovery.AbstractJarFileDependencyLocator/]: Failed to load resource META-INF/jarjar/metadata.json from framework-forge-1.20.1-0.7.15.jar, it does not contain dependency information.
[30Jul2025 23:53:21.940] [main/DEBUG] [net.minecraftforge.fml.loading.moddiscovery.AbstractJarFileDependencyLocator/]: Failed to load resource META-INF/jarjar/metadata.json from lodestone-1.20.1-1.6.4.1.jar, it does not contain dependency information.
[30Jul2025 23:53:21.941] [main/DEBUG] [net.minecraftforge.fml.loading.moddiscovery.AbstractJarFileDependencyLocator/]: Failed to load resource META-INF/jarjar/metadata.json from firstaid-1.20.1-1.1.jar, it does not contain dependency information.
[30Jul2025 23:53:21.941] [main/DEBUG] [net.minecraftforge.fml.loading.moddiscovery.AbstractJarFileDependencyLocator/]: Failed to load resource META-INF/jarjar/metadata.json from forge-1.20.1-47.3.7-universal.jar, it does not contain dependency information.
[30Jul2025 23:53:21.941] [main/DEBUG] [net.minecraftforge.fml.loading.moddiscovery.AbstractJarFileDependencyLocator/]: Failed to load resource META-INF/jarjar/metadata.json from twilightforest-1.20.1-4.3.2508-universal.jar, it does not contain dependency information.
[30Jul2025 23:53:21.941] [main/DEBUG] [net.minecraftforge.fml.loading.moddiscovery.AbstractJarFileDependencyLocator/]: Failed to load resource META-INF/jarjar/metadata.json from Alex's Mobs Music Mod 1.20.1 v1.1.0.jar, it does not contain dependency information.
[30Jul2025 23:53:21.941] [main/DEBUG] [net.minecraftforge.fml.loading.moddiscovery.AbstractJarFileDependencyLocator/]: Failed to load resource META-INF/jarjar/metadata.json from mclanguage-1.20.1-47.3.7.jar, it does not contain dependency information.
[30Jul2025 23:53:21.941] [main/DEBUG] [net.minecraftforge.fml.loading.moddiscovery.AbstractJarFileDependencyLocator/]: Failed to load resource META-INF/jarjar/metadata.json from javafmllanguage-1.20.1-47.3.7.jar, it does not contain dependency information.
[30Jul2025 23:53:21.942] [main/DEBUG] [net.minecraftforge.fml.loading.moddiscovery.AbstractJarFileDependencyLocator/]: Failed to load resource META-INF/jarjar/metadata.json from fmlcore-1.20.1-47.3.7.jar, it does not contain dependency information.
[30Jul2025 23:53:21.942] [main/DEBUG] [net.minecraftforge.fml.loading.moddiscovery.AbstractJarFileDependencyLocator/]: Failed to load resource META-INF/jarjar/metadata.json from lowcodelanguage-1.20.1-47.3.7.jar, it does not contain dependency information.
[30Jul2025 23:53:21.992] [main/DEBUG] [net.minecraftforge.fml.loading.moddiscovery.ModFileParser/LOADING]: Considering mod file candidate 
[30Jul2025 23:53:21.993] [main/DEBUG] [net.minecraftforge.fml.loading.moddiscovery.ModFileInfo/LOADING]: Found valid mod file mixinextras-forge-0.2.0-beta.6.jar with {mixinextras} mods - versions {0.2.0-beta.6}
[30Jul2025 23:53:22.017] [main/DEBUG] [net.minecraftforge.fml.loading.moddiscovery.ModFileParser/LOADING]: Considering mod file candidate 
[30Jul2025 23:53:22.018] [main/DEBUG] [net.minecraftforge.fml.loading.moddiscovery.ModFileInfo/LOADING]: Found valid mod file architectury-forge-9.2.14.jar with {architectury} mods - versions {9.2.14}
[30Jul2025 23:53:22.020] [main/DEBUG] [net.minecraftforge.fml.loading.moddiscovery.ModFileParser/LOADING]: Considering mod file candidate 
[30Jul2025 23:53:22.020] [main/DEBUG] [net.minecraftforge.fml.loading.moddiscovery.ModFileInfo/LOADING]: Found valid mod file mixinextras-forge-0.4.1.jar with {mixinextras} mods - versions {0.4.1}
[30Jul2025 23:53:22.021] [main/DEBUG] [net.minecraftforge.fml.loading.moddiscovery.ModFileParser/LOADING]: Considering mod file candidate 
[30Jul2025 23:53:22.022] [main/DEBUG] [net.minecraftforge.fml.loading.moddiscovery.ModFileInfo/LOADING]: Found valid mod file kuma-api-forge-20.1.10+1.20.1.jar with {kuma_api} mods - versions {20.1.10}
[30Jul2025 23:53:22.028] [main/DEBUG] [net.minecraftforge.fml.loading.moddiscovery.AbstractJarFileDependencyLocator/]: Failed to load resource META-INF/jarjar/metadata.json from snakeyaml-2.2.jar, it does not contain dependency information.
[30Jul2025 23:53:22.028] [main/DEBUG] [net.minecraftforge.fml.loading.moddiscovery.AbstractJarFileDependencyLocator/]: Failed to load resource META-INF/jarjar/metadata.json from architectury-forge-9.2.14.jar, it does not contain dependency information.
[30Jul2025 23:53:22.034] [main/DEBUG] [net.minecraftforge.fml.loading.moddiscovery.AbstractJarFileDependencyLocator/]: Failed to load resource META-INF/jarjar/metadata.json from kuma-api-forge-20.1.10+1.20.1.jar, it does not contain dependency information.
[30Jul2025 23:53:22.034] [main/DEBUG] [net.minecraftforge.fml.loading.moddiscovery.AbstractJarFileDependencyLocator/]: Failed to load resource META-INF/jarjar/metadata.json from mclib-20.jar, it does not contain dependency information.
[30Jul2025 23:53:22.034] [main/DEBUG] [net.minecraftforge.fml.loading.moddiscovery.AbstractJarFileDependencyLocator/]: Failed to load resource META-INF/jarjar/metadata.json from MixinExtras-0.2.0-beta.6.jar, it does not contain dependency information.
[30Jul2025 23:53:22.034] [main/DEBUG] [net.minecraftforge.fml.loading.moddiscovery.AbstractJarFileDependencyLocator/]: Failed to load resource META-INF/jarjar/metadata.json from MixinExtras-0.4.1.jar, it does not contain dependency information.
[30Jul2025 23:53:22.057] [main/DEBUG] [net.minecraftforge.fml.loading.moddiscovery.ModFileParser/LOADING]: Considering mod file candidate 
[30Jul2025 23:53:22.058] [main/DEBUG] [net.minecraftforge.fml.loading.moddiscovery.ModFileInfo/LOADING]: Found valid mod file architectury-forge-9.2.14.jar with {architectury} mods - versions {9.2.14}
[30Jul2025 23:53:22.066] [main/DEBUG] [net.minecraftforge.fml.loading.moddiscovery.ModFileParser/LOADING]: Considering mod file candidate 
[30Jul2025 23:53:22.067] [main/DEBUG] [net.minecraftforge.fml.loading.moddiscovery.ModFileInfo/LOADING]: Found valid mod file kuma-api-forge-20.1.10+1.20.1.jar with {kuma_api} mods - versions {20.1.10}
[30Jul2025 23:53:22.068] [main/DEBUG] [net.minecraftforge.fml.loading.moddiscovery.ModFileParser/LOADING]: Considering mod file candidate 
[30Jul2025 23:53:22.069] [main/DEBUG] [net.minecraftforge.fml.loading.moddiscovery.ModFileInfo/LOADING]: Found valid mod file mixinextras-forge-0.2.0-beta.6.jar with {mixinextras} mods - versions {0.2.0-beta.6}
[30Jul2025 23:53:22.070] [main/DEBUG] [net.minecraftforge.fml.loading.moddiscovery.ModFileParser/LOADING]: Considering mod file candidate 
[30Jul2025 23:53:22.070] [main/DEBUG] [net.minecraftforge.fml.loading.moddiscovery.ModFileInfo/LOADING]: Found valid mod file mixinextras-forge-0.4.1.jar with {mixinextras} mods - versions {0.4.1}
[30Jul2025 23:53:22.079] [main/WARN] [net.minecraftforge.jarjar.selection.JarSelector/]: Attempted to select two dependency jars from JarJar which have the same identification: Mod File:  and Mod File: . Using Mod File: 
[30Jul2025 23:53:22.080] [main/INFO] [net.minecraftforge.fml.loading.moddiscovery.JarInJarDependencyLocator/]: Found 6 dependencies adding them to mods collection
[30Jul2025 23:53:22.083] [main/DEBUG] [net.minecraftforge.fml.loading.moddiscovery.ModFileInfo/LOADING]: Found valid mod file server-1.20.1-20230612.114412-srg.jar with {minecraft} mods - versions {1.20.1}
[30Jul2025 23:53:22.085] [main/DEBUG] [net.minecraftforge.fml.loading.moddiscovery.ModFile/LOADING]: Loading mod file /workspaces/ServeraMC/servidor_minecraft/libraries/net/minecraft/server/1.20.1-20230612.114412/server-1.20.1-20230612.114412-srg.jar with languages [LanguageSpec[languageName=minecraft, acceptedVersions=1]]
[30Jul2025 23:53:22.086] [main/DEBUG] [net.minecraftforge.fml.loading.moddiscovery.ModFileParser/LOADING]: Considering mod file candidate /workspaces/ServeraMC/servidor_minecraft/mods/alexscaves-2.0.2.jar
[30Jul2025 23:53:22.087] [main/DEBUG] [net.minecraftforge.fml.loading.moddiscovery.ModFileInfo/LOADING]: Found valid mod file alexscaves-2.0.2.jar with {alexscaves} mods - versions {2.0.2}
[30Jul2025 23:53:22.087] [main/DEBUG] [net.minecraftforge.fml.loading.moddiscovery.ModFile/LOADING]: Loading mod file /workspaces/ServeraMC/servidor_minecraft/mods/alexscaves-2.0.2.jar with languages [LanguageSpec[languageName=javafml, acceptedVersions=[46,)]]
[30Jul2025 23:53:22.087] [main/DEBUG] [net.minecraftforge.fml.loading.moddiscovery.ModFileParser/LOADING]: Considering mod file candidate 
[30Jul2025 23:53:22.088] [main/DEBUG] [net.minecraftforge.fml.loading.moddiscovery.ModFileInfo/LOADING]: Found valid mod file kuma-api-forge-20.1.10+1.20.1.jar with {kuma_api} mods - versions {20.1.10}
[30Jul2025 23:53:22.088] [main/DEBUG] [net.minecraftforge.fml.loading.moddiscovery.ModFile/LOADING]: Loading mod file  with languages [LanguageSpec[languageName=javafml, acceptedVersions=[47,)]]
[30Jul2025 23:53:22.088] [main/DEBUG] [net.minecraftforge.fml.loading.moddiscovery.ModFileParser/LOADING]: Considering mod file candidate /workspaces/ServeraMC/servidor_minecraft/mods/voicechat-forge-1.20.1-2.5.30.jar
[30Jul2025 23:53:22.089] [main/DEBUG] [net.minecraftforge.fml.loading.moddiscovery.ModFileInfo/LOADING]: Found valid mod file voicechat-forge-1.20.1-2.5.30.jar with {voicechat} mods - versions {1.20.1-2.5.30}
[30Jul2025 23:53:22.089] [main/DEBUG] [net.minecraftforge.fml.loading.moddiscovery.ModFile/LOADING]: Loading mod file /workspaces/ServeraMC/servidor_minecraft/mods/voicechat-forge-1.20.1-2.5.30.jar with languages [LanguageSpec[languageName=javafml, acceptedVersions=*]]
[30Jul2025 23:53:22.089] [main/DEBUG] [net.minecraftforge.fml.loading.moddiscovery.ModFileParser/LOADING]: Considering mod file candidate /workspaces/ServeraMC/servidor_minecraft/mods/AmbientSounds_FORGE_v6.1.11_mc1.20.1.jar
[30Jul2025 23:53:22.090] [main/DEBUG] [net.minecraftforge.fml.loading.moddiscovery.ModFileInfo/LOADING]: Found valid mod file AmbientSounds_FORGE_v6.1.11_mc1.20.1.jar with {ambientsounds} mods - versions {6.1.11}
[30Jul2025 23:53:22.090] [main/DEBUG] [net.minecraftforge.fml.loading.moddiscovery.ModFile/LOADING]: Loading mod file /workspaces/ServeraMC/servidor_minecraft/mods/AmbientSounds_FORGE_v6.1.11_mc1.20.1.jar with languages [LanguageSpec[languageName=javafml, acceptedVersions=[46,)]]
[30Jul2025 23:53:22.090] [main/DEBUG] [net.minecraftforge.fml.loading.moddiscovery.ModFileParser/LOADING]: Considering mod file candidate /workspaces/ServeraMC/servidor_minecraft/mods/alexsmobs-1.22.9.jar
[30Jul2025 23:53:22.091] [main/DEBUG] [net.minecraftforge.fml.loading.moddiscovery.ModFileInfo/LOADING]: Found valid mod file alexsmobs-1.22.9.jar with {alexsmobs} mods - versions {1.22.9}
[30Jul2025 23:53:22.091] [main/DEBUG] [net.minecraftforge.fml.loading.moddiscovery.ModFile/LOADING]: Loading mod file /workspaces/ServeraMC/servidor_minecraft/mods/alexsmobs-1.22.9.jar with languages [LanguageSpec[languageName=javafml, acceptedVersions=[46,)]]
[30Jul2025 23:53:22.091] [main/DEBUG] [net.minecraftforge.fml.loading.moddiscovery.ModFileParser/LOADING]: Considering mod file candidate /workspaces/ServeraMC/servidor_minecraft/mods/CGM-Unofficial-1.4.18+Forge+1.20.1.jar
[30Jul2025 23:53:22.092] [main/DEBUG] [net.minecraftforge.fml.loading.moddiscovery.ModFileInfo/LOADING]: Found valid mod file CGM-Unofficial-1.4.18+Forge+1.20.1.jar with {cgm} mods - versions {1.4.18}
[30Jul2025 23:53:22.092] [main/DEBUG] [net.minecraftforge.fml.loading.moddiscovery.ModFile/LOADING]: Loading mod file /workspaces/ServeraMC/servidor_minecraft/mods/CGM-Unofficial-1.4.18+Forge+1.20.1.jar with languages [LanguageSpec[languageName=javafml, acceptedVersions=[46,)]]
[30Jul2025 23:53:22.092] [main/DEBUG] [net.minecraftforge.fml.loading.moddiscovery.ModFileParser/LOADING]: Considering mod file candidate /workspaces/ServeraMC/servidor_minecraft/mods/Jade-1.20.1-Forge-11.13.1.jar
[30Jul2025 23:53:22.092] [main/DEBUG] [net.minecraftforge.fml.loading.moddiscovery.ModFileInfo/LOADING]: Found valid mod file Jade-1.20.1-Forge-11.13.1.jar with {jade} mods - versions {11.13.1+forge}
[30Jul2025 23:53:22.093] [main/DEBUG] [net.minecraftforge.fml.loading.moddiscovery.ModFile/LOADING]: Loading mod file /workspaces/ServeraMC/servidor_minecraft/mods/Jade-1.20.1-Forge-11.13.1.jar with languages [LanguageSpec[languageName=javafml, acceptedVersions=[46,)]]
[30Jul2025 23:53:22.093] [main/DEBUG] [net.minecraftforge.fml.loading.moddiscovery.ModFileParser/LOADING]: Considering mod file candidate /workspaces/ServeraMC/servidor_minecraft/mods/geckolib-forge-1.20.1-4.7.2.jar
[30Jul2025 23:53:22.093] [main/DEBUG] [net.minecraftforge.fml.loading.moddiscovery.ModFileInfo/LOADING]: Found valid mod file geckolib-forge-1.20.1-4.7.2.jar with {geckolib} mods - versions {4.7.2}
[30Jul2025 23:53:22.093] [main/DEBUG] [net.minecraftforge.fml.loading.moddiscovery.ModFile/LOADING]: Loading mod file /workspaces/ServeraMC/servidor_minecraft/mods/geckolib-forge-1.20.1-4.7.2.jar with languages [LanguageSpec[languageName=javafml, acceptedVersions=[47,)]]
[30Jul2025 23:53:22.094] [main/DEBUG] [net.minecraftforge.fml.loading.moddiscovery.ModFileParser/LOADING]: Considering mod file candidate /workspaces/ServeraMC/servidor_minecraft/mods/CreativeCore_FORGE_v2.12.32_mc1.20.1.jar
[30Jul2025 23:53:22.094] [main/DEBUG] [net.minecraftforge.fml.loading.moddiscovery.ModFileInfo/LOADING]: Found valid mod file CreativeCore_FORGE_v2.12.32_mc1.20.1.jar with {creativecore} mods - versions {2.12.32}
[30Jul2025 23:53:22.094] [main/DEBUG] [net.minecraftforge.fml.loading.moddiscovery.ModFile/LOADING]: Loading mod file /workspaces/ServeraMC/servidor_minecraft/mods/CreativeCore_FORGE_v2.12.32_mc1.20.1.jar with languages [LanguageSpec[languageName=javafml, acceptedVersions=[46,)]]
[30Jul2025 23:53:22.094] [main/DEBUG] [net.minecraftforge.fml.loading.moddiscovery.ModFileParser/LOADING]: Considering mod file candidate /workspaces/ServeraMC/servidor_minecraft/mods/OctoLib-FORGE-0.5.0.1+1.20.1.jar
[30Jul2025 23:53:22.095] [main/DEBUG] [net.minecraftforge.fml.loading.moddiscovery.ModFileInfo/LOADING]: Found valid mod file OctoLib-FORGE-0.5.0.1+1.20.1.jar with {octolib} mods - versions {0.5.0.1}
[30Jul2025 23:53:22.095] [main/DEBUG] [net.minecraftforge.fml.loading.moddiscovery.ModFile/LOADING]: Loading mod file /workspaces/ServeraMC/servidor_minecraft/mods/OctoLib-FORGE-0.5.0.1+1.20.1.jar with languages [LanguageSpec[languageName=javafml, acceptedVersions=[47,)]]
[30Jul2025 23:53:22.095] [main/DEBUG] [net.minecraftforge.fml.loading.moddiscovery.ModFileParser/LOADING]: Considering mod file candidate /workspaces/ServeraMC/servidor_minecraft/mods/Thalassophobia-forge-1.20.1-1.4.jar
[30Jul2025 23:53:22.096] [main/DEBUG] [net.minecraftforge.fml.loading.moddiscovery.ModFileInfo/LOADING]: Found valid mod file Thalassophobia-forge-1.20.1-1.4.jar with {thalassophobia} mods - versions {1.0.0}
[30Jul2025 23:53:22.096] [main/DEBUG] [net.minecraftforge.fml.loading.moddiscovery.ModFile/LOADING]: Loading mod file /workspaces/ServeraMC/servidor_minecraft/mods/Thalassophobia-forge-1.20.1-1.4.jar with languages [LanguageSpec[languageName=javafml, acceptedVersions=[47,)]]
[30Jul2025 23:53:22.096] [main/DEBUG] [net.minecraftforge.fml.loading.moddiscovery.ModFileParser/LOADING]: Considering mod file candidate /workspaces/ServeraMC/servidor_minecraft/mods/jei-1.20.1-forge-15.20.0.106.jar
[30Jul2025 23:53:22.097] [main/DEBUG] [net.minecraftforge.fml.loading.moddiscovery.ModFileInfo/LOADING]: Found valid mod file jei-1.20.1-forge-15.20.0.106.jar with {jei} mods - versions {15.20.0.106}
[30Jul2025 23:53:22.097] [main/DEBUG] [net.minecraftforge.fml.loading.moddiscovery.ModFile/LOADING]: Loading mod file /workspaces/ServeraMC/servidor_minecraft/mods/jei-1.20.1-forge-15.20.0.106.jar with languages [LanguageSpec[languageName=javafml, acceptedVersions=[47,)]]
[30Jul2025 23:53:22.097] [main/DEBUG] [net.minecraftforge.fml.loading.moddiscovery.ModFileParser/LOADING]: Considering mod file candidate /workspaces/ServeraMC/servidor_minecraft/mods/lionfishapi-2.4-Fix.jar
[30Jul2025 23:53:22.098] [main/DEBUG] [net.minecraftforge.fml.loading.moddiscovery.ModFileInfo/LOADING]: Found valid mod file lionfishapi-2.4-Fix.jar with {lionfishapi} mods - versions {2.4-Fix}
[30Jul2025 23:53:22.098] [main/DEBUG] [net.minecraftforge.fml.loading.moddiscovery.ModFile/LOADING]: Loading mod file /workspaces/ServeraMC/servidor_minecraft/mods/lionfishapi-2.4-Fix.jar with languages [LanguageSpec[languageName=javafml, acceptedVersions=[47,)]]
[30Jul2025 23:53:22.098] [main/DEBUG] [net.minecraftforge.fml.loading.moddiscovery.ModFileParser/LOADING]: Considering mod file candidate /workspaces/ServeraMC/servidor_minecraft/mods/HammerLib-1.20.1-20.1.50.jar
[30Jul2025 23:53:22.099] [main/DEBUG] [net.minecraftforge.fml.loading.moddiscovery.ModFileInfo/LOADING]: Found valid mod file HammerLib-1.20.1-20.1.50.jar with {hammerlib} mods - versions {20.1.50}
[30Jul2025 23:53:22.099] [main/DEBUG] [net.minecraftforge.fml.loading.moddiscovery.ModFile/LOADING]: Loading mod file /workspaces/ServeraMC/servidor_minecraft/mods/HammerLib-1.20.1-20.1.50.jar with languages [LanguageSpec[languageName=javafml, acceptedVersions=[47,)]]
[30Jul2025 23:53:22.099] [main/DEBUG] [net.minecraftforge.fml.loading.moddiscovery.ModFileParser/LOADING]: Considering mod file candidate /workspaces/ServeraMC/servidor_minecraft/mods/ImprovableSkills-1.20.1-20.1.13.jar
[30Jul2025 23:53:22.100] [main/DEBUG] [net.minecraftforge.fml.loading.moddiscovery.ModFileInfo/LOADING]: Found valid mod file ImprovableSkills-1.20.1-20.1.13.jar with {improvableskills} mods - versions {20.1.13}
[30Jul2025 23:53:22.100] [main/DEBUG] [net.minecraftforge.fml.loading.moddiscovery.ModFile/LOADING]: Loading mod file /workspaces/ServeraMC/servidor_minecraft/mods/ImprovableSkills-1.20.1-20.1.13.jar with languages [LanguageSpec[languageName=javafml, acceptedVersions=[47,)]]
[30Jul2025 23:53:22.102] [main/DEBUG] [net.minecraftforge.fml.loading.moddiscovery.ModFileParser/LOADING]: Found coremod ItemStackTransformer with Javascript path META-INF/coremods/ItemStackHurtHook.js
[30Jul2025 23:53:22.103] [main/DEBUG] [net.minecraftforge.fml.loading.moddiscovery.ModFileParser/LOADING]: Found coremod VibrationSystemHook with Javascript path META-INF/coremods/VibrationSystemHook.js
[30Jul2025 23:53:22.103] [main/DEBUG] [net.minecraftforge.fml.loading.moddiscovery.ModFile/LOADING]: Found coremod META-INF/coremods/ItemStackHurtHook.js
[30Jul2025 23:53:22.103] [main/DEBUG] [net.minecraftforge.fml.loading.moddiscovery.ModFile/LOADING]: Found coremod META-INF/coremods/VibrationSystemHook.js
[30Jul2025 23:53:22.103] [main/DEBUG] [net.minecraftforge.fml.loading.moddiscovery.ModFileParser/LOADING]: Considering mod file candidate /workspaces/ServeraMC/servidor_minecraft/mods/sophisticatedcore-1.20.1-1.2.71.1022.jar
[30Jul2025 23:53:22.104] [main/DEBUG] [net.minecraftforge.fml.loading.moddiscovery.ModFileInfo/LOADING]: Found valid mod file sophisticatedcore-1.20.1-1.2.71.1022.jar with {sophisticatedcore} mods - versions {1.2.71.1022}
[30Jul2025 23:53:22.104] [main/DEBUG] [net.minecraftforge.fml.loading.moddiscovery.ModFile/LOADING]: Loading mod file /workspaces/ServeraMC/servidor_minecraft/mods/sophisticatedcore-1.20.1-1.2.71.1022.jar with languages [LanguageSpec[languageName=javafml, acceptedVersions=[47,)]]
[30Jul2025 23:53:22.104] [main/DEBUG] [net.minecraftforge.fml.loading.moddiscovery.ModFileParser/LOADING]: Considering mod file candidate /workspaces/ServeraMC/servidor_minecraft/mods/curios-forge-5.14.1+1.20.1.jar
[30Jul2025 23:53:22.105] [main/DEBUG] [net.minecraftforge.fml.loading.moddiscovery.ModFileInfo/LOADING]: Found valid mod file curios-forge-5.14.1+1.20.1.jar with {curios} mods - versions {5.14.1+1.20.1}
[30Jul2025 23:53:22.105] [main/DEBUG] [net.minecraftforge.fml.loading.moddiscovery.ModFile/LOADING]: Loading mod file /workspaces/ServeraMC/servidor_minecraft/mods/curios-forge-5.14.1+1.20.1.jar with languages [LanguageSpec[languageName=javafml, acceptedVersions=[41,)]]
[30Jul2025 23:53:22.105] [main/DEBUG] [net.minecraftforge.fml.loading.moddiscovery.ModFileParser/LOADING]: Considering mod file candidate /workspaces/ServeraMC/servidor_minecraft/mods/L_Enders_Cataclysm-3.03.jar
[30Jul2025 23:53:22.106] [main/DEBUG] [net.minecraftforge.fml.loading.moddiscovery.ModFileInfo/LOADING]: Found valid mod file L_Enders_Cataclysm-3.03.jar with {cataclysm} mods - versions {3.03}
[30Jul2025 23:53:22.106] [main/DEBUG] [net.minecraftforge.fml.loading.moddiscovery.ModFile/LOADING]: Loading mod file /workspaces/ServeraMC/servidor_minecraft/mods/L_Enders_Cataclysm-3.03.jar with languages [LanguageSpec[languageName=javafml, acceptedVersions=[47,)]]
[30Jul2025 23:53:22.106] [main/DEBUG] [net.minecraftforge.fml.loading.moddiscovery.ModFileParser/LOADING]: Considering mod file candidate /workspaces/ServeraMC/servidor_minecraft/mods/sound-physics-remastered-forge-1.20.1-1.4.13.jar
[30Jul2025 23:53:22.107] [main/DEBUG] [net.minecraftforge.fml.loading.moddiscovery.ModFileInfo/LOADING]: Found valid mod file sound-physics-remastered-forge-1.20.1-1.4.13.jar with {sound_physics_remastered} mods - versions {1.20.1-1.4.13}
[30Jul2025 23:53:22.107] [main/DEBUG] [net.minecraftforge.fml.loading.moddiscovery.ModFile/LOADING]: Loading mod file /workspaces/ServeraMC/servidor_minecraft/mods/sound-physics-remastered-forge-1.20.1-1.4.13.jar with languages [LanguageSpec[languageName=javafml, acceptedVersions=*]]
[30Jul2025 23:53:22.107] [main/DEBUG] [net.minecraftforge.fml.loading.moddiscovery.ModFileParser/LOADING]: Considering mod file candidate /workspaces/ServeraMC/servidor_minecraft/mods/Saros-First-Aid-Mod-1.20.1-1.3.jar
[30Jul2025 23:53:22.108] [main/DEBUG] [net.minecraftforge.fml.loading.moddiscovery.ModFileInfo/LOADING]: Found valid mod file Saros-First-Aid-Mod-1.20.1-1.3.jar with {saros_first_aid_mod} mods - versions {1.0.0}
[30Jul2025 23:53:22.108] [main/DEBUG] [net.minecraftforge.fml.loading.moddiscovery.ModFile/LOADING]: Loading mod file /workspaces/ServeraMC/servidor_minecraft/mods/Saros-First-Aid-Mod-1.20.1-1.3.jar with languages [LanguageSpec[languageName=javafml, acceptedVersions=[47,)]]
[30Jul2025 23:53:22.108] [main/DEBUG] [net.minecraftforge.fml.loading.moddiscovery.ModFileParser/LOADING]: Considering mod file candidate /workspaces/ServeraMC/servidor_minecraft/mods/waystones-forge-1.20.1-14.1.13.jar
[30Jul2025 23:53:22.108] [main/DEBUG] [net.minecraftforge.fml.loading.moddiscovery.ModFileInfo/LOADING]: Found valid mod file waystones-forge-1.20.1-14.1.13.jar with {waystones} mods - versions {14.1.13}
[30Jul2025 23:53:22.109] [main/DEBUG] [net.minecraftforge.fml.loading.moddiscovery.ModFile/LOADING]: Loading mod file /workspaces/ServeraMC/servidor_minecraft/mods/waystones-forge-1.20.1-14.1.13.jar with languages [LanguageSpec[languageName=javafml, acceptedVersions=[46,)]]
[30Jul2025 23:53:22.109] [main/DEBUG] [net.minecraftforge.fml.loading.moddiscovery.ModFileParser/LOADING]: Considering mod file candidate /workspaces/ServeraMC/servidor_minecraft/mods/dragonseeker-1.2.0-1.20.1.jar
[30Jul2025 23:53:22.109] [main/DEBUG] [net.minecraftforge.fml.loading.moddiscovery.ModFileInfo/LOADING]: Found valid mod file dragonseeker-1.2.0-1.20.1.jar with {dragonseeker} mods - versions {1.2.0-1.20.1}
[30Jul2025 23:53:22.110] [main/DEBUG] [net.minecraftforge.fml.loading.moddiscovery.ModFile/LOADING]: Loading mod file /workspaces/ServeraMC/servidor_minecraft/mods/dragonseeker-1.2.0-1.20.1.jar with languages [LanguageSpec[languageName=javafml, acceptedVersions=[47,)]]
[30Jul2025 23:53:22.110] [main/DEBUG] [net.minecraftforge.fml.loading.moddiscovery.ModFileParser/LOADING]: Considering mod file candidate /workspaces/ServeraMC/servidor_minecraft/mods/XaerosWorldMap_1.39.9_Forge_1.20.jar
[30Jul2025 23:53:22.110] [main/DEBUG] [net.minecraftforge.fml.loading.moddiscovery.ModFileInfo/LOADING]: Found valid mod file XaerosWorldMap_1.39.9_Forge_1.20.jar with {xaeroworldmap} mods - versions {1.39.9}
[30Jul2025 23:53:22.111] [main/DEBUG] [net.minecraftforge.fml.loading.moddiscovery.ModFile/LOADING]: Loading mod file /workspaces/ServeraMC/servidor_minecraft/mods/XaerosWorldMap_1.39.9_Forge_1.20.jar with languages [LanguageSpec[languageName=javafml, acceptedVersions=[46,48)]]
[30Jul2025 23:53:22.111] [main/DEBUG] [net.minecraftforge.fml.loading.moddiscovery.ModFileParser/LOADING]: Found coremod xaeroworldmap_core with Javascript path META-INF/xaeroworldmap_core.js
[30Jul2025 23:53:22.111] [main/DEBUG] [net.minecraftforge.fml.loading.moddiscovery.ModFile/LOADING]: Found coremod META-INF/xaeroworldmap_core.js
[30Jul2025 23:53:22.111] [main/DEBUG] [net.minecraftforge.fml.loading.moddiscovery.ModFileParser/LOADING]: Considering mod file candidate /workspaces/ServeraMC/servidor_minecraft/mods/citadel-2.6.2-1.20.1.jar
[30Jul2025 23:53:22.112] [main/DEBUG] [net.minecraftforge.fml.loading.moddiscovery.ModFileInfo/LOADING]: Found valid mod file citadel-2.6.2-1.20.1.jar with {citadel} mods - versions {2.6.2}
[30Jul2025 23:53:22.112] [main/DEBUG] [net.minecraftforge.fml.loading.moddiscovery.ModFile/LOADING]: Loading mod file /workspaces/ServeraMC/servidor_minecraft/mods/citadel-2.6.2-1.20.1.jar with languages [LanguageSpec[languageName=javafml, acceptedVersions=[47,)]]
[30Jul2025 23:53:22.112] [main/DEBUG] [net.minecraftforge.fml.loading.moddiscovery.ModFileParser/LOADING]: Considering mod file candidate /workspaces/ServeraMC/servidor_minecraft/mods/reskillable-3.3.2-1.20.1.jar
[30Jul2025 23:53:22.113] [main/DEBUG] [net.minecraftforge.fml.loading.moddiscovery.ModFileInfo/LOADING]: Found valid mod file reskillable-3.3.2-1.20.1.jar with {reskillable} mods - versions {3.3.2-1.20.1}
[30Jul2025 23:53:22.113] [main/DEBUG] [net.minecraftforge.fml.loading.moddiscovery.ModFile/LOADING]: Loading mod file /workspaces/ServeraMC/servidor_minecraft/mods/reskillable-3.3.2-1.20.1.jar with languages [LanguageSpec[languageName=javafml, acceptedVersions=[47,)]]
[30Jul2025 23:53:22.113] [main/DEBUG] [net.minecraftforge.fml.loading.moddiscovery.ModFileParser/LOADING]: Considering mod file candidate /workspaces/ServeraMC/servidor_minecraft/mods/NaturesCompass-1.20.1-1.11.2-forge.jar
[30Jul2025 23:53:22.114] [main/DEBUG] [net.minecraftforge.fml.loading.moddiscovery.ModFileInfo/LOADING]: Found valid mod file NaturesCompass-1.20.1-1.11.2-forge.jar with {naturescompass} mods - versions {1.20.1-1.11.2-forge}
[30Jul2025 23:53:22.114] [main/DEBUG] [net.minecraftforge.fml.loading.moddiscovery.ModFile/LOADING]: Loading mod file /workspaces/ServeraMC/servidor_minecraft/mods/NaturesCompass-1.20.1-1.11.2-forge.jar with languages [LanguageSpec[languageName=javafml, acceptedVersions=[47,)]]
[30Jul2025 23:53:22.114] [main/DEBUG] [net.minecraftforge.fml.loading.moddiscovery.ModFileParser/LOADING]: Considering mod file candidate /workspaces/ServeraMC/servidor_minecraft/mods/aaa_particles-1.20.1-1.4.11-forge.jar
[30Jul2025 23:53:22.115] [main/DEBUG] [net.minecraftforge.fml.loading.moddiscovery.ModFileInfo/LOADING]: Found valid mod file aaa_particles-1.20.1-1.4.11-forge.jar with {aaa_particles} mods - versions {1.20.1-1.4.11}
[30Jul2025 23:53:22.115] [main/DEBUG] [net.minecraftforge.fml.loading.moddiscovery.ModFile/LOADING]: Loading mod file /workspaces/ServeraMC/servidor_minecraft/mods/aaa_particles-1.20.1-1.4.11-forge.jar with languages [LanguageSpec[languageName=javafml, acceptedVersions=[47,)]]
[30Jul2025 23:53:22.115] [main/DEBUG] [net.minecraftforge.fml.loading.moddiscovery.ModFileParser/LOADING]: Considering mod file candidate /workspaces/ServeraMC/servidor_minecraft/mods/tombstone-1.20.1-8.9.8.jar
[30Jul2025 23:53:22.116] [main/DEBUG] [net.minecraftforge.fml.loading.moddiscovery.ModFileInfo/LOADING]: Found valid mod file tombstone-1.20.1-8.9.8.jar with {tombstone} mods - versions {8.9.8}
[30Jul2025 23:53:22.116] [main/DEBUG] [net.minecraftforge.fml.loading.moddiscovery.ModFile/LOADING]: Loading mod file /workspaces/ServeraMC/servidor_minecraft/mods/tombstone-1.20.1-8.9.8.jar with languages [LanguageSpec[languageName=javafml, acceptedVersions=[46,)]]
[30Jul2025 23:53:22.116] [main/DEBUG] [net.minecraftforge.fml.loading.moddiscovery.ModFileParser/LOADING]: Considering mod file candidate /workspaces/ServeraMC/servidor_minecraft/mods/sophisticatedbackpacks-1.20.1-3.23.19.1263.jar
[30Jul2025 23:53:22.117] [main/DEBUG] [net.minecraftforge.fml.loading.moddiscovery.ModFileInfo/LOADING]: Found valid mod file sophisticatedbackpacks-1.20.1-3.23.19.1263.jar with {sophisticatedbackpacks} mods - versions {3.23.19.1263}
[30Jul2025 23:53:22.117] [main/DEBUG] [net.minecraftforge.fml.loading.moddiscovery.ModFile/LOADING]: Loading mod file /workspaces/ServeraMC/servidor_minecraft/mods/sophisticatedbackpacks-1.20.1-3.23.19.1263.jar with languages [LanguageSpec[languageName=javafml, acceptedVersions=[47,)]]
[30Jul2025 23:53:22.118] [main/DEBUG] [net.minecraftforge.fml.loading.moddiscovery.ModFileParser/LOADING]: Considering mod file candidate /workspaces/ServeraMC/servidor_minecraft/mods/sandworm_mod-1.1.1.jar
[30Jul2025 23:53:22.119] [main/DEBUG] [net.minecraftforge.fml.loading.moddiscovery.ModFileInfo/LOADING]: Found valid mod file sandworm_mod-1.1.1.jar with {sandworm_mod} mods - versions {1.1.1}
[30Jul2025 23:53:22.119] [main/DEBUG] [net.minecraftforge.fml.loading.moddiscovery.ModFile/LOADING]: Loading mod file /workspaces/ServeraMC/servidor_minecraft/mods/sandworm_mod-1.1.1.jar with languages [LanguageSpec[languageName=javafml, acceptedVersions=[47,)]]
[30Jul2025 23:53:22.119] [main/DEBUG] [net.minecraftforge.fml.loading.moddiscovery.ModFileParser/LOADING]: Considering mod file candidate /workspaces/ServeraMC/servidor_minecraft/mods/relics-1.20.1-0.8.0.9.jar
[30Jul2025 23:53:22.120] [main/DEBUG] [net.minecraftforge.fml.loading.moddiscovery.ModFileInfo/LOADING]: Found valid mod file relics-1.20.1-0.8.0.9.jar with {relics} mods - versions {0.8.0.9}
[30Jul2025 23:53:22.120] [main/DEBUG] [net.minecraftforge.fml.loading.moddiscovery.ModFile/LOADING]: Loading mod file /workspaces/ServeraMC/servidor_minecraft/mods/relics-1.20.1-0.8.0.9.jar with languages [LanguageSpec[languageName=javafml, acceptedVersions=[47,)]]
[30Jul2025 23:53:22.120] [main/DEBUG] [net.minecraftforge.fml.loading.moddiscovery.ModFileParser/LOADING]: Considering mod file candidate 
[30Jul2025 23:53:22.120] [main/DEBUG] [net.minecraftforge.fml.loading.moddiscovery.ModFileInfo/LOADING]: Found valid mod file architectury-forge-9.2.14.jar with {architectury} mods - versions {9.2.14}
[30Jul2025 23:53:22.120] [main/DEBUG] [net.minecraftforge.fml.loading.moddiscovery.ModFile/LOADING]: Loading mod file  with languages [LanguageSpec[languageName=javafml, acceptedVersions=[46,)]]
[30Jul2025 23:53:22.121] [main/DEBUG] [net.minecraftforge.fml.loading.moddiscovery.ModFileParser/LOADING]: Considering mod file candidate /workspaces/ServeraMC/servidor_minecraft/mods/appleskin-forge-mc1.20.1-2.5.1.jar
[30Jul2025 23:53:22.121] [main/DEBUG] [net.minecraftforge.fml.loading.moddiscovery.ModFileInfo/LOADING]: Found valid mod file appleskin-forge-mc1.20.1-2.5.1.jar with {appleskin} mods - versions {2.5.1+mc1.20.1}
[30Jul2025 23:53:22.121] [main/DEBUG] [net.minecraftforge.fml.loading.moddiscovery.ModFile/LOADING]: Loading mod file /workspaces/ServeraMC/servidor_minecraft/mods/appleskin-forge-mc1.20.1-2.5.1.jar with languages [LanguageSpec[languageName=javafml, acceptedVersions=[47,)]]
[30Jul2025 23:53:22.121] [main/DEBUG] [net.minecraftforge.fml.loading.moddiscovery.ModFileParser/LOADING]: Considering mod file candidate /workspaces/ServeraMC/servidor_minecraft/mods/iceandfire-2.1.13-1.20.1-beta-5.jar
[30Jul2025 23:53:22.122] [main/DEBUG] [net.minecraftforge.fml.loading.moddiscovery.ModFileInfo/LOADING]: Found valid mod file iceandfire-2.1.13-1.20.1-beta-5.jar with {iceandfire} mods - versions {2.1.13-1.20.1}
[30Jul2025 23:53:22.122] [main/DEBUG] [net.minecraftforge.fml.loading.moddiscovery.ModFile/LOADING]: Loading mod file /workspaces/ServeraMC/servidor_minecraft/mods/iceandfire-2.1.13-1.20.1-beta-5.jar with languages [LanguageSpec[languageName=javafml, acceptedVersions=[37.0,)]]
[30Jul2025 23:53:22.123] [main/DEBUG] [net.minecraftforge.fml.loading.moddiscovery.ModFileParser/LOADING]: Considering mod file candidate /workspaces/ServeraMC/servidor_minecraft/mods/balm-forge-1.20.1-7.3.31-all.jar
[30Jul2025 23:53:22.123] [main/DEBUG] [net.minecraftforge.fml.loading.moddiscovery.ModFileInfo/LOADING]: Found valid mod file balm-forge-1.20.1-7.3.31-all.jar with {balm} mods - versions {7.3.31}
[30Jul2025 23:53:22.124] [main/DEBUG] [net.minecraftforge.fml.loading.moddiscovery.ModFile/LOADING]: Loading mod file /workspaces/ServeraMC/servidor_minecraft/mods/balm-forge-1.20.1-7.3.31-all.jar with languages [LanguageSpec[languageName=javafml, acceptedVersions=[46,)]]
[30Jul2025 23:53:22.124] [main/DEBUG] [net.minecraftforge.fml.loading.moddiscovery.ModFileParser/LOADING]: Considering mod file candidate /workspaces/ServeraMC/servidor_minecraft/mods/carryon-forge-1.20.1-2.1.2.7.jar
[30Jul2025 23:53:22.125] [main/DEBUG] [net.minecraftforge.fml.loading.moddiscovery.ModFileInfo/LOADING]: Found valid mod file carryon-forge-1.20.1-2.1.2.7.jar with {carryon} mods - versions {2.1.2.7}
[30Jul2025 23:53:22.125] [main/DEBUG] [net.minecraftforge.fml.loading.moddiscovery.ModFile/LOADING]: Loading mod file /workspaces/ServeraMC/servidor_minecraft/mods/carryon-forge-1.20.1-2.1.2.7.jar with languages [LanguageSpec[languageName=javafml, acceptedVersions=[46,)]]
[30Jul2025 23:53:22.125] [main/DEBUG] [net.minecraftforge.fml.loading.moddiscovery.ModFileParser/LOADING]: Considering mod file candidate /workspaces/ServeraMC/servidor_minecraft/mods/framework-forge-1.20.1-0.7.15.jar
[30Jul2025 23:53:22.126] [main/DEBUG] [net.minecraftforge.fml.loading.moddiscovery.ModFileInfo/LOADING]: Found valid mod file framework-forge-1.20.1-0.7.15.jar with {framework} mods - versions {0.7.15}
[30Jul2025 23:53:22.126] [main/DEBUG] [net.minecraftforge.fml.loading.moddiscovery.ModFile/LOADING]: Loading mod file /workspaces/ServeraMC/servidor_minecraft/mods/framework-forge-1.20.1-0.7.15.jar with languages [LanguageSpec[languageName=javafml, acceptedVersions=[39,)]]
[30Jul2025 23:53:22.126] [main/DEBUG] [net.minecraftforge.fml.loading.moddiscovery.ModFileParser/LOADING]: Considering mod file candidate /workspaces/ServeraMC/servidor_minecraft/mods/firstaid-1.20.1-1.1.jar
[30Jul2025 23:53:22.127] [main/DEBUG] [net.minecraftforge.fml.loading.moddiscovery.ModFileInfo/LOADING]: Found valid mod file firstaid-1.20.1-1.1.jar with {firstaid} mods - versions {1.20.1-1.1}
[30Jul2025 23:53:22.127] [main/DEBUG] [net.minecraftforge.fml.loading.moddiscovery.ModFile/LOADING]: Loading mod file /workspaces/ServeraMC/servidor_minecraft/mods/firstaid-1.20.1-1.1.jar with languages [LanguageSpec[languageName=javafml, acceptedVersions=[26,)]]
[30Jul2025 23:53:22.127] [main/DEBUG] [net.minecraftforge.fml.loading.moddiscovery.ModFileParser/LOADING]: Considering mod file candidate /workspaces/ServeraMC/servidor_minecraft/mods/lodestone-1.20.1-1.6.4.1.jar
[30Jul2025 23:53:22.128] [main/DEBUG] [net.minecraftforge.fml.loading.moddiscovery.ModFileInfo/LOADING]: Found valid mod file lodestone-1.20.1-1.6.4.1.jar with {lodestone} mods - versions {1.20.1-1.6.4.1}
[30Jul2025 23:53:22.128] [main/DEBUG] [net.minecraftforge.fml.loading.moddiscovery.ModFile/LOADING]: Loading mod file /workspaces/ServeraMC/servidor_minecraft/mods/lodestone-1.20.1-1.6.4.1.jar with languages [LanguageSpec[languageName=javafml, acceptedVersions=[47,)]]
[30Jul2025 23:53:22.128] [main/DEBUG] [net.minecraftforge.fml.loading.moddiscovery.ModFileParser/LOADING]: Considering mod file candidate /workspaces/ServeraMC/servidor_minecraft/libraries/net/minecraftforge/forge/1.20.1-47.3.7/forge-1.20.1-47.3.7-universal.jar
[30Jul2025 23:53:22.129] [main/DEBUG] [net.minecraftforge.fml.loading.moddiscovery.ModFileInfo/LOADING]: Found valid mod file forge-1.20.1-47.3.7-universal.jar with {forge} mods - versions {47.3.7}
[30Jul2025 23:53:22.129] [main/DEBUG] [net.minecraftforge.fml.loading.moddiscovery.ModFile/LOADING]: Loading mod file /workspaces/ServeraMC/servidor_minecraft/libraries/net/minecraftforge/forge/1.20.1-47.3.7/forge-1.20.1-47.3.7-universal.jar with languages [LanguageSpec[languageName=javafml, acceptedVersions=[24,]]]
[30Jul2025 23:53:22.129] [main/DEBUG] [net.minecraftforge.fml.loading.moddiscovery.ModFileParser/LOADING]: Found coremod field_to_method with Javascript path coremods/field_to_method.js
[30Jul2025 23:53:22.130] [main/DEBUG] [net.minecraftforge.fml.loading.moddiscovery.ModFileParser/LOADING]: Found coremod field_to_instanceof with Javascript path coremods/field_to_instanceof.js
[30Jul2025 23:53:22.130] [main/DEBUG] [net.minecraftforge.fml.loading.moddiscovery.ModFileParser/LOADING]: Found coremod add_bouncer_method with Javascript path coremods/add_bouncer_method.js
[30Jul2025 23:53:22.130] [main/DEBUG] [net.minecraftforge.fml.loading.moddiscovery.ModFileParser/LOADING]: Found coremod method_redirector with Javascript path coremods/method_redirector.js
[30Jul2025 23:53:22.130] [main/DEBUG] [net.minecraftforge.fml.loading.moddiscovery.ModFile/LOADING]: Found coremod coremods/field_to_method.js
[30Jul2025 23:53:22.130] [main/DEBUG] [net.minecraftforge.fml.loading.moddiscovery.ModFile/LOADING]: Found coremod coremods/field_to_instanceof.js
[30Jul2025 23:53:22.130] [main/DEBUG] [net.minecraftforge.fml.loading.moddiscovery.ModFile/LOADING]: Found coremod coremods/add_bouncer_method.js
[30Jul2025 23:53:22.130] [main/DEBUG] [net.minecraftforge.fml.loading.moddiscovery.ModFile/LOADING]: Found coremod coremods/method_redirector.js
[30Jul2025 23:53:22.130] [main/DEBUG] [net.minecraftforge.fml.loading.moddiscovery.ModFileParser/LOADING]: Considering mod file candidate /workspaces/ServeraMC/servidor_minecraft/mods/twilightforest-1.20.1-4.3.2508-universal.jar
[30Jul2025 23:53:22.131] [main/DEBUG] [net.minecraftforge.fml.loading.moddiscovery.ModFileInfo/LOADING]: Found valid mod file twilightforest-1.20.1-4.3.2508-universal.jar with {twilightforest} mods - versions {4.3.2508}
[30Jul2025 23:53:22.131] [main/DEBUG] [net.minecraftforge.fml.loading.moddiscovery.ModFile/LOADING]: Loading mod file /workspaces/ServeraMC/servidor_minecraft/mods/twilightforest-1.20.1-4.3.2508-universal.jar with languages [LanguageSpec[languageName=javafml, acceptedVersions=[47,)]]
[30Jul2025 23:53:22.132] [main/DEBUG] [net.minecraftforge.fml.loading.moddiscovery.ModFileParser/LOADING]: Found coremod seed with Javascript path META-INF/asm/seed.js
[30Jul2025 23:53:22.132] [main/DEBUG] [net.minecraftforge.fml.loading.moddiscovery.ModFileParser/LOADING]: Found coremod maprendercontext with Javascript path META-INF/asm/maprendercontext.js
[30Jul2025 23:53:22.132] [main/DEBUG] [net.minecraftforge.fml.loading.moddiscovery.ModFileParser/LOADING]: Found coremod music with Javascript path META-INF/asm/music.js
[30Jul2025 23:53:22.132] [main/DEBUG] [net.minecraftforge.fml.loading.moddiscovery.ModFileParser/LOADING]: Found coremod multipart with Javascript path META-INF/asm/multipart.js
[30Jul2025 23:53:22.132] [main/DEBUG] [net.minecraftforge.fml.loading.moddiscovery.ModFileParser/LOADING]: Found coremod foliage with Javascript path META-INF/asm/foliage.js
[30Jul2025 23:53:22.132] [main/DEBUG] [net.minecraftforge.fml.loading.moddiscovery.ModFileParser/LOADING]: Found coremod mount with Javascript path META-INF/asm/mount.js
[30Jul2025 23:53:22.132] [main/DEBUG] [net.minecraftforge.fml.loading.moddiscovery.ModFileParser/LOADING]: Found coremod book with Javascript path META-INF/asm/book.js
[30Jul2025 23:53:22.132] [main/DEBUG] [net.minecraftforge.fml.loading.moddiscovery.ModFileParser/LOADING]: Found coremod conquered with Javascript path META-INF/asm/conquered.js
[30Jul2025 23:53:22.133] [main/DEBUG] [net.minecraftforge.fml.loading.moddiscovery.ModFileParser/LOADING]: Found coremod reach with Javascript path META-INF/asm/reach.js
[30Jul2025 23:53:22.133] [main/DEBUG] [net.minecraftforge.fml.loading.moddiscovery.ModFileParser/LOADING]: Found coremod shroom with Javascript path META-INF/asm/shroom.js
[30Jul2025 23:53:22.133] [main/DEBUG] [net.minecraftforge.fml.loading.moddiscovery.ModFileParser/LOADING]: Found coremod cloud with Javascript path META-INF/asm/cloud.js
[30Jul2025 23:53:22.133] [main/DEBUG] [net.minecraftforge.fml.loading.moddiscovery.ModFileParser/LOADING]: Found coremod lead with Javascript path META-INF/asm/lead.js
[30Jul2025 23:53:22.133] [main/DEBUG] [net.minecraftforge.fml.loading.moddiscovery.ModFile/LOADING]: Found coremod META-INF/asm/seed.js
[30Jul2025 23:53:22.133] [main/DEBUG] [net.minecraftforge.fml.loading.moddiscovery.ModFile/LOADING]: Found coremod META-INF/asm/maprendercontext.js
[30Jul2025 23:53:22.133] [main/DEBUG] [net.minecraftforge.fml.loading.moddiscovery.ModFile/LOADING]: Found coremod META-INF/asm/music.js
[30Jul2025 23:53:22.133] [main/DEBUG] [net.minecraftforge.fml.loading.moddiscovery.ModFile/LOADING]: Found coremod META-INF/asm/multipart.js
[30Jul2025 23:53:22.133] [main/DEBUG] [net.minecraftforge.fml.loading.moddiscovery.ModFile/LOADING]: Found coremod META-INF/asm/foliage.js
[30Jul2025 23:53:22.134] [main/DEBUG] [net.minecraftforge.fml.loading.moddiscovery.ModFile/LOADING]: Found coremod META-INF/asm/mount.js
[30Jul2025 23:53:22.134] [main/DEBUG] [net.minecraftforge.fml.loading.moddiscovery.ModFile/LOADING]: Found coremod META-INF/asm/book.js
[30Jul2025 23:53:22.134] [main/DEBUG] [net.minecraftforge.fml.loading.moddiscovery.ModFile/LOADING]: Found coremod META-INF/asm/conquered.js
[30Jul2025 23:53:22.134] [main/DEBUG] [net.minecraftforge.fml.loading.moddiscovery.ModFile/LOADING]: Found coremod META-INF/asm/reach.js
[30Jul2025 23:53:22.134] [main/DEBUG] [net.minecraftforge.fml.loading.moddiscovery.ModFile/LOADING]: Found coremod META-INF/asm/shroom.js
[30Jul2025 23:53:22.134] [main/DEBUG] [net.minecraftforge.fml.loading.moddiscovery.ModFile/LOADING]: Found coremod META-INF/asm/cloud.js
[30Jul2025 23:53:22.134] [main/DEBUG] [net.minecraftforge.fml.loading.moddiscovery.ModFile/LOADING]: Found coremod META-INF/asm/lead.js
[30Jul2025 23:53:22.134] [main/DEBUG] [net.minecraftforge.fml.loading.moddiscovery.ModFileParser/LOADING]: Considering mod file candidate /workspaces/ServeraMC/servidor_minecraft/mods/Alex's Mobs Music Mod 1.20.1 v1.1.0.jar
[30Jul2025 23:53:22.135] [main/DEBUG] [net.minecraftforge.fml.loading.moddiscovery.ModFileInfo/LOADING]: Found valid mod file Alex's Mobs Music Mod 1.20.1 v1.1.0.jar with {alexs_mobs_extra_music} mods - versions {1.1.0}
[30Jul2025 23:53:22.135] [main/DEBUG] [net.minecraftforge.fml.loading.moddiscovery.ModFile/LOADING]: Loading mod file /workspaces/ServeraMC/servidor_minecraft/mods/Alex's Mobs Music Mod 1.20.1 v1.1.0.jar with languages [LanguageSpec[languageName=javafml, acceptedVersions=[47,)]]
[30Jul2025 23:53:22.135] [main/DEBUG] [net.minecraftforge.fml.loading.moddiscovery.ModFile/LOADING]: Loading mod file  with languages []
[30Jul2025 23:53:22.136] [main/DEBUG] [net.minecraftforge.fml.loading.moddiscovery.ModFile/LOADING]: Loading mod file  with languages []
[30Jul2025 23:53:22.136] [main/DEBUG] [net.minecraftforge.fml.loading.moddiscovery.ModFileParser/LOADING]: Considering mod file candidate 
[30Jul2025 23:53:22.136] [main/DEBUG] [net.minecraftforge.fml.loading.moddiscovery.ModFileInfo/LOADING]: Found valid mod file mixinextras-forge-0.2.0-beta.6.jar with {mixinextras} mods - versions {0.2.0-beta.6}
[30Jul2025 23:53:22.137] [main/DEBUG] [net.minecraftforge.fml.loading.moddiscovery.ModFile/LOADING]: Loading mod file  with languages [LanguageSpec[languageName=javafml, acceptedVersions=*]]
[30Jul2025 23:53:22.137] [main/DEBUG] [net.minecraftforge.fml.loading.moddiscovery.ModFile/LOADING]: Loading mod file  with languages []
[30Jul2025 23:53:22.137] [main/DEBUG] [net.minecraftforge.fml.loading.moddiscovery.ModFile/LOADING]: Loading mod file  with languages []
[30Jul2025 23:53:22.137] [main/DEBUG] [net.minecraftforge.fml.loading.moddiscovery.ModFile/LOADING]: Loading mod file  with languages []
[30Jul2025 23:53:22.137] [main/DEBUG] [net.minecraftforge.fml.loading.moddiscovery.ModFileParser/LOADING]: Considering mod file candidate 
[30Jul2025 23:53:22.138] [main/DEBUG] [net.minecraftforge.fml.loading.moddiscovery.ModFileInfo/LOADING]: Found valid mod file mixinextras-forge-0.2.0-beta.6.jar with {mixinextras} mods - versions {0.2.0-beta.6}
[30Jul2025 23:53:22.138] [main/DEBUG] [net.minecraftforge.fml.loading.moddiscovery.ModFile/LOADING]: Loading mod file  with languages [LanguageSpec[languageName=javafml, acceptedVersions=*]]
[30Jul2025 23:53:22.138] [main/DEBUG] [net.minecraftforge.fml.loading.moddiscovery.ModFile/LOADING]: Loading mod file  with languages []
[30Jul2025 23:53:22.140] [main/DEBUG] [cpw.mods.modlauncher.TransformationServiceDecorator/MODLAUNCHER]: End scan trigger - transformation service fml
[30Jul2025 23:53:22.149] [main/DEBUG] [net.minecraftforge.fml.loading.LanguageLoadingProvider/CORE]: Found 3 language providers
[30Jul2025 23:53:22.150] [main/DEBUG] [net.minecraftforge.fml.loading.LanguageLoadingProvider/CORE]: Found language provider minecraft, version 1.0
[30Jul2025 23:53:22.151] [main/DEBUG] [net.minecraftforge.fml.loading.LanguageLoadingProvider/CORE]: Found language provider lowcodefml, version 47
[30Jul2025 23:53:22.151] [main/DEBUG] [net.minecraftforge.fml.loading.LanguageLoadingProvider/CORE]: Found language provider javafml, version 47
[30Jul2025 23:53:22.154] [main/DEBUG] [net.minecraftforge.fml.loading.UniqueModListBuilder/]: Found 2 mods for first modid mclib, selecting most recent based on version data
[30Jul2025 23:53:22.155] [main/DEBUG] [net.minecraftforge.fml.loading.UniqueModListBuilder/]: Selected file mclib-20.jar for modid mclib with version 0.0NONE
[30Jul2025 23:53:22.155] [main/DEBUG] [net.minecraftforge.fml.loading.UniqueModListBuilder/]: Found 2 mods for first modid org.yaml.snakeyaml, selecting most recent based on version data
[30Jul2025 23:53:22.155] [main/DEBUG] [net.minecraftforge.fml.loading.UniqueModListBuilder/]: Selected file snakeyaml-2.2.jar for modid org.yaml.snakeyaml with version 0.0NONE
[30Jul2025 23:53:22.155] [main/DEBUG] [net.minecraftforge.fml.loading.UniqueModListBuilder/]: Found 2 mods for first modid mixinextras, selecting most recent based on version data
[30Jul2025 23:53:22.155] [main/DEBUG] [net.minecraftforge.fml.loading.UniqueModListBuilder/]: Selected file mixinextras-forge-0.2.0-beta.6.jar for modid mixinextras with version 0.2.0-beta.6
[30Jul2025 23:53:22.155] [main/DEBUG] [net.minecraftforge.fml.loading.UniqueModListBuilder/]: Found 2 mods for first modid MixinExtras, selecting most recent based on version data
[30Jul2025 23:53:22.156] [main/DEBUG] [net.minecraftforge.fml.loading.UniqueModListBuilder/]: Selected file MixinExtras-0.4.1.jar for modid MixinExtras with version 0.0NONE
[30Jul2025 23:53:22.157] [main/DEBUG] [net.minecraftforge.fml.loading.ModSorter/]: Configured system mods: [minecraft, forge]
[30Jul2025 23:53:22.157] [main/DEBUG] [net.minecraftforge.fml.loading.ModSorter/]: Found system mod: minecraft
[30Jul2025 23:53:22.158] [main/DEBUG] [net.minecraftforge.fml.loading.ModSorter/]: Found system mod: forge
[30Jul2025 23:53:22.160] [main/DEBUG] [net.minecraftforge.fml.loading.ModSorter/LOADING]: Found 89 mod requirements (82 mandatory, 7 optional)
[30Jul2025 23:53:22.161] [main/DEBUG] [net.minecraftforge.fml.loading.ModSorter/LOADING]: Found 0 mod requirements missing (0 mandatory, 0 optional)
[30Jul2025 23:53:22.726] [main/DEBUG] [cpw.mods.modlauncher.TransformationServicesHandler/MODLAUNCHER]: Transformation services loading transformers
[30Jul2025 23:53:22.727] [main/DEBUG] [cpw.mods.modlauncher.TransformationServiceDecorator/MODLAUNCHER]: Initializing transformers for transformation service mixin
[30Jul2025 23:53:22.727] [main/DEBUG] [cpw.mods.modlauncher.TransformationServiceDecorator/MODLAUNCHER]: Initialized transformers for transformation service mixin
[30Jul2025 23:53:22.727] [main/DEBUG] [cpw.mods.modlauncher.TransformationServiceDecorator/MODLAUNCHER]: Initializing transformers for transformation service fml
[30Jul2025 23:53:22.727] [main/DEBUG] [net.minecraftforge.fml.loading.FMLServiceProvider/CORE]: Loading coremod transformers
[30Jul2025 23:53:22.728] [main/DEBUG] [net.minecraftforge.coremod.CoreModEngine/COREMOD]: Loading CoreMod from META-INF/coremods/ItemStackHurtHook.js
[30Jul2025 23:53:22.897] [main/DEBUG] [net.minecraftforge.coremod.CoreModEngine/COREMOD]: CoreMod loaded successfully
[30Jul2025 23:53:22.898] [main/DEBUG] [net.minecraftforge.coremod.CoreModEngine/COREMOD]: Loading CoreMod from META-INF/coremods/VibrationSystemHook.js
[30Jul2025 23:53:22.935] [main/DEBUG] [net.minecraftforge.coremod.CoreModEngine/COREMOD]: CoreMod loaded successfully
[30Jul2025 23:53:22.936] [main/DEBUG] [net.minecraftforge.coremod.CoreModEngine/COREMOD]: Loading CoreMod from META-INF/xaeroworldmap_core.js
[30Jul2025 23:53:23.127] [main/DEBUG] [net.minecraftforge.coremod.CoreModEngine/COREMOD]: CoreMod loaded successfully
[30Jul2025 23:53:23.127] [main/DEBUG] [net.minecraftforge.coremod.CoreModEngine/COREMOD]: Loading CoreMod from coremods/field_to_method.js
[30Jul2025 23:53:23.163] [main/DEBUG] [net.minecraftforge.coremod.CoreModEngine/COREMOD]: CoreMod loaded successfully
[30Jul2025 23:53:23.164] [main/DEBUG] [net.minecraftforge.coremod.CoreModEngine/COREMOD]: Loading CoreMod from coremods/field_to_instanceof.js
[30Jul2025 23:53:23.228] [main/DEBUG] [net.minecraftforge.coremod.CoreModEngine/COREMOD]: CoreMod loaded successfully
[30Jul2025 23:53:23.228] [main/DEBUG] [net.minecraftforge.coremod.CoreModEngine/COREMOD]: Loading CoreMod from coremods/add_bouncer_method.js
[30Jul2025 23:53:23.283] [main/DEBUG] [net.minecraftforge.coremod.CoreModEngine/COREMOD]: CoreMod loaded successfully
[30Jul2025 23:53:23.283] [main/DEBUG] [net.minecraftforge.coremod.CoreModEngine/COREMOD]: Loading CoreMod from coremods/method_redirector.js
[30Jul2025 23:53:23.370] [main/DEBUG] [net.minecraftforge.coremod.CoreModEngine/COREMOD]: CoreMod loaded successfully
[30Jul2025 23:53:23.372] [main/DEBUG] [net.minecraftforge.coremod.CoreModEngine/COREMOD]: Loading CoreMod from META-INF/asm/seed.js
[30Jul2025 23:53:23.392] [main/DEBUG] [net.minecraftforge.coremod.CoreModEngine/COREMOD]: CoreMod loaded successfully
[30Jul2025 23:53:23.392] [main/DEBUG] [net.minecraftforge.coremod.CoreModEngine/COREMOD]: Loading CoreMod from META-INF/asm/maprendercontext.js
[30Jul2025 23:53:23.440] [main/DEBUG] [net.minecraftforge.coremod.CoreModEngine/COREMOD]: CoreMod loaded successfully
[30Jul2025 23:53:23.440] [main/DEBUG] [net.minecraftforge.coremod.CoreModEngine/COREMOD]: Loading CoreMod from META-INF/asm/music.js
[30Jul2025 23:53:23.459] [main/DEBUG] [net.minecraftforge.coremod.CoreModEngine/COREMOD]: CoreMod loaded successfully
[30Jul2025 23:53:23.459] [main/DEBUG] [net.minecraftforge.coremod.CoreModEngine/COREMOD]: Loading CoreMod from META-INF/asm/multipart.js
[30Jul2025 23:53:23.492] [main/DEBUG] [net.minecraftforge.coremod.CoreModEngine/COREMOD]: CoreMod loaded successfully
[30Jul2025 23:53:23.492] [main/DEBUG] [net.minecraftforge.coremod.CoreModEngine/COREMOD]: Loading CoreMod from META-INF/asm/foliage.js
[30Jul2025 23:53:23.513] [main/DEBUG] [net.minecraftforge.coremod.CoreModEngine/COREMOD]: CoreMod loaded successfully
[30Jul2025 23:53:23.513] [main/DEBUG] [net.minecraftforge.coremod.CoreModEngine/COREMOD]: Loading CoreMod from META-INF/asm/mount.js
[30Jul2025 23:53:23.527] [main/DEBUG] [net.minecraftforge.coremod.CoreModEngine/COREMOD]: CoreMod loaded successfully
[30Jul2025 23:53:23.528] [main/DEBUG] [net.minecraftforge.coremod.CoreModEngine/COREMOD]: Loading CoreMod from META-INF/asm/book.js
[30Jul2025 23:53:23.559] [main/DEBUG] [net.minecraftforge.coremod.CoreModEngine/COREMOD]: CoreMod loaded successfully
[30Jul2025 23:53:23.559] [main/DEBUG] [net.minecraftforge.coremod.CoreModEngine/COREMOD]: Loading CoreMod from META-INF/asm/conquered.js
[30Jul2025 23:53:23.580] [main/DEBUG] [net.minecraftforge.coremod.CoreModEngine/COREMOD]: CoreMod loaded successfully
[30Jul2025 23:53:23.580] [main/DEBUG] [net.minecraftforge.coremod.CoreModEngine/COREMOD]: Loading CoreMod from META-INF/asm/reach.js
[30Jul2025 23:53:23.601] [main/DEBUG] [net.minecraftforge.coremod.CoreModEngine/COREMOD]: CoreMod loaded successfully
[30Jul2025 23:53:23.601] [main/DEBUG] [net.minecraftforge.coremod.CoreModEngine/COREMOD]: Loading CoreMod from META-INF/asm/shroom.js
[30Jul2025 23:53:23.618] [main/DEBUG] [net.minecraftforge.coremod.CoreModEngine/COREMOD]: CoreMod loaded successfully
[30Jul2025 23:53:23.618] [main/DEBUG] [net.minecraftforge.coremod.CoreModEngine/COREMOD]: Loading CoreMod from META-INF/asm/cloud.js
[30Jul2025 23:53:23.642] [main/DEBUG] [net.minecraftforge.coremod.CoreModEngine/COREMOD]: CoreMod loaded successfully
[30Jul2025 23:53:23.642] [main/DEBUG] [net.minecraftforge.coremod.CoreModEngine/COREMOD]: Loading CoreMod from META-INF/asm/lead.js
[30Jul2025 23:53:23.660] [main/DEBUG] [net.minecraftforge.coremod.CoreModEngine/COREMOD]: CoreMod loaded successfully
[30Jul2025 23:53:23.684] [main/DEBUG] [cpw.mods.modlauncher.TransformStore/MODLAUNCHER]: Adding transformer net.minecraftforge.coremod.transformer.CoreModMethodTransformer@5fed9976 to Target : METHOD {Lnet/minecraft/world/item/ItemStack;} {m_41622_} {(ILnet/minecraft/world/entity/LivingEntity;Ljava/util/function/Consumer;)V}
[30Jul2025 23:53:23.687] [main/DEBUG] [cpw.mods.modlauncher.TransformStore/MODLAUNCHER]: Adding transformer net.minecraftforge.coremod.transformer.CoreModMethodTransformer@677ce519 to Target : METHOD {Lnet/minecraft/world/level/gameevent/vibrations/VibrationSystem$Ticker;} {m_280174_} {(Lnet/minecraft/server/level/ServerLevel;Lnet/minecraft/world/level/gameevent/vibrations/VibrationSystem$Data;Lnet/minecraft/world/level/gameevent/vibrations/VibrationSystem$User;Lnet/minecraft/world/level/gameevent/vibrations/VibrationInfo;)Z}
[30Jul2025 23:53:23.687] [main/DEBUG] [cpw.mods.modlauncher.TransformStore/MODLAUNCHER]: Adding transformer net.minecraftforge.coremod.transformer.CoreModMethodTransformer@3e26482 to Target : METHOD {Lnet/minecraft/client/multiplayer/ClientPacketListener;} {m_6773_} {(Lnet/minecraft/network/protocol/game/ClientboundBlockUpdatePacket;)V}
[30Jul2025 23:53:23.687] [main/DEBUG] [cpw.mods.modlauncher.TransformStore/MODLAUNCHER]: Adding transformer net.minecraftforge.coremod.transformer.CoreModMethodTransformer@7cfb0c4c to Target : METHOD {Lnet/minecraft/client/multiplayer/ClientPacketListener;} {m_5771_} {(Lnet/minecraft/network/protocol/game/ClientboundSectionBlocksUpdatePacket;)V}
[30Jul2025 23:53:23.687] [main/DEBUG] [cpw.mods.modlauncher.TransformStore/MODLAUNCHER]: Adding transformer net.minecraftforge.coremod.transformer.CoreModMethodTransformer@6b37df8e to Target : METHOD {Lnet/minecraft/client/multiplayer/ClientPacketListener;} {m_194198_} {(IILnet/minecraft/network/protocol/game/ClientboundLevelChunkPacketData;)V}
[30Jul2025 23:53:23.688] [main/DEBUG] [cpw.mods.modlauncher.TransformStore/MODLAUNCHER]: Adding transformer net.minecraftforge.coremod.transformer.CoreModMethodTransformer@6b63abdc to Target : METHOD {Lnet/minecraft/client/multiplayer/ClientPacketListener;} {m_183388_} {(Lnet/minecraft/network/protocol/game/ClientboundLevelChunkWithLightPacket;)V}
[30Jul2025 23:53:23.688] [main/DEBUG] [cpw.mods.modlauncher.TransformStore/MODLAUNCHER]: Adding transformer net.minecraftforge.coremod.transformer.CoreModMethodTransformer@7b351446 to Target : METHOD {Lnet/minecraft/client/multiplayer/ClientPacketListener;} {m_183514_} {(Lnet/minecraft/network/protocol/game/ClientboundLightUpdatePacket;)V}
[30Jul2025 23:53:23.688] [main/DEBUG] [cpw.mods.modlauncher.TransformStore/MODLAUNCHER]: Adding transformer net.minecraftforge.coremod.transformer.CoreModMethodTransformer@5f08fe00 to Target : METHOD {Lnet/minecraft/client/multiplayer/ClientPacketListener;} {m_194252_} {(Lnet/minecraft/network/protocol/game/ClientboundForgetLevelChunkPacket;)V}
[30Jul2025 23:53:23.688] [main/DEBUG] [cpw.mods.modlauncher.TransformStore/MODLAUNCHER]: Adding transformer net.minecraftforge.coremod.transformer.CoreModMethodTransformer@a1691c0 to Target : METHOD {Lnet/minecraft/client/player/AbstractClientPlayer;} {m_108561_} {()Lnet/minecraft/resources/ResourceLocation;}
[30Jul2025 23:53:23.688] [main/DEBUG] [cpw.mods.modlauncher.TransformStore/MODLAUNCHER]: Adding transformer net.minecraftforge.coremod.transformer.CoreModMethodTransformer@7c5df615 to Target : METHOD {Lnet/minecraft/world/entity/player/Player;} {m_36170_} {(Lnet/minecraft/world/entity/player/PlayerModelPart;)Z}
[30Jul2025 23:53:23.688] [main/DEBUG] [cpw.mods.modlauncher.TransformStore/MODLAUNCHER]: Adding transformer net.minecraftforge.coremod.transformer.CoreModMethodTransformer@2f995afc to Target : METHOD {Lnet/minecraft/client/multiplayer/ClientPacketListener;} {m_5998_} {(Lnet/minecraft/network/protocol/game/ClientboundLoginPacket;)V}
[30Jul2025 23:53:23.689] [main/DEBUG] [cpw.mods.modlauncher.TransformStore/MODLAUNCHER]: Adding transformer net.minecraftforge.coremod.transformer.CoreModMethodTransformer@377949f1 to Target : METHOD {Lnet/minecraft/client/multiplayer/ClientPacketListener;} {m_261044_} {()V}
[30Jul2025 23:53:23.689] [main/DEBUG] [cpw.mods.modlauncher.TransformStore/MODLAUNCHER]: Adding transformer net.minecraftforge.coremod.transformer.CoreModMethodTransformer@9df564f to Target : METHOD {Lnet/minecraft/server/players/PlayerList;} {m_11229_} {(Lnet/minecraft/server/level/ServerPlayer;Lnet/minecraft/server/level/ServerLevel;)V}
[30Jul2025 23:53:23.689] [main/DEBUG] [cpw.mods.modlauncher.TransformStore/MODLAUNCHER]: Adding transformer net.minecraftforge.coremod.transformer.CoreModMethodTransformer@1a21f43f to Target : METHOD {Lnet/minecraft/world/level/storage/LevelStorageSource$LevelStorageAccess;} {m_78311_} {()V}
[30Jul2025 23:53:23.689] [main/DEBUG] [cpw.mods.modlauncher.TransformStore/MODLAUNCHER]: Adding transformer net.minecraftforge.coremod.transformer.CoreModMethodTransformer@7f0a133d to Target : METHOD {Lnet/minecraft/client/Minecraft;} {m_91383_} {(Z)V}
[30Jul2025 23:53:23.689] [main/DEBUG] [cpw.mods.modlauncher.TransformStore/MODLAUNCHER]: Adding transformer net.minecraftforge.coremod.transformer.CoreModMethodTransformer@241fbec to Target : METHOD {Lnet/minecraft/client/Minecraft;} {m_91383_} {(Z)V}
[30Jul2025 23:53:23.690] [main/DEBUG] [cpw.mods.modlauncher.TransformStore/MODLAUNCHER]: Adding transformer net.minecraftforge.coremod.transformer.CoreModMethodTransformer@715fa8c5 to Target : METHOD {Lnet/minecraft/client/multiplayer/chat/ChatListener;} {m_240494_} {(Lnet/minecraft/network/chat/Component;Z)V}
[30Jul2025 23:53:23.691] [main/DEBUG] [cpw.mods.modlauncher.TransformStore/MODLAUNCHER]: Adding transformer net.minecraftforge.coremod.transformer.CoreModMethodTransformer@644a3add to Target : METHOD {Lnet/minecraft/client/multiplayer/chat/ChatListener;} {m_245141_} {(Lnet/minecraft/network/chat/Component;Lnet/minecraft/network/chat/ChatType$Bound;)V}
[30Jul2025 23:53:23.691] [main/DEBUG] [cpw.mods.modlauncher.TransformStore/MODLAUNCHER]: Adding transformer net.minecraftforge.coremod.transformer.CoreModMethodTransformer@4b765e92 to Target : METHOD {Lnet/minecraft/client/multiplayer/ClientPacketListener;} {m_6571_} {(Lnet/minecraft/network/protocol/game/ClientboundSetDefaultSpawnPositionPacket;)V}
[30Jul2025 23:53:23.691] [main/DEBUG] [cpw.mods.modlauncher.TransformStore/MODLAUNCHER]: Adding transformer net.minecraftforge.coremod.transformer.CoreModMethodTransformer@4665428b to Target : METHOD {Lnet/minecraft/world/level/levelgen/WorldOptions;} {<init>} {(JZZLjava/util/Optional;)V}
[30Jul2025 23:53:23.691] [main/DEBUG] [cpw.mods.modlauncher.TransformStore/MODLAUNCHER]: Adding transformer net.minecraftforge.coremod.transformer.CoreModMethodTransformer@4a70d302 to Target : METHOD {Lnet/minecraft/client/gui/MapRenderer$MapInstance;} {m_93291_} {(Lcom/mojang/blaze3d/vertex/PoseStack;Lnet/minecraft/client/renderer/MultiBufferSource;ZI)V}
[30Jul2025 23:53:23.691] [main/DEBUG] [cpw.mods.modlauncher.TransformStore/MODLAUNCHER]: Adding transformer net.minecraftforge.coremod.transformer.CoreModMethodTransformer@7fd99443 to Target : METHOD {Lnet/minecraft/client/renderer/ItemInHandRenderer;} {m_109371_} {(Lnet/minecraft/client/player/AbstractClientPlayer;FFLnet/minecraft/world/InteractionHand;FLnet/minecraft/world/item/ItemStack;FLcom/mojang/blaze3d/vertex/PoseStack;Lnet/minecraft/client/renderer/MultiBufferSource;I)V}
[30Jul2025 23:53:23.692] [main/DEBUG] [cpw.mods.modlauncher.TransformStore/MODLAUNCHER]: Adding transformer net.minecraftforge.coremod.transformer.CoreModMethodTransformer@622d7e4 to Target : METHOD {Lnet/minecraft/world/entity/decoration/ItemFrame;} {m_218868_} {()Ljava/util/OptionalInt;}
[30Jul2025 23:53:23.692] [main/DEBUG] [cpw.mods.modlauncher.TransformStore/MODLAUNCHER]: Adding transformer net.minecraftforge.coremod.transformer.CoreModMethodTransformer@6a3fbcb1 to Target : METHOD {Lnet/minecraft/client/renderer/ItemInHandRenderer;} {m_109366_} {(Lcom/mojang/blaze3d/vertex/PoseStack;Lnet/minecraft/client/renderer/MultiBufferSource;ILnet/minecraft/world/item/ItemStack;)V}
[30Jul2025 23:53:23.692] [main/DEBUG] [cpw.mods.modlauncher.TransformStore/MODLAUNCHER]: Adding transformer net.minecraftforge.coremod.transformer.CoreModMethodTransformer@261b9a37 to Target : METHOD {Lnet/minecraft/world/item/MapItem;} {m_7373_} {(Lnet/minecraft/world/item/ItemStack;Lnet/minecraft/world/level/Level;Ljava/util/List;Lnet/minecraft/world/item/TooltipFlag;)V}
[30Jul2025 23:53:23.692] [main/DEBUG] [cpw.mods.modlauncher.TransformStore/MODLAUNCHER]: Adding transformer net.minecraftforge.coremod.transformer.CoreModMethodTransformer@15d3793b to Target : METHOD {Lnet/minecraft/client/sounds/MusicManager;} {m_120183_} {()V}
[30Jul2025 23:53:23.693] [main/DEBUG] [cpw.mods.modlauncher.TransformStore/MODLAUNCHER]: Adding transformer net.minecraftforge.coremod.transformer.CoreModMethodTransformer@55e1192 to Target : METHOD {Lnet/minecraft/server/level/ServerEntity;} {m_8543_} {()V}
[30Jul2025 23:53:23.693] [main/DEBUG] [cpw.mods.modlauncher.TransformStore/MODLAUNCHER]: Adding transformer net.minecraftforge.coremod.transformer.CoreModMethodTransformer@1213ffbc to Target : METHOD {Lnet/minecraft/client/renderer/entity/EntityRenderDispatcher;} {m_6213_} {(Lnet/minecraft/server/packs/resources/ResourceManager;)V}
[30Jul2025 23:53:23.693] [main/DEBUG] [cpw.mods.modlauncher.TransformStore/MODLAUNCHER]: Adding transformer net.minecraftforge.coremod.transformer.CoreModMethodTransformer@68a305eb to Target : METHOD {Lnet/minecraft/client/renderer/entity/EntityRenderDispatcher;} {m_114382_} {(Lnet/minecraft/world/entity/Entity;)Lnet/minecraft/client/renderer/entity/EntityRenderer;}
[30Jul2025 23:53:23.696] [main/DEBUG] [cpw.mods.modlauncher.TransformStore/MODLAUNCHER]: Adding transformer net.minecraftforge.coremod.transformer.CoreModMethodTransformer@6637a365 to Target : METHOD {Lnet/minecraft/client/renderer/LevelRenderer;} {m_109599_} {(Lcom/mojang/blaze3d/vertex/PoseStack;FJZLnet/minecraft/client/Camera;Lnet/minecraft/client/renderer/GameRenderer;Lnet/minecraft/client/renderer/LightTexture;Lorg/joml/Matrix4f;)V}
[30Jul2025 23:53:23.696] [main/DEBUG] [cpw.mods.modlauncher.TransformStore/MODLAUNCHER]: Adding transformer net.minecraftforge.coremod.transformer.CoreModMethodTransformer@1310fcb0 to Target : METHOD {Lnet/minecraft/client/renderer/BiomeColors;} {m_108807_} {(Lnet/minecraft/world/level/biome/Biome;DD)I}
[30Jul2025 23:53:23.697] [main/DEBUG] [cpw.mods.modlauncher.TransformStore/MODLAUNCHER]: Adding transformer net.minecraftforge.coremod.transformer.CoreModMethodTransformer@1ef31f71 to Target : METHOD {Lnet/minecraft/client/player/LocalPlayer;} {m_6083_} {()V}
[30Jul2025 23:53:23.697] [main/DEBUG] [cpw.mods.modlauncher.TransformStore/MODLAUNCHER]: Adding transformer net.minecraftforge.coremod.transformer.CoreModMethodTransformer@6e8fdd19 to Target : METHOD {Lnet/minecraft/world/item/WrittenBookItem;} {m_7626_} {(Lnet/minecraft/world/item/ItemStack;)Lnet/minecraft/network/chat/Component;}
[30Jul2025 23:53:23.697] [main/DEBUG] [cpw.mods.modlauncher.TransformStore/MODLAUNCHER]: Adding transformer net.minecraftforge.coremod.transformer.CoreModMethodTransformer@35787726 to Target : METHOD {Lnet/minecraft/world/level/levelgen/structure/StructureStart;} {m_226857_} {(Lnet/minecraft/world/level/levelgen/structure/pieces/StructurePieceSerializationContext;Lnet/minecraft/nbt/CompoundTag;J)Lnet/minecraft/world/level/levelgen/structure/StructureStart;}
[30Jul2025 23:53:23.697] [main/DEBUG] [cpw.mods.modlauncher.TransformStore/MODLAUNCHER]: Adding transformer net.minecraftforge.coremod.transformer.CoreModMethodTransformer@2199e845 to Target : METHOD {Lnet/minecraft/world/item/Item;} {m_41435_} {(Lnet/minecraft/world/level/Level;Lnet/minecraft/world/entity/player/Player;Lnet/minecraft/world/level/ClipContext$Fluid;)Lnet/minecraft/world/phys/BlockHitResult;}
[30Jul2025 23:53:23.697] [main/DEBUG] [cpw.mods.modlauncher.TransformStore/MODLAUNCHER]: Adding transformer net.minecraftforge.coremod.transformer.CoreModMethodTransformer@27976390 to Target : METHOD {Lnet/minecraft/world/level/block/MushroomBlock;} {m_7898_} {(Lnet/minecraft/world/level/block/state/BlockState;Lnet/minecraft/world/level/LevelReader;Lnet/minecraft/core/BlockPos;)Z}
[30Jul2025 23:53:23.697] [main/DEBUG] [cpw.mods.modlauncher.TransformStore/MODLAUNCHER]: Adding transformer net.minecraftforge.coremod.transformer.CoreModMethodTransformer@37e0056e to Target : METHOD {Lnet/minecraft/world/level/Level;} {m_46758_} {(Lnet/minecraft/core/BlockPos;)Z}
[30Jul2025 23:53:23.698] [main/DEBUG] [cpw.mods.modlauncher.TransformStore/MODLAUNCHER]: Adding transformer net.minecraftforge.coremod.transformer.CoreModMethodTransformer@415795f3 to Target : METHOD {Lnet/minecraft/world/entity/decoration/LeashFenceKnotEntity;} {m_7088_} {()Z}
[30Jul2025 23:53:23.698] [main/DEBUG] [cpw.mods.modlauncher.TransformStore/MODLAUNCHER]: Adding transformer net.minecraftforge.coremod.transformer.CoreModClassTransformer@3375ebd3 to Target : CLASS {Lnet/minecraft/world/level/chunk/LevelChunk;} {} {V}
[30Jul2025 23:53:23.698] [main/DEBUG] [cpw.mods.modlauncher.TransformStore/MODLAUNCHER]: Adding transformer net.minecraftforge.coremod.transformer.CoreModClassTransformer@40943a6 to Target : CLASS {Lnet/minecraft/client/multiplayer/ClientPacketListener;} {} {V}
[30Jul2025 23:53:23.698] [main/DEBUG] [cpw.mods.modlauncher.TransformStore/MODLAUNCHER]: Adding transformer net.minecraftforge.coremod.transformer.CoreModClassTransformer@798cb6d9 to Target : CLASS {Lnet/minecraft/client/multiplayer/ClientLevel;} {} {V}
[30Jul2025 23:53:23.698] [main/DEBUG] [cpw.mods.modlauncher.TransformStore/MODLAUNCHER]: Adding transformer net.minecraftforge.coremod.transformer.CoreModClassTransformer@42679fc2 to Target : CLASS {Lnet/minecraft/network/protocol/game/ClientboundSectionBlocksUpdatePacket;} {} {V}
[30Jul2025 23:53:23.698] [main/DEBUG] [cpw.mods.modlauncher.TransformStore/MODLAUNCHER]: Adding transformer net.minecraftforge.coremod.transformer.CoreModClassTransformer@5e50df2e to Target : CLASS {Lnet/minecraft/client/gui/components/CycleButton;} {} {V}
[30Jul2025 23:53:23.699] [main/DEBUG] [cpw.mods.modlauncher.TransformStore/MODLAUNCHER]: Adding transformer net.minecraftforge.coremod.transformer.CoreModClassTransformer@100aa331 to Target : CLASS {Lnet/minecraft/server/MinecraftServer;} {} {V}
[30Jul2025 23:53:23.701] [main/DEBUG] [cpw.mods.modlauncher.TransformStore/MODLAUNCHER]: Adding transformer net.minecraftforge.coremod.transformer.CoreModClassTransformer@c2cf597 to Target : CLASS {Lnet/minecraft/server/level/ServerPlayer;} {} {V}
[30Jul2025 23:53:23.701] [main/DEBUG] [cpw.mods.modlauncher.TransformStore/MODLAUNCHER]: Adding transformer net.minecraftforge.coremod.transformer.CoreModClassTransformer@724bf25f to Target : CLASS {Lnet/minecraft/client/Minecraft;} {} {V}
[30Jul2025 23:53:23.701] [main/DEBUG] [cpw.mods.modlauncher.TransformStore/MODLAUNCHER]: Adding transformer net.minecraftforge.coremod.transformer.CoreModClassTransformer@2abafa97 to Target : CLASS {Lnet/minecraft/server/level/ServerLevel;} {} {V}
[30Jul2025 23:53:23.702] [main/DEBUG] [cpw.mods.modlauncher.TransformStore/MODLAUNCHER]: Adding transformer net.minecraftforge.coremod.transformer.CoreModClassTransformer@6f6cc7da to Target : CLASS {Lnet/minecraft/world/level/biome/Biome;} {} {V}
[30Jul2025 23:53:23.702] [main/DEBUG] [cpw.mods.modlauncher.TransformStore/MODLAUNCHER]: Adding transformer net.minecraftforge.coremod.transformer.CoreModClassTransformer@40717ed to Target : CLASS {Lnet/minecraft/world/level/levelgen/structure/Structure;} {} {V}
[30Jul2025 23:53:23.702] [main/DEBUG] [cpw.mods.modlauncher.TransformStore/MODLAUNCHER]: Adding transformer net.minecraftforge.coremod.transformer.CoreModClassTransformer@29f3c438 to Target : CLASS {Lnet/minecraft/world/effect/MobEffectInstance;} {} {V}
[30Jul2025 23:53:23.702] [main/DEBUG] [cpw.mods.modlauncher.TransformStore/MODLAUNCHER]: Adding transformer net.minecraftforge.coremod.transformer.CoreModClassTransformer@5460edd3 to Target : CLASS {Lnet/minecraft/world/level/block/LiquidBlock;} {} {V}
[30Jul2025 23:53:23.702] [main/DEBUG] [cpw.mods.modlauncher.TransformStore/MODLAUNCHER]: Adding transformer net.minecraftforge.coremod.transformer.CoreModClassTransformer@5dbbb292 to Target : CLASS {Lnet/minecraft/world/item/BucketItem;} {} {V}
[30Jul2025 23:53:23.702] [main/DEBUG] [cpw.mods.modlauncher.TransformStore/MODLAUNCHER]: Adding transformer net.minecraftforge.coremod.transformer.CoreModClassTransformer@613f7eb7 to Target : CLASS {Lnet/minecraft/world/level/block/StairBlock;} {} {V}
[30Jul2025 23:53:23.703] [main/DEBUG] [cpw.mods.modlauncher.TransformStore/MODLAUNCHER]: Adding transformer net.minecraftforge.coremod.transformer.CoreModClassTransformer@565aa4ac to Target : CLASS {Lnet/minecraft/world/level/block/FlowerPotBlock;} {} {V}
[30Jul2025 23:53:23.703] [main/DEBUG] [cpw.mods.modlauncher.TransformStore/MODLAUNCHER]: Adding transformer net.minecraftforge.coremod.transformer.CoreModClassTransformer@587c5c1 to Target : CLASS {Lnet/minecraft/world/item/ItemStack;} {} {V}
[30Jul2025 23:53:23.703] [main/DEBUG] [cpw.mods.modlauncher.TransformStore/MODLAUNCHER]: Adding transformer net.minecraftforge.coremod.transformer.CoreModClassTransformer@528c8c1 to Target : CLASS {Lnet/minecraft/network/play/client/CClientSettingsPacket;} {} {V}
[30Jul2025 23:53:23.703] [main/DEBUG] [cpw.mods.modlauncher.TransformStore/MODLAUNCHER]: Adding transformer net.minecraftforge.coremod.transformer.CoreModClassTransformer@1f78d415 to Target : CLASS {Lnet/minecraft/world/level/levelgen/structure/templatesystem/StructureTemplate;} {} {V}
[30Jul2025 23:53:23.703] [main/DEBUG] [cpw.mods.modlauncher.TransformStore/MODLAUNCHER]: Adding transformer net.minecraftforge.coremod.transformer.CoreModClassTransformer@1f78d415 to Target : CLASS {Lnet/minecraft/world/entity/npc/CatSpawner;} {} {V}
[30Jul2025 23:53:23.703] [main/DEBUG] [cpw.mods.modlauncher.TransformStore/MODLAUNCHER]: Adding transformer net.minecraftforge.coremod.transformer.CoreModClassTransformer@1f78d415 to Target : CLASS {Lnet/minecraft/world/entity/monster/ZombieVillager;} {} {V}
[30Jul2025 23:53:23.703] [main/DEBUG] [cpw.mods.modlauncher.TransformStore/MODLAUNCHER]: Adding transformer net.minecraftforge.coremod.transformer.CoreModClassTransformer@1f78d415 to Target : CLASS {Lnet/minecraft/world/entity/npc/Villager;} {} {V}
[30Jul2025 23:53:23.703] [main/DEBUG] [cpw.mods.modlauncher.TransformStore/MODLAUNCHER]: Adding transformer net.minecraftforge.coremod.transformer.CoreModClassTransformer@1f78d415 to Target : CLASS {Lnet/minecraft/server/commands/RaidCommand;} {} {V}
[30Jul2025 23:53:23.704] [main/DEBUG] [cpw.mods.modlauncher.TransformStore/MODLAUNCHER]: Adding transformer net.minecraftforge.coremod.transformer.CoreModClassTransformer@1f78d415 to Target : CLASS {Lnet/minecraft/world/level/levelgen/structure/structures/OceanRuinPieces$OceanRuinPiece;} {} {V}
[30Jul2025 23:53:23.704] [main/DEBUG] [cpw.mods.modlauncher.TransformStore/MODLAUNCHER]: Adding transformer net.minecraftforge.coremod.transformer.CoreModClassTransformer@1f78d415 to Target : CLASS {Lnet/minecraft/world/entity/ai/village/VillageSiege;} {} {V}
[30Jul2025 23:53:23.704] [main/DEBUG] [cpw.mods.modlauncher.TransformStore/MODLAUNCHER]: Adding transformer net.minecraftforge.coremod.transformer.CoreModClassTransformer@1f78d415 to Target : CLASS {Lnet/minecraft/world/entity/raid/Raid;} {} {V}
[30Jul2025 23:53:23.704] [main/DEBUG] [cpw.mods.modlauncher.TransformStore/MODLAUNCHER]: Adding transformer net.minecraftforge.coremod.transformer.CoreModClassTransformer@1f78d415 to Target : CLASS {Lnet/minecraft/server/commands/SummonCommand;} {} {V}
[30Jul2025 23:53:23.704] [main/DEBUG] [cpw.mods.modlauncher.TransformStore/MODLAUNCHER]: Adding transformer net.minecraftforge.coremod.transformer.CoreModClassTransformer@1f78d415 to Target : CLASS {Lnet/minecraft/world/entity/EntityType;} {} {V}
[30Jul2025 23:53:23.705] [main/DEBUG] [cpw.mods.modlauncher.TransformStore/MODLAUNCHER]: Adding transformer net.minecraftforge.coremod.transformer.CoreModClassTransformer@1f78d415 to Target : CLASS {Lnet/minecraft/world/entity/animal/horse/SkeletonTrapGoal;} {} {V}
[30Jul2025 23:53:23.706] [main/DEBUG] [cpw.mods.modlauncher.TransformStore/MODLAUNCHER]: Adding transformer net.minecraftforge.coremod.transformer.CoreModClassTransformer@1f78d415 to Target : CLASS {Lnet/minecraft/world/entity/monster/Zombie;} {} {V}
[30Jul2025 23:53:23.706] [main/DEBUG] [cpw.mods.modlauncher.TransformStore/MODLAUNCHER]: Adding transformer net.minecraftforge.coremod.transformer.CoreModClassTransformer@1f78d415 to Target : CLASS {Lnet/minecraft/world/level/levelgen/structure/structures/OceanMonumentPieces$OceanMonumentPiece;} {} {V}
[30Jul2025 23:53:23.706] [main/DEBUG] [cpw.mods.modlauncher.TransformStore/MODLAUNCHER]: Adding transformer net.minecraftforge.coremod.transformer.CoreModClassTransformer@1f78d415 to Target : CLASS {Lnet/minecraft/world/level/levelgen/PatrolSpawner;} {} {V}
[30Jul2025 23:53:23.706] [main/DEBUG] [cpw.mods.modlauncher.TransformStore/MODLAUNCHER]: Adding transformer net.minecraftforge.coremod.transformer.CoreModClassTransformer@1f78d415 to Target : CLASS {Lnet/minecraft/world/entity/animal/frog/Tadpole;} {} {V}
[30Jul2025 23:53:23.706] [main/DEBUG] [cpw.mods.modlauncher.TransformStore/MODLAUNCHER]: Adding transformer net.minecraftforge.coremod.transformer.CoreModClassTransformer@1f78d415 to Target : CLASS {Lnet/minecraft/world/entity/monster/Evoker$EvokerSummonSpellGoal;} {} {V}
[30Jul2025 23:53:23.706] [main/DEBUG] [cpw.mods.modlauncher.TransformStore/MODLAUNCHER]: Adding transformer net.minecraftforge.coremod.transformer.CoreModClassTransformer@1f78d415 to Target : CLASS {Lnet/minecraft/world/entity/monster/Strider;} {} {V}
[30Jul2025 23:53:23.706] [main/DEBUG] [cpw.mods.modlauncher.TransformStore/MODLAUNCHER]: Adding transformer net.minecraftforge.coremod.transformer.CoreModClassTransformer@1f78d415 to Target : CLASS {Lnet/minecraft/world/level/levelgen/structure/structures/SwampHutPiece;} {} {V}
[30Jul2025 23:53:23.707] [main/DEBUG] [cpw.mods.modlauncher.TransformStore/MODLAUNCHER]: Adding transformer net.minecraftforge.coremod.transformer.CoreModClassTransformer@1f78d415 to Target : CLASS {Lnet/minecraft/world/level/levelgen/PhantomSpawner;} {} {V}
[30Jul2025 23:53:23.707] [main/DEBUG] [cpw.mods.modlauncher.TransformStore/MODLAUNCHER]: Adding transformer net.minecraftforge.coremod.transformer.CoreModClassTransformer@1f78d415 to Target : CLASS {Lnet/minecraft/world/level/levelgen/structure/structures/WoodlandMansionPieces$WoodlandMansionPiece;} {} {V}
[30Jul2025 23:53:23.707] [main/DEBUG] [cpw.mods.modlauncher.TransformStore/MODLAUNCHER]: Adding transformer net.minecraftforge.coremod.transformer.CoreModClassTransformer@1f78d415 to Target : CLASS {Lnet/minecraft/world/entity/monster/Spider;} {} {V}
[30Jul2025 23:53:23.708] [main/DEBUG] [cpw.mods.modlauncher.TransformStore/MODLAUNCHER]: Adding transformer net.minecraftforge.coremod.transformer.CoreModClassTransformer@1f78d415 to Target : CLASS {Lnet/minecraft/world/level/NaturalSpawner;} {} {V}
[30Jul2025 23:53:23.708] [main/DEBUG] [cpw.mods.modlauncher.TransformationServiceDecorator/MODLAUNCHER]: Initialized transformers for transformation service fml
[30Jul2025 23:53:24.815] [main/DEBUG] [mixin/]: Processing prepare() for PlatformAgent[MixinPlatformAgentDefault:ModLauncher Root Container(ModLauncher:4f56a0a2)]
[30Jul2025 23:53:24.816] [main/DEBUG] [mixin/]: Processing launch tasks for PlatformAgent[MixinPlatformAgentDefault:ModLauncher Root Container(ModLauncher:4f56a0a2)]
[30Jul2025 23:53:24.816] [main/DEBUG] [mixin/]: Adding mixin platform agents for container SecureJarResource(minecraft)
[30Jul2025 23:53:24.816] [main/DEBUG] [mixin/]: Instancing new MixinPlatformAgentMinecraftForge for SecureJarResource(minecraft)
[30Jul2025 23:53:24.816] [main/DEBUG] [mixin/]: MixinPlatformAgentMinecraftForge rejected container SecureJarResource(minecraft)
[30Jul2025 23:53:24.816] [main/DEBUG] [mixin/]: Instancing new MixinPlatformAgentDefault for SecureJarResource(minecraft)
[30Jul2025 23:53:24.816] [main/DEBUG] [mixin/]: MixinPlatformAgentDefault accepted container SecureJarResource(minecraft)
[30Jul2025 23:53:24.817] [main/DEBUG] [mixin/]: Processing prepare() for PlatformAgent[MixinPlatformAgentDefault:SecureJarResource(minecraft)]
[30Jul2025 23:53:24.817] [main/DEBUG] [mixin/]: Adding mixin platform agents for container SecureJarResource(voicechat)
[30Jul2025 23:53:24.819] [main/DEBUG] [mixin/]: Instancing new MixinPlatformAgentMinecraftForge for SecureJarResource(voicechat)
[30Jul2025 23:53:24.819] [main/DEBUG] [mixin/]: MixinPlatformAgentMinecraftForge rejected container SecureJarResource(voicechat)
[30Jul2025 23:53:24.819] [main/DEBUG] [mixin/]: Instancing new MixinPlatformAgentDefault for SecureJarResource(voicechat)
[30Jul2025 23:53:24.819] [main/DEBUG] [mixin/]: MixinPlatformAgentDefault accepted container SecureJarResource(voicechat)
[30Jul2025 23:53:24.819] [main/DEBUG] [mixin/]: Processing prepare() for PlatformAgent[MixinPlatformAgentDefault:SecureJarResource(voicechat)]
[30Jul2025 23:53:24.819] [main/DEBUG] [mixin/]: Adding mixin platform agents for container SecureJarResource(kuma_api)
[30Jul2025 23:53:24.819] [main/DEBUG] [mixin/]: Instancing new MixinPlatformAgentMinecraftForge for SecureJarResource(kuma_api)
[30Jul2025 23:53:24.819] [main/DEBUG] [mixin/]: MixinPlatformAgentMinecraftForge rejected container SecureJarResource(kuma_api)
[30Jul2025 23:53:24.819] [main/DEBUG] [mixin/]: Instancing new MixinPlatformAgentDefault for SecureJarResource(kuma_api)
[30Jul2025 23:53:24.819] [main/DEBUG] [mixin/]: MixinPlatformAgentDefault accepted container SecureJarResource(kuma_api)
[30Jul2025 23:53:24.820] [main/DEBUG] [mixin/]: Processing prepare() for PlatformAgent[MixinPlatformAgentDefault:SecureJarResource(kuma_api)]
[30Jul2025 23:53:24.820] [main/DEBUG] [mixin/]: Registering mixin config: kuma_api.mixins.json
[30Jul2025 23:53:24.842] [main/DEBUG] [mixin/]: Compatibility level JAVA_17 specified by kuma_api.mixins.json is higher than the maximum level supported by this version of mixin (JAVA_13).
[30Jul2025 23:53:24.847] [main/INFO] [mixin/]: Compatibility level set to JAVA_17
[30Jul2025 23:53:24.848] [main/DEBUG] [mixin/]: Registering mixin config: kuma_api.forge.mixins.json
[30Jul2025 23:53:24.851] [main/DEBUG] [mixin/]: Adding mixin platform agents for container SecureJarResource(ambientsounds)
[30Jul2025 23:53:24.851] [main/DEBUG] [mixin/]: Instancing new MixinPlatformAgentMinecraftForge for SecureJarResource(ambientsounds)
[30Jul2025 23:53:24.851] [main/DEBUG] [mixin/]: MixinPlatformAgentMinecraftForge rejected container SecureJarResource(ambientsounds)
[30Jul2025 23:53:24.851] [main/DEBUG] [mixin/]: Instancing new MixinPlatformAgentDefault for SecureJarResource(ambientsounds)
[30Jul2025 23:53:24.852] [main/DEBUG] [mixin/]: MixinPlatformAgentDefault accepted container SecureJarResource(ambientsounds)
[30Jul2025 23:53:24.852] [main/DEBUG] [mixin/]: Processing prepare() for PlatformAgent[MixinPlatformAgentDefault:SecureJarResource(ambientsounds)]
[30Jul2025 23:53:24.852] [main/DEBUG] [mixin/]: Registering mixin config: ambientsounds.mixins.json
[30Jul2025 23:53:24.857] [main/DEBUG] [mixin/]: Adding mixin platform agents for container SecureJarResource(jade)
[30Jul2025 23:53:24.858] [main/DEBUG] [mixin/]: Instancing new MixinPlatformAgentMinecraftForge for SecureJarResource(jade)
[30Jul2025 23:53:24.858] [main/DEBUG] [mixin/]: MixinPlatformAgentMinecraftForge rejected container SecureJarResource(jade)
[30Jul2025 23:53:24.858] [main/DEBUG] [mixin/]: Instancing new MixinPlatformAgentDefault for SecureJarResource(jade)
[30Jul2025 23:53:24.858] [main/DEBUG] [mixin/]: MixinPlatformAgentDefault accepted container SecureJarResource(jade)
[30Jul2025 23:53:24.858] [main/DEBUG] [mixin/]: Processing prepare() for PlatformAgent[MixinPlatformAgentDefault:SecureJarResource(jade)]
[30Jul2025 23:53:24.858] [main/DEBUG] [mixin/]: Registering mixin config: jade.mixins.json
[30Jul2025 23:53:24.861] [main/DEBUG] [mixin/]: Compatibility level JAVA_16 specified by jade.mixins.json is higher than the maximum level supported by this version of mixin (JAVA_13).
[30Jul2025 23:53:24.861] [main/DEBUG] [mixin/]: Adding mixin platform agents for container SecureJarResource(geckolib)
[30Jul2025 23:53:24.861] [main/DEBUG] [mixin/]: Instancing new MixinPlatformAgentMinecraftForge for SecureJarResource(geckolib)
[30Jul2025 23:53:24.862] [main/DEBUG] [mixin/]: MixinPlatformAgentMinecraftForge rejected container SecureJarResource(geckolib)
[30Jul2025 23:53:24.862] [main/DEBUG] [mixin/]: Instancing new MixinPlatformAgentDefault for SecureJarResource(geckolib)
[30Jul2025 23:53:24.862] [main/DEBUG] [mixin/]: MixinPlatformAgentDefault accepted container SecureJarResource(geckolib)
[30Jul2025 23:53:24.862] [main/DEBUG] [mixin/]: Processing prepare() for PlatformAgent[MixinPlatformAgentDefault:SecureJarResource(geckolib)]
[30Jul2025 23:53:24.862] [main/DEBUG] [mixin/]: Registering mixin config: geckolib.mixins.json
[30Jul2025 23:53:24.864] [main/DEBUG] [mixin/]: Adding mixin platform agents for container SecureJarResource(creativecore)
[30Jul2025 23:53:24.864] [main/DEBUG] [mixin/]: Instancing new MixinPlatformAgentMinecraftForge for SecureJarResource(creativecore)
[30Jul2025 23:53:24.865] [main/DEBUG] [mixin/]: MixinPlatformAgentMinecraftForge rejected container SecureJarResource(creativecore)
[30Jul2025 23:53:24.865] [main/DEBUG] [mixin/]: Instancing new MixinPlatformAgentDefault for SecureJarResource(creativecore)
[30Jul2025 23:53:24.865] [main/DEBUG] [mixin/]: MixinPlatformAgentDefault accepted container SecureJarResource(creativecore)
[30Jul2025 23:53:24.865] [main/DEBUG] [mixin/]: Processing prepare() for PlatformAgent[MixinPlatformAgentDefault:SecureJarResource(creativecore)]
[30Jul2025 23:53:24.865] [main/DEBUG] [mixin/]: Registering mixin config: creativecore.mixins.json
[30Jul2025 23:53:24.867] [main/DEBUG] [mixin/]: Registering mixin config: creativecore.forge.mixins.json
[30Jul2025 23:53:24.869] [main/DEBUG] [mixin/]: Adding mixin platform agents for container SecureJarResource(thalassophobia)
[30Jul2025 23:53:24.869] [main/DEBUG] [mixin/]: Instancing new MixinPlatformAgentMinecraftForge for SecureJarResource(thalassophobia)
[30Jul2025 23:53:24.870] [main/DEBUG] [mixin/]: MixinPlatformAgentMinecraftForge rejected container SecureJarResource(thalassophobia)
[30Jul2025 23:53:24.870] [main/DEBUG] [mixin/]: Instancing new MixinPlatformAgentDefault for SecureJarResource(thalassophobia)
[30Jul2025 23:53:24.870] [main/DEBUG] [mixin/]: MixinPlatformAgentDefault accepted container SecureJarResource(thalassophobia)
[30Jul2025 23:53:24.870] [main/DEBUG] [mixin/]: Processing prepare() for PlatformAgent[MixinPlatformAgentDefault:SecureJarResource(thalassophobia)]
[30Jul2025 23:53:24.870] [main/DEBUG] [mixin/]: Adding mixin platform agents for container SecureJarResource(jei)
[30Jul2025 23:53:24.870] [main/DEBUG] [mixin/]: Instancing new MixinPlatformAgentMinecraftForge for SecureJarResource(jei)
[30Jul2025 23:53:24.871] [main/DEBUG] [mixin/]: MixinPlatformAgentMinecraftForge rejected container SecureJarResource(jei)
[30Jul2025 23:53:24.871] [main/DEBUG] [mixin/]: Instancing new MixinPlatformAgentDefault for SecureJarResource(jei)
[30Jul2025 23:53:24.871] [main/DEBUG] [mixin/]: MixinPlatformAgentDefault accepted container SecureJarResource(jei)
[30Jul2025 23:53:24.871] [main/DEBUG] [mixin/]: Processing prepare() for PlatformAgent[MixinPlatformAgentDefault:SecureJarResource(jei)]
[30Jul2025 23:53:24.871] [main/DEBUG] [mixin/]: Adding mixin platform agents for container SecureJarResource(cgm)
[30Jul2025 23:53:24.871] [main/DEBUG] [mixin/]: Instancing new MixinPlatformAgentMinecraftForge for SecureJarResource(cgm)
[30Jul2025 23:53:24.871] [main/DEBUG] [mixin/]: MixinPlatformAgentMinecraftForge rejected container SecureJarResource(cgm)
[30Jul2025 23:53:24.871] [main/DEBUG] [mixin/]: Instancing new MixinPlatformAgentDefault for SecureJarResource(cgm)
[30Jul2025 23:53:24.872] [main/DEBUG] [mixin/]: MixinPlatformAgentDefault accepted container SecureJarResource(cgm)
[30Jul2025 23:53:24.872] [main/DEBUG] [mixin/]: Processing prepare() for PlatformAgent[MixinPlatformAgentDefault:SecureJarResource(cgm)]
[30Jul2025 23:53:24.872] [main/DEBUG] [mixin/]: Registering mixin config: cgm.mixins.json
[30Jul2025 23:53:24.873] [main/DEBUG] [mixin/]: Compatibility level JAVA_8 specified by cgm.mixins.json is lower than the default level supported by the current mixin service (JAVA_16).
[30Jul2025 23:53:24.874] [main/DEBUG] [mixin/]: Adding mixin platform agents for container SecureJarResource(lionfishapi)
[30Jul2025 23:53:24.874] [main/DEBUG] [mixin/]: Instancing new MixinPlatformAgentMinecraftForge for SecureJarResource(lionfishapi)
[30Jul2025 23:53:24.874] [main/DEBUG] [mixin/]: MixinPlatformAgentMinecraftForge rejected container SecureJarResource(lionfishapi)
[30Jul2025 23:53:24.874] [main/DEBUG] [mixin/]: Instancing new MixinPlatformAgentDefault for SecureJarResource(lionfishapi)
[30Jul2025 23:53:24.875] [main/DEBUG] [mixin/]: MixinPlatformAgentDefault accepted container SecureJarResource(lionfishapi)
[30Jul2025 23:53:24.875] [main/DEBUG] [mixin/]: Processing prepare() for PlatformAgent[MixinPlatformAgentDefault:SecureJarResource(lionfishapi)]
[30Jul2025 23:53:24.875] [main/DEBUG] [mixin/]: Registering mixin config: lionfishapi.mixins.json
[30Jul2025 23:53:24.877] [main/DEBUG] [mixin/]: Adding mixin platform agents for container SecureJarResource(hammerlib)
[30Jul2025 23:53:24.877] [main/DEBUG] [mixin/]: Instancing new MixinPlatformAgentMinecraftForge for SecureJarResource(hammerlib)
[30Jul2025 23:53:24.877] [main/DEBUG] [mixin/]: MixinPlatformAgentMinecraftForge rejected container SecureJarResource(hammerlib)
[30Jul2025 23:53:24.877] [main/DEBUG] [mixin/]: Instancing new MixinPlatformAgentDefault for SecureJarResource(hammerlib)
[30Jul2025 23:53:24.878] [main/DEBUG] [mixin/]: MixinPlatformAgentDefault accepted container SecureJarResource(hammerlib)
[30Jul2025 23:53:24.878] [main/DEBUG] [mixin/]: Processing prepare() for PlatformAgent[MixinPlatformAgentDefault:SecureJarResource(hammerlib)]
[30Jul2025 23:53:24.878] [main/DEBUG] [mixin/]: Registering mixin config: mixins.hammerlib.json
[30Jul2025 23:53:24.880] [main/DEBUG] [mixin/]: Adding mixin platform agents for container SecureJarResource(improvableskills)
[30Jul2025 23:53:24.880] [main/DEBUG] [mixin/]: Instancing new MixinPlatformAgentMinecraftForge for SecureJarResource(improvableskills)
[30Jul2025 23:53:24.881] [main/DEBUG] [mixin/]: MixinPlatformAgentMinecraftForge rejected container SecureJarResource(improvableskills)
[30Jul2025 23:53:24.881] [main/DEBUG] [mixin/]: Instancing new MixinPlatformAgentDefault for SecureJarResource(improvableskills)
[30Jul2025 23:53:24.881] [main/DEBUG] [mixin/]: MixinPlatformAgentDefault accepted container SecureJarResource(improvableskills)
[30Jul2025 23:53:24.881] [main/DEBUG] [mixin/]: Processing prepare() for PlatformAgent[MixinPlatformAgentDefault:SecureJarResource(improvableskills)]
[30Jul2025 23:53:24.881] [main/DEBUG] [mixin/]: Registering mixin config: mixins.improvableskills.json
[30Jul2025 23:53:24.884] [main/DEBUG] [mixin/]: Adding mixin platform agents for container SecureJarResource(sophisticatedcore)
[30Jul2025 23:53:24.884] [main/DEBUG] [mixin/]: Instancing new MixinPlatformAgentMinecraftForge for SecureJarResource(sophisticatedcore)
[30Jul2025 23:53:24.884] [main/DEBUG] [mixin/]: MixinPlatformAgentMinecraftForge rejected container SecureJarResource(sophisticatedcore)
[30Jul2025 23:53:24.885] [main/DEBUG] [mixin/]: Instancing new MixinPlatformAgentDefault for SecureJarResource(sophisticatedcore)
[30Jul2025 23:53:24.885] [main/DEBUG] [mixin/]: MixinPlatformAgentDefault accepted container SecureJarResource(sophisticatedcore)
[30Jul2025 23:53:24.885] [main/DEBUG] [mixin/]: Processing prepare() for PlatformAgent[MixinPlatformAgentDefault:SecureJarResource(sophisticatedcore)]
[30Jul2025 23:53:24.885] [main/DEBUG] [mixin/]: Adding mixin platform agents for container SecureJarResource(cataclysm)
[30Jul2025 23:53:24.885] [main/DEBUG] [mixin/]: Instancing new MixinPlatformAgentMinecraftForge for SecureJarResource(cataclysm)
[30Jul2025 23:53:24.885] [main/DEBUG] [mixin/]: MixinPlatformAgentMinecraftForge rejected container SecureJarResource(cataclysm)
[30Jul2025 23:53:24.885] [main/DEBUG] [mixin/]: Instancing new MixinPlatformAgentDefault for SecureJarResource(cataclysm)
[30Jul2025 23:53:24.885] [main/DEBUG] [mixin/]: MixinPlatformAgentDefault accepted container SecureJarResource(cataclysm)
[30Jul2025 23:53:24.885] [main/DEBUG] [mixin/]: Processing prepare() for PlatformAgent[MixinPlatformAgentDefault:SecureJarResource(cataclysm)]
[30Jul2025 23:53:24.886] [main/DEBUG] [mixin/]: Registering mixin config: lionfishapi.mixins.json
[30Jul2025 23:53:24.886] [main/DEBUG] [mixin/]: Registering mixin config: cataclysm.mixins.json
[30Jul2025 23:53:24.888] [main/DEBUG] [mixin/]: Adding mixin platform agents for container SecureJarResource(curios)
[30Jul2025 23:53:24.888] [main/DEBUG] [mixin/]: Instancing new MixinPlatformAgentMinecraftForge for SecureJarResource(curios)
[30Jul2025 23:53:24.888] [main/DEBUG] [mixin/]: MixinPlatformAgentMinecraftForge rejected container SecureJarResource(curios)
[30Jul2025 23:53:24.888] [main/DEBUG] [mixin/]: Instancing new MixinPlatformAgentDefault for SecureJarResource(curios)
[30Jul2025 23:53:24.888] [main/DEBUG] [mixin/]: MixinPlatformAgentDefault accepted container SecureJarResource(curios)
[30Jul2025 23:53:24.888] [main/DEBUG] [mixin/]: Processing prepare() for PlatformAgent[MixinPlatformAgentDefault:SecureJarResource(curios)]
[30Jul2025 23:53:24.888] [main/DEBUG] [mixin/]: Registering mixin config: curios.mixins.json
[30Jul2025 23:53:24.890] [main/DEBUG] [mixin/]: Adding mixin platform agents for container SecureJarResource(sound_physics_remastered)
[30Jul2025 23:53:24.893] [main/DEBUG] [mixin/]: Instancing new MixinPlatformAgentMinecraftForge for SecureJarResource(sound_physics_remastered)
[30Jul2025 23:53:24.893] [main/DEBUG] [mixin/]: MixinPlatformAgentMinecraftForge rejected container SecureJarResource(sound_physics_remastered)
[30Jul2025 23:53:24.893] [main/DEBUG] [mixin/]: Instancing new MixinPlatformAgentDefault for SecureJarResource(sound_physics_remastered)
[30Jul2025 23:53:24.893] [main/DEBUG] [mixin/]: MixinPlatformAgentDefault accepted container SecureJarResource(sound_physics_remastered)
[30Jul2025 23:53:24.893] [main/DEBUG] [mixin/]: Processing prepare() for PlatformAgent[MixinPlatformAgentDefault:SecureJarResource(sound_physics_remastered)]
[30Jul2025 23:53:24.894] [main/DEBUG] [mixin/]: Adding mixin platform agents for container SecureJarResource(waystones)
[30Jul2025 23:53:24.894] [main/DEBUG] [mixin/]: Instancing new MixinPlatformAgentMinecraftForge for SecureJarResource(waystones)
[30Jul2025 23:53:24.894] [main/DEBUG] [mixin/]: MixinPlatformAgentMinecraftForge rejected container SecureJarResource(waystones)
[30Jul2025 23:53:24.894] [main/DEBUG] [mixin/]: Instancing new MixinPlatformAgentDefault for SecureJarResource(waystones)
[30Jul2025 23:53:24.894] [main/DEBUG] [mixin/]: MixinPlatformAgentDefault accepted container SecureJarResource(waystones)
[30Jul2025 23:53:24.894] [main/DEBUG] [mixin/]: Processing prepare() for PlatformAgent[MixinPlatformAgentDefault:SecureJarResource(waystones)]
[30Jul2025 23:53:24.894] [main/DEBUG] [mixin/]: Registering mixin config: waystones.mixins.json
[30Jul2025 23:53:24.907] [main/DEBUG] [mixin/]: Adding mixin platform agents for container SecureJarResource(saros_first_aid_mod)
[30Jul2025 23:53:24.907] [main/DEBUG] [mixin/]: Instancing new MixinPlatformAgentMinecraftForge for SecureJarResource(saros_first_aid_mod)
[30Jul2025 23:53:24.907] [main/DEBUG] [mixin/]: MixinPlatformAgentMinecraftForge rejected container SecureJarResource(saros_first_aid_mod)
[30Jul2025 23:53:24.907] [main/DEBUG] [mixin/]: Instancing new MixinPlatformAgentDefault for SecureJarResource(saros_first_aid_mod)
[30Jul2025 23:53:24.908] [main/DEBUG] [mixin/]: MixinPlatformAgentDefault accepted container SecureJarResource(saros_first_aid_mod)
[30Jul2025 23:53:24.908] [main/DEBUG] [mixin/]: Processing prepare() for PlatformAgent[MixinPlatformAgentDefault:SecureJarResource(saros_first_aid_mod)]
[30Jul2025 23:53:24.908] [main/DEBUG] [mixin/]: Adding mixin platform agents for container SecureJarResource(xaeroworldmap)
[30Jul2025 23:53:24.908] [main/DEBUG] [mixin/]: Instancing new MixinPlatformAgentMinecraftForge for SecureJarResource(xaeroworldmap)
[30Jul2025 23:53:24.908] [main/DEBUG] [mixin/]: MixinPlatformAgentMinecraftForge rejected container SecureJarResource(xaeroworldmap)
[30Jul2025 23:53:24.908] [main/DEBUG] [mixin/]: Instancing new MixinPlatformAgentDefault for SecureJarResource(xaeroworldmap)
[30Jul2025 23:53:24.908] [main/DEBUG] [mixin/]: MixinPlatformAgentDefault accepted container SecureJarResource(xaeroworldmap)
[30Jul2025 23:53:24.908] [main/DEBUG] [mixin/]: Processing prepare() for PlatformAgent[MixinPlatformAgentDefault:SecureJarResource(xaeroworldmap)]
[30Jul2025 23:53:24.908] [main/DEBUG] [mixin/]: Adding mixin platform agents for container SecureJarResource(reskillable)
[30Jul2025 23:53:24.908] [main/DEBUG] [mixin/]: Instancing new MixinPlatformAgentMinecraftForge for SecureJarResource(reskillable)
[30Jul2025 23:53:24.908] [main/DEBUG] [mixin/]: MixinPlatformAgentMinecraftForge rejected container SecureJarResource(reskillable)
[30Jul2025 23:53:24.909] [main/DEBUG] [mixin/]: Instancing new MixinPlatformAgentDefault for SecureJarResource(reskillable)
[30Jul2025 23:53:24.909] [main/DEBUG] [mixin/]: MixinPlatformAgentDefault accepted container SecureJarResource(reskillable)
[30Jul2025 23:53:24.909] [main/DEBUG] [mixin/]: Processing prepare() for PlatformAgent[MixinPlatformAgentDefault:SecureJarResource(reskillable)]
[30Jul2025 23:53:24.909] [main/DEBUG] [mixin/]: Registering mixin config: reskillable.mixins.json
[30Jul2025 23:53:24.913] [main/DEBUG] [mixin/]: Adding mixin platform agents for container SecureJarResource(citadel)
[30Jul2025 23:53:24.916] [main/DEBUG] [mixin/]: Instancing new MixinPlatformAgentMinecraftForge for SecureJarResource(citadel)
[30Jul2025 23:53:24.916] [main/DEBUG] [mixin/]: MixinPlatformAgentMinecraftForge rejected container SecureJarResource(citadel)
[30Jul2025 23:53:24.916] [main/DEBUG] [mixin/]: Instancing new MixinPlatformAgentDefault for SecureJarResource(citadel)
[30Jul2025 23:53:24.919] [main/DEBUG] [mixin/]: MixinPlatformAgentDefault accepted container SecureJarResource(citadel)
[30Jul2025 23:53:24.919] [main/DEBUG] [mixin/]: Processing prepare() for PlatformAgent[MixinPlatformAgentDefault:SecureJarResource(citadel)]
[30Jul2025 23:53:24.919] [main/DEBUG] [mixin/]: Registering mixin config: citadel.mixins.json
[30Jul2025 23:53:24.922] [main/DEBUG] [mixin/]: Adding mixin platform agents for container SecureJarResource(alexscaves)
[30Jul2025 23:53:24.925] [main/DEBUG] [mixin/]: Instancing new MixinPlatformAgentMinecraftForge for SecureJarResource(alexscaves)
[30Jul2025 23:53:24.925] [main/DEBUG] [mixin/]: MixinPlatformAgentMinecraftForge rejected container SecureJarResource(alexscaves)
[30Jul2025 23:53:24.925] [main/DEBUG] [mixin/]: Instancing new MixinPlatformAgentDefault for SecureJarResource(alexscaves)
[30Jul2025 23:53:24.925] [main/DEBUG] [mixin/]: MixinPlatformAgentDefault accepted container SecureJarResource(alexscaves)
[30Jul2025 23:53:24.925] [main/DEBUG] [mixin/]: Processing prepare() for PlatformAgent[MixinPlatformAgentDefault:SecureJarResource(alexscaves)]
[30Jul2025 23:53:24.925] [main/DEBUG] [mixin/]: Registering mixin config: citadel.mixins.json
[30Jul2025 23:53:24.925] [main/DEBUG] [mixin/]: Registering mixin config: alexscaves.mixins.json
[30Jul2025 23:53:24.929] [main/DEBUG] [mixin/]: Adding mixin platform agents for container SecureJarResource(alexsmobs)
[30Jul2025 23:53:24.930] [main/DEBUG] [mixin/]: Instancing new MixinPlatformAgentMinecraftForge for SecureJarResource(alexsmobs)
[30Jul2025 23:53:24.931] [main/DEBUG] [mixin/]: MixinPlatformAgentMinecraftForge rejected container SecureJarResource(alexsmobs)
[30Jul2025 23:53:24.931] [main/DEBUG] [mixin/]: Instancing new MixinPlatformAgentDefault for SecureJarResource(alexsmobs)
[30Jul2025 23:53:24.931] [main/DEBUG] [mixin/]: MixinPlatformAgentDefault accepted container SecureJarResource(alexsmobs)
[30Jul2025 23:53:24.932] [main/DEBUG] [mixin/]: Processing prepare() for PlatformAgent[MixinPlatformAgentDefault:SecureJarResource(alexsmobs)]
[30Jul2025 23:53:24.932] [main/DEBUG] [mixin/]: Registering mixin config: citadel.mixins.json
[30Jul2025 23:53:24.932] [main/DEBUG] [mixin/]: Adding mixin platform agents for container SecureJarResource(naturescompass)
[30Jul2025 23:53:24.933] [main/DEBUG] [mixin/]: Instancing new MixinPlatformAgentMinecraftForge for SecureJarResource(naturescompass)
[30Jul2025 23:53:24.933] [main/DEBUG] [mixin/]: MixinPlatformAgentMinecraftForge rejected container SecureJarResource(naturescompass)
[30Jul2025 23:53:24.933] [main/DEBUG] [mixin/]: Instancing new MixinPlatformAgentDefault for SecureJarResource(naturescompass)
[30Jul2025 23:53:24.933] [main/DEBUG] [mixin/]: MixinPlatformAgentDefault accepted container SecureJarResource(naturescompass)
[30Jul2025 23:53:24.933] [main/DEBUG] [mixin/]: Processing prepare() for PlatformAgent[MixinPlatformAgentDefault:SecureJarResource(naturescompass)]
[30Jul2025 23:53:24.933] [main/DEBUG] [mixin/]: Adding mixin platform agents for container SecureJarResource(aaa_particles)
[30Jul2025 23:53:24.933] [main/DEBUG] [mixin/]: Instancing new MixinPlatformAgentMinecraftForge for SecureJarResource(aaa_particles)
[30Jul2025 23:53:24.933] [main/DEBUG] [mixin/]: MixinPlatformAgentMinecraftForge rejected container SecureJarResource(aaa_particles)
[30Jul2025 23:53:24.933] [main/DEBUG] [mixin/]: Instancing new MixinPlatformAgentDefault for SecureJarResource(aaa_particles)
[30Jul2025 23:53:24.933] [main/DEBUG] [mixin/]: MixinPlatformAgentDefault accepted container SecureJarResource(aaa_particles)
[30Jul2025 23:53:24.933] [main/DEBUG] [mixin/]: Processing prepare() for PlatformAgent[MixinPlatformAgentDefault:SecureJarResource(aaa_particles)]
[30Jul2025 23:53:24.933] [main/DEBUG] [mixin/]: Registering mixin config: aaa_particles-common.mixins.json
[30Jul2025 23:53:24.936] [main/DEBUG] [mixin/]: Registering mixin config: aaa_particles.mixins.json
[30Jul2025 23:53:24.938] [main/DEBUG] [mixin/]: Adding mixin platform agents for container SecureJarResource(mixinextras)
[30Jul2025 23:53:24.938] [main/DEBUG] [mixin/]: Instancing new MixinPlatformAgentMinecraftForge for SecureJarResource(mixinextras)
[30Jul2025 23:53:24.939] [main/DEBUG] [mixin/]: MixinPlatformAgentMinecraftForge rejected container SecureJarResource(mixinextras)
[30Jul2025 23:53:24.939] [main/DEBUG] [mixin/]: Instancing new MixinPlatformAgentDefault for SecureJarResource(mixinextras)
[30Jul2025 23:53:24.939] [main/DEBUG] [mixin/]: MixinPlatformAgentDefault accepted container SecureJarResource(mixinextras)
[30Jul2025 23:53:24.939] [main/DEBUG] [mixin/]: Processing prepare() for PlatformAgent[MixinPlatformAgentDefault:SecureJarResource(mixinextras)]
[30Jul2025 23:53:24.939] [main/DEBUG] [mixin/]: Registering mixin config: mixinextras.init.mixins.json
[30Jul2025 23:53:24.941] [main/DEBUG] [mixin/]: Adding mixin platform agents for container SecureJarResource(tombstone)
[30Jul2025 23:53:24.941] [main/DEBUG] [mixin/]: Instancing new MixinPlatformAgentMinecraftForge for SecureJarResource(tombstone)
[30Jul2025 23:53:24.942] [main/DEBUG] [mixin/]: MixinPlatformAgentMinecraftForge rejected container SecureJarResource(tombstone)
[30Jul2025 23:53:24.942] [main/DEBUG] [mixin/]: Instancing new MixinPlatformAgentDefault for SecureJarResource(tombstone)
[30Jul2025 23:53:24.942] [main/DEBUG] [mixin/]: MixinPlatformAgentDefault accepted container SecureJarResource(tombstone)
[30Jul2025 23:53:24.942] [main/DEBUG] [mixin/]: Processing prepare() for PlatformAgent[MixinPlatformAgentDefault:SecureJarResource(tombstone)]
[30Jul2025 23:53:24.942] [main/DEBUG] [mixin/]: Registering mixin config: tombstone.mixins.json
[30Jul2025 23:53:24.944] [main/DEBUG] [mixin/]: Adding mixin platform agents for container SecureJarResource(sophisticatedbackpacks)
[30Jul2025 23:53:24.944] [main/DEBUG] [mixin/]: Instancing new MixinPlatformAgentMinecraftForge for SecureJarResource(sophisticatedbackpacks)
[30Jul2025 23:53:24.944] [main/DEBUG] [mixin/]: MixinPlatformAgentMinecraftForge rejected container SecureJarResource(sophisticatedbackpacks)
[30Jul2025 23:53:24.944] [main/DEBUG] [mixin/]: Instancing new MixinPlatformAgentDefault for SecureJarResource(sophisticatedbackpacks)
[30Jul2025 23:53:24.944] [main/DEBUG] [mixin/]: MixinPlatformAgentDefault accepted container SecureJarResource(sophisticatedbackpacks)
[30Jul2025 23:53:24.944] [main/DEBUG] [mixin/]: Processing prepare() for PlatformAgent[MixinPlatformAgentDefault:SecureJarResource(sophisticatedbackpacks)]
[30Jul2025 23:53:24.944] [main/DEBUG] [mixin/]: Adding mixin platform agents for container SecureJarResource(sandworm_mod)
[30Jul2025 23:53:24.945] [main/DEBUG] [mixin/]: Instancing new MixinPlatformAgentMinecraftForge for SecureJarResource(sandworm_mod)
[30Jul2025 23:53:24.945] [main/DEBUG] [mixin/]: MixinPlatformAgentMinecraftForge rejected container SecureJarResource(sandworm_mod)
[30Jul2025 23:53:24.945] [main/DEBUG] [mixin/]: Instancing new MixinPlatformAgentDefault for SecureJarResource(sandworm_mod)
[30Jul2025 23:53:24.945] [main/DEBUG] [mixin/]: MixinPlatformAgentDefault accepted container SecureJarResource(sandworm_mod)
[30Jul2025 23:53:24.945] [main/DEBUG] [mixin/]: Processing prepare() for PlatformAgent[MixinPlatformAgentDefault:SecureJarResource(sandworm_mod)]
[30Jul2025 23:53:24.945] [main/DEBUG] [mixin/]: Adding mixin platform agents for container SecureJarResource(relics)
[30Jul2025 23:53:24.945] [main/DEBUG] [mixin/]: Instancing new MixinPlatformAgentMinecraftForge for SecureJarResource(relics)
[30Jul2025 23:53:24.946] [main/DEBUG] [mixin/]: MixinPlatformAgentMinecraftForge rejected container SecureJarResource(relics)
[30Jul2025 23:53:24.946] [main/DEBUG] [mixin/]: Instancing new MixinPlatformAgentDefault for SecureJarResource(relics)
[30Jul2025 23:53:24.946] [main/DEBUG] [mixin/]: MixinPlatformAgentDefault accepted container SecureJarResource(relics)
[30Jul2025 23:53:24.946] [main/DEBUG] [mixin/]: Processing prepare() for PlatformAgent[MixinPlatformAgentDefault:SecureJarResource(relics)]
[30Jul2025 23:53:24.946] [main/DEBUG] [mixin/]: Registering mixin config: relics.mixins.json
[30Jul2025 23:53:24.948] [main/DEBUG] [mixin/]: Compatibility level JAVA_8 specified by relics.mixins.json is lower than the default level supported by the current mixin service (JAVA_16).
[30Jul2025 23:53:24.948] [main/DEBUG] [mixin/]: Adding mixin platform agents for container SecureJarResource(architectury)
[30Jul2025 23:53:24.948] [main/DEBUG] [mixin/]: Instancing new MixinPlatformAgentMinecraftForge for SecureJarResource(architectury)
[30Jul2025 23:53:24.948] [main/DEBUG] [mixin/]: MixinPlatformAgentMinecraftForge rejected container SecureJarResource(architectury)
[30Jul2025 23:53:24.948] [main/DEBUG] [mixin/]: Instancing new MixinPlatformAgentDefault for SecureJarResource(architectury)
[30Jul2025 23:53:24.949] [main/DEBUG] [mixin/]: MixinPlatformAgentDefault accepted container SecureJarResource(architectury)
[30Jul2025 23:53:24.949] [main/DEBUG] [mixin/]: Processing prepare() for PlatformAgent[MixinPlatformAgentDefault:SecureJarResource(architectury)]
[30Jul2025 23:53:24.949] [main/DEBUG] [mixin/]: Registering mixin config: architectury.mixins.json
[30Jul2025 23:53:24.951] [main/DEBUG] [mixin/]: Compatibility level JAVA_16 specified by architectury.mixins.json is higher than the maximum level supported by this version of mixin (JAVA_13).
[30Jul2025 23:53:24.951] [main/DEBUG] [mixin/]: Registering mixin config: architectury-common.mixins.json
[30Jul2025 23:53:24.953] [main/DEBUG] [mixin/]: Compatibility level JAVA_16 specified by architectury-common.mixins.json is higher than the maximum level supported by this version of mixin (JAVA_13).
[30Jul2025 23:53:24.953] [main/DEBUG] [mixin/]: Adding mixin platform agents for container SecureJarResource(octolib)
[30Jul2025 23:53:24.953] [main/DEBUG] [mixin/]: Instancing new MixinPlatformAgentMinecraftForge for SecureJarResource(octolib)
[30Jul2025 23:53:24.954] [main/DEBUG] [mixin/]: MixinPlatformAgentMinecraftForge rejected container SecureJarResource(octolib)
[30Jul2025 23:53:24.954] [main/DEBUG] [mixin/]: Instancing new MixinPlatformAgentDefault for SecureJarResource(octolib)
[30Jul2025 23:53:24.954] [main/DEBUG] [mixin/]: MixinPlatformAgentDefault accepted container SecureJarResource(octolib)
[30Jul2025 23:53:24.954] [main/DEBUG] [mixin/]: Processing prepare() for PlatformAgent[MixinPlatformAgentDefault:SecureJarResource(octolib)]
[30Jul2025 23:53:24.954] [main/DEBUG] [mixin/]: Adding mixin platform agents for container SecureJarResource(iceandfire)
[30Jul2025 23:53:24.954] [main/DEBUG] [mixin/]: Instancing new MixinPlatformAgentMinecraftForge for SecureJarResource(iceandfire)
[30Jul2025 23:53:24.955] [main/DEBUG] [mixin/]: MixinPlatformAgentMinecraftForge rejected container SecureJarResource(iceandfire)
[30Jul2025 23:53:24.955] [main/DEBUG] [mixin/]: Instancing new MixinPlatformAgentDefault for SecureJarResource(iceandfire)
[30Jul2025 23:53:24.958] [main/DEBUG] [mixin/]: MixinPlatformAgentDefault accepted container SecureJarResource(iceandfire)
[30Jul2025 23:53:24.958] [main/DEBUG] [mixin/]: Processing prepare() for PlatformAgent[MixinPlatformAgentDefault:SecureJarResource(iceandfire)]
[30Jul2025 23:53:24.958] [main/DEBUG] [mixin/]: Registering mixin config: iceandfire.mixins.json
[30Jul2025 23:53:24.960] [main/DEBUG] [mixin/]: Adding mixin platform agents for container SecureJarResource(dragonseeker)
[30Jul2025 23:53:24.960] [main/DEBUG] [mixin/]: Instancing new MixinPlatformAgentMinecraftForge for SecureJarResource(dragonseeker)
[30Jul2025 23:53:24.960] [main/DEBUG] [mixin/]: MixinPlatformAgentMinecraftForge rejected container SecureJarResource(dragonseeker)
[30Jul2025 23:53:24.960] [main/DEBUG] [mixin/]: Instancing new MixinPlatformAgentDefault for SecureJarResource(dragonseeker)
[30Jul2025 23:53:24.960] [main/DEBUG] [mixin/]: MixinPlatformAgentDefault accepted container SecureJarResource(dragonseeker)
[30Jul2025 23:53:24.960] [main/DEBUG] [mixin/]: Processing prepare() for PlatformAgent[MixinPlatformAgentDefault:SecureJarResource(dragonseeker)]
[30Jul2025 23:53:24.960] [main/DEBUG] [mixin/]: Adding mixin platform agents for container SecureJarResource(balm)
[30Jul2025 23:53:24.960] [main/DEBUG] [mixin/]: Instancing new MixinPlatformAgentMinecraftForge for SecureJarResource(balm)
[30Jul2025 23:53:24.960] [main/DEBUG] [mixin/]: MixinPlatformAgentMinecraftForge rejected container SecureJarResource(balm)
[30Jul2025 23:53:24.960] [main/DEBUG] [mixin/]: Instancing new MixinPlatformAgentDefault for SecureJarResource(balm)
[30Jul2025 23:53:24.960] [main/DEBUG] [mixin/]: MixinPlatformAgentDefault accepted container SecureJarResource(balm)
[30Jul2025 23:53:24.961] [main/DEBUG] [mixin/]: Processing prepare() for PlatformAgent[MixinPlatformAgentDefault:SecureJarResource(balm)]
[30Jul2025 23:53:24.961] [main/DEBUG] [mixin/]: Registering mixin config: balm.mixins.json
[30Jul2025 23:53:24.963] [main/DEBUG] [mixin/]: Adding mixin platform agents for container SecureJarResource(carryon)
[30Jul2025 23:53:24.963] [main/DEBUG] [mixin/]: Instancing new MixinPlatformAgentMinecraftForge for SecureJarResource(carryon)
[30Jul2025 23:53:24.963] [main/DEBUG] [mixin/]: MixinPlatformAgentMinecraftForge rejected container SecureJarResource(carryon)
[30Jul2025 23:53:24.963] [main/DEBUG] [mixin/]: Instancing new MixinPlatformAgentDefault for SecureJarResource(carryon)
[30Jul2025 23:53:24.963] [main/DEBUG] [mixin/]: MixinPlatformAgentDefault accepted container SecureJarResource(carryon)
[30Jul2025 23:53:24.963] [main/DEBUG] [mixin/]: Processing prepare() for PlatformAgent[MixinPlatformAgentDefault:SecureJarResource(carryon)]
[30Jul2025 23:53:24.963] [main/DEBUG] [mixin/]: Registering mixin config: carryon.mixins.json
[30Jul2025 23:53:24.966] [main/DEBUG] [mixin/]: Registering mixin config: carryon.forge.mixins.json
[30Jul2025 23:53:24.967] [main/DEBUG] [mixin/]: Adding mixin platform agents for container SecureJarResource(framework)
[30Jul2025 23:53:24.968] [main/DEBUG] [mixin/]: Instancing new MixinPlatformAgentMinecraftForge for SecureJarResource(framework)
[30Jul2025 23:53:24.968] [main/DEBUG] [mixin/]: MixinPlatformAgentMinecraftForge rejected container SecureJarResource(framework)
[30Jul2025 23:53:24.968] [main/DEBUG] [mixin/]: Instancing new MixinPlatformAgentDefault for SecureJarResource(framework)
[30Jul2025 23:53:24.969] [main/DEBUG] [mixin/]: MixinPlatformAgentDefault accepted container SecureJarResource(framework)
[30Jul2025 23:53:24.969] [main/DEBUG] [mixin/]: Processing prepare() for PlatformAgent[MixinPlatformAgentDefault:SecureJarResource(framework)]
[30Jul2025 23:53:24.969] [main/DEBUG] [mixin/]: Adding mixin platform agents for container SecureJarResource(lodestone)
[30Jul2025 23:53:24.969] [main/DEBUG] [mixin/]: Instancing new MixinPlatformAgentMinecraftForge for SecureJarResource(lodestone)
[30Jul2025 23:53:24.969] [main/DEBUG] [mixin/]: MixinPlatformAgentMinecraftForge rejected container SecureJarResource(lodestone)
[30Jul2025 23:53:24.969] [main/DEBUG] [mixin/]: Instancing new MixinPlatformAgentDefault for SecureJarResource(lodestone)
[30Jul2025 23:53:24.969] [main/DEBUG] [mixin/]: MixinPlatformAgentDefault accepted container SecureJarResource(lodestone)
[30Jul2025 23:53:24.969] [main/DEBUG] [mixin/]: Processing prepare() for PlatformAgent[MixinPlatformAgentDefault:SecureJarResource(lodestone)]
[30Jul2025 23:53:24.969] [main/DEBUG] [mixin/]: Registering mixin config: lodestone.mixins.json
[30Jul2025 23:53:24.971] [main/DEBUG] [mixin/]: Adding mixin platform agents for container SecureJarResource(firstaid)
[30Jul2025 23:53:24.971] [main/DEBUG] [mixin/]: Instancing new MixinPlatformAgentMinecraftForge for SecureJarResource(firstaid)
[30Jul2025 23:53:24.971] [main/DEBUG] [mixin/]: MixinPlatformAgentMinecraftForge rejected container SecureJarResource(firstaid)
[30Jul2025 23:53:24.971] [main/DEBUG] [mixin/]: Instancing new MixinPlatformAgentDefault for SecureJarResource(firstaid)
[30Jul2025 23:53:24.971] [main/DEBUG] [mixin/]: MixinPlatformAgentDefault accepted container SecureJarResource(firstaid)
[30Jul2025 23:53:24.971] [main/DEBUG] [mixin/]: Processing prepare() for PlatformAgent[MixinPlatformAgentDefault:SecureJarResource(firstaid)]
[30Jul2025 23:53:24.971] [main/DEBUG] [mixin/]: Adding mixin platform agents for container SecureJarResource(forge)
[30Jul2025 23:53:24.971] [main/DEBUG] [mixin/]: Instancing new MixinPlatformAgentMinecraftForge for SecureJarResource(forge)
[30Jul2025 23:53:24.971] [main/DEBUG] [mixin/]: MixinPlatformAgentMinecraftForge rejected container SecureJarResource(forge)
[30Jul2025 23:53:24.971] [main/DEBUG] [mixin/]: Instancing new MixinPlatformAgentDefault for SecureJarResource(forge)
[30Jul2025 23:53:24.971] [main/DEBUG] [mixin/]: MixinPlatformAgentDefault accepted container SecureJarResource(forge)
[30Jul2025 23:53:24.971] [main/DEBUG] [mixin/]: Processing prepare() for PlatformAgent[MixinPlatformAgentDefault:SecureJarResource(forge)]
[30Jul2025 23:53:24.972] [main/DEBUG] [mixin/]: Adding mixin platform agents for container SecureJarResource(appleskin)
[30Jul2025 23:53:24.972] [main/DEBUG] [mixin/]: Instancing new MixinPlatformAgentMinecraftForge for SecureJarResource(appleskin)
[30Jul2025 23:53:24.972] [main/DEBUG] [mixin/]: MixinPlatformAgentMinecraftForge rejected container SecureJarResource(appleskin)
[30Jul2025 23:53:24.972] [main/DEBUG] [mixin/]: Instancing new MixinPlatformAgentDefault for SecureJarResource(appleskin)
[30Jul2025 23:53:24.972] [main/DEBUG] [mixin/]: MixinPlatformAgentDefault accepted container SecureJarResource(appleskin)
[30Jul2025 23:53:24.972] [main/DEBUG] [mixin/]: Processing prepare() for PlatformAgent[MixinPlatformAgentDefault:SecureJarResource(appleskin)]
[30Jul2025 23:53:24.972] [main/DEBUG] [mixin/]: Adding mixin platform agents for container SecureJarResource(twilightforest)
[30Jul2025 23:53:24.972] [main/DEBUG] [mixin/]: Instancing new MixinPlatformAgentMinecraftForge for SecureJarResource(twilightforest)
[30Jul2025 23:53:24.972] [main/DEBUG] [mixin/]: MixinPlatformAgentMinecraftForge rejected container SecureJarResource(twilightforest)
[30Jul2025 23:53:24.972] [main/DEBUG] [mixin/]: Instancing new MixinPlatformAgentDefault for SecureJarResource(twilightforest)
[30Jul2025 23:53:24.972] [main/DEBUG] [mixin/]: MixinPlatformAgentDefault accepted container SecureJarResource(twilightforest)
[30Jul2025 23:53:24.973] [main/DEBUG] [mixin/]: Processing prepare() for PlatformAgent[MixinPlatformAgentDefault:SecureJarResource(twilightforest)]
[30Jul2025 23:53:24.973] [main/DEBUG] [mixin/]: Adding mixin platform agents for container SecureJarResource(alexs_mobs_extra_music)
[30Jul2025 23:53:24.973] [main/DEBUG] [mixin/]: Instancing new MixinPlatformAgentMinecraftForge for SecureJarResource(alexs_mobs_extra_music)
[30Jul2025 23:53:24.973] [main/DEBUG] [mixin/]: MixinPlatformAgentMinecraftForge rejected container SecureJarResource(alexs_mobs_extra_music)
[30Jul2025 23:53:24.973] [main/DEBUG] [mixin/]: Instancing new MixinPlatformAgentDefault for SecureJarResource(alexs_mobs_extra_music)
[30Jul2025 23:53:24.973] [main/DEBUG] [mixin/]: MixinPlatformAgentDefault accepted container SecureJarResource(alexs_mobs_extra_music)
[30Jul2025 23:53:24.973] [main/DEBUG] [mixin/]: Processing prepare() for PlatformAgent[MixinPlatformAgentDefault:SecureJarResource(alexs_mobs_extra_music)]
[30Jul2025 23:53:24.974] [main/DEBUG] [mixin/]: Adding mixin platform agents for container SecureJarResource(mclib)
[30Jul2025 23:53:24.974] [main/DEBUG] [mixin/]: Instancing new MixinPlatformAgentMinecraftForge for SecureJarResource(mclib)
[30Jul2025 23:53:24.974] [main/DEBUG] [mixin/]: MixinPlatformAgentMinecraftForge rejected container SecureJarResource(mclib)
[30Jul2025 23:53:24.974] [main/DEBUG] [mixin/]: Instancing new MixinPlatformAgentDefault for SecureJarResource(mclib)
[30Jul2025 23:53:24.974] [main/DEBUG] [mixin/]: MixinPlatformAgentDefault accepted container SecureJarResource(mclib)
[30Jul2025 23:53:24.974] [main/DEBUG] [mixin/]: Processing prepare() for PlatformAgent[MixinPlatformAgentDefault:SecureJarResource(mclib)]
[30Jul2025 23:53:24.975] [main/DEBUG] [mixin/]: Adding mixin platform agents for container SecureJarResource(org.yaml.snakeyaml)
[30Jul2025 23:53:24.975] [main/DEBUG] [mixin/]: Instancing new MixinPlatformAgentMinecraftForge for SecureJarResource(org.yaml.snakeyaml)
[30Jul2025 23:53:24.975] [main/DEBUG] [mixin/]: MixinPlatformAgentMinecraftForge rejected container SecureJarResource(org.yaml.snakeyaml)
[30Jul2025 23:53:24.975] [main/DEBUG] [mixin/]: Instancing new MixinPlatformAgentDefault for SecureJarResource(org.yaml.snakeyaml)
[30Jul2025 23:53:24.975] [main/DEBUG] [mixin/]: MixinPlatformAgentDefault accepted container SecureJarResource(org.yaml.snakeyaml)
[30Jul2025 23:53:24.975] [main/DEBUG] [mixin/]: Processing prepare() for PlatformAgent[MixinPlatformAgentDefault:SecureJarResource(org.yaml.snakeyaml)]
[30Jul2025 23:53:24.975] [main/DEBUG] [mixin/]: Adding mixin platform agents for container SecureJarResource(MixinExtras)
[30Jul2025 23:53:24.975] [main/DEBUG] [mixin/]: Instancing new MixinPlatformAgentMinecraftForge for SecureJarResource(MixinExtras)
[30Jul2025 23:53:24.975] [main/DEBUG] [mixin/]: MixinPlatformAgentMinecraftForge rejected container SecureJarResource(MixinExtras)
[30Jul2025 23:53:24.976] [main/DEBUG] [mixin/]: Instancing new MixinPlatformAgentDefault for SecureJarResource(MixinExtras)
[30Jul2025 23:53:24.976] [main/DEBUG] [mixin/]: MixinPlatformAgentDefault accepted container SecureJarResource(MixinExtras)
[30Jul2025 23:53:24.976] [main/DEBUG] [mixin/]: Processing prepare() for PlatformAgent[MixinPlatformAgentDefault:SecureJarResource(MixinExtras)]
[30Jul2025 23:53:24.976] [main/DEBUG] [mixin/]: inject() running with 48 agents
[30Jul2025 23:53:24.978] [main/DEBUG] [mixin/]: Processing inject() for PlatformAgent[MixinPlatformAgentDefault:ModLauncher Root Container(ModLauncher:4f56a0a2)]
[30Jul2025 23:53:24.978] [main/DEBUG] [mixin/]: Processing inject() for PlatformAgent[MixinPlatformAgentDefault:SecureJarResource(minecraft)]
[30Jul2025 23:53:24.978] [main/DEBUG] [mixin/]: Processing inject() for PlatformAgent[MixinPlatformAgentDefault:SecureJarResource(voicechat)]
[30Jul2025 23:53:24.978] [main/DEBUG] [mixin/]: Processing inject() for PlatformAgent[MixinPlatformAgentDefault:SecureJarResource(kuma_api)]
[30Jul2025 23:53:24.978] [main/DEBUG] [mixin/]: Processing inject() for PlatformAgent[MixinPlatformAgentDefault:SecureJarResource(ambientsounds)]
[30Jul2025 23:53:24.979] [main/DEBUG] [mixin/]: Processing inject() for PlatformAgent[MixinPlatformAgentDefault:SecureJarResource(jade)]
[30Jul2025 23:53:24.979] [main/DEBUG] [mixin/]: Processing inject() for PlatformAgent[MixinPlatformAgentDefault:SecureJarResource(geckolib)]
[30Jul2025 23:53:24.979] [main/DEBUG] [mixin/]: Processing inject() for PlatformAgent[MixinPlatformAgentDefault:SecureJarResource(creativecore)]
[30Jul2025 23:53:24.979] [main/DEBUG] [mixin/]: Processing inject() for PlatformAgent[MixinPlatformAgentDefault:SecureJarResource(thalassophobia)]
[30Jul2025 23:53:24.979] [main/DEBUG] [mixin/]: Processing inject() for PlatformAgent[MixinPlatformAgentDefault:SecureJarResource(jei)]
[30Jul2025 23:53:24.979] [main/DEBUG] [mixin/]: Processing inject() for PlatformAgent[MixinPlatformAgentDefault:SecureJarResource(cgm)]
[30Jul2025 23:53:24.979] [main/DEBUG] [mixin/]: Processing inject() for PlatformAgent[MixinPlatformAgentDefault:SecureJarResource(lionfishapi)]
[30Jul2025 23:53:24.979] [main/DEBUG] [mixin/]: Processing inject() for PlatformAgent[MixinPlatformAgentDefault:SecureJarResource(hammerlib)]
[30Jul2025 23:53:24.979] [main/DEBUG] [mixin/]: Processing inject() for PlatformAgent[MixinPlatformAgentDefault:SecureJarResource(improvableskills)]
[30Jul2025 23:53:24.979] [main/DEBUG] [mixin/]: Processing inject() for PlatformAgent[MixinPlatformAgentDefault:SecureJarResource(sophisticatedcore)]
[30Jul2025 23:53:24.979] [main/DEBUG] [mixin/]: Processing inject() for PlatformAgent[MixinPlatformAgentDefault:SecureJarResource(cataclysm)]
[30Jul2025 23:53:24.979] [main/DEBUG] [mixin/]: Processing inject() for PlatformAgent[MixinPlatformAgentDefault:SecureJarResource(curios)]
[30Jul2025 23:53:24.979] [main/DEBUG] [mixin/]: Processing inject() for PlatformAgent[MixinPlatformAgentDefault:SecureJarResource(sound_physics_remastered)]
[30Jul2025 23:53:24.979] [main/DEBUG] [mixin/]: Processing inject() for PlatformAgent[MixinPlatformAgentDefault:SecureJarResource(waystones)]
[30Jul2025 23:53:24.979] [main/DEBUG] [mixin/]: Processing inject() for PlatformAgent[MixinPlatformAgentDefault:SecureJarResource(saros_first_aid_mod)]
[30Jul2025 23:53:24.979] [main/DEBUG] [mixin/]: Processing inject() for PlatformAgent[MixinPlatformAgentDefault:SecureJarResource(xaeroworldmap)]
[30Jul2025 23:53:24.979] [main/DEBUG] [mixin/]: Processing inject() for PlatformAgent[MixinPlatformAgentDefault:SecureJarResource(reskillable)]
[30Jul2025 23:53:24.979] [main/DEBUG] [mixin/]: Processing inject() for PlatformAgent[MixinPlatformAgentDefault:SecureJarResource(citadel)]
[30Jul2025 23:53:24.979] [main/DEBUG] [mixin/]: Processing inject() for PlatformAgent[MixinPlatformAgentDefault:SecureJarResource(alexscaves)]
[30Jul2025 23:53:24.980] [main/DEBUG] [mixin/]: Processing inject() for PlatformAgent[MixinPlatformAgentDefault:SecureJarResource(alexsmobs)]
[30Jul2025 23:53:24.980] [main/DEBUG] [mixin/]: Processing inject() for PlatformAgent[MixinPlatformAgentDefault:SecureJarResource(naturescompass)]
[30Jul2025 23:53:24.980] [main/DEBUG] [mixin/]: Processing inject() for PlatformAgent[MixinPlatformAgentDefault:SecureJarResource(aaa_particles)]
[30Jul2025 23:53:24.980] [main/DEBUG] [mixin/]: Processing inject() for PlatformAgent[MixinPlatformAgentDefault:SecureJarResource(mixinextras)]
[30Jul2025 23:53:24.980] [main/DEBUG] [mixin/]: Processing inject() for PlatformAgent[MixinPlatformAgentDefault:SecureJarResource(tombstone)]
[30Jul2025 23:53:24.980] [main/DEBUG] [mixin/]: Processing inject() for PlatformAgent[MixinPlatformAgentDefault:SecureJarResource(sophisticatedbackpacks)]
[30Jul2025 23:53:24.980] [main/DEBUG] [mixin/]: Processing inject() for PlatformAgent[MixinPlatformAgentDefault:SecureJarResource(sandworm_mod)]
[30Jul2025 23:53:24.980] [main/DEBUG] [mixin/]: Processing inject() for PlatformAgent[MixinPlatformAgentDefault:SecureJarResource(relics)]
[30Jul2025 23:53:24.980] [main/DEBUG] [mixin/]: Processing inject() for PlatformAgent[MixinPlatformAgentDefault:SecureJarResource(architectury)]
[30Jul2025 23:53:24.980] [main/DEBUG] [mixin/]: Processing inject() for PlatformAgent[MixinPlatformAgentDefault:SecureJarResource(octolib)]
[30Jul2025 23:53:24.980] [main/DEBUG] [mixin/]: Processing inject() for PlatformAgent[MixinPlatformAgentDefault:SecureJarResource(iceandfire)]
[30Jul2025 23:53:24.980] [main/DEBUG] [mixin/]: Processing inject() for PlatformAgent[MixinPlatformAgentDefault:SecureJarResource(dragonseeker)]
[30Jul2025 23:53:24.980] [main/DEBUG] [mixin/]: Processing inject() for PlatformAgent[MixinPlatformAgentDefault:SecureJarResource(balm)]
[30Jul2025 23:53:24.980] [main/DEBUG] [mixin/]: Processing inject() for PlatformAgent[MixinPlatformAgentDefault:SecureJarResource(carryon)]
[30Jul2025 23:53:24.980] [main/DEBUG] [mixin/]: Processing inject() for PlatformAgent[MixinPlatformAgentDefault:SecureJarResource(framework)]
[30Jul2025 23:53:24.980] [main/DEBUG] [mixin/]: Processing inject() for PlatformAgent[MixinPlatformAgentDefault:SecureJarResource(lodestone)]
[30Jul2025 23:53:24.980] [main/DEBUG] [mixin/]: Processing inject() for PlatformAgent[MixinPlatformAgentDefault:SecureJarResource(firstaid)]
[30Jul2025 23:53:24.980] [main/DEBUG] [mixin/]: Processing inject() for PlatformAgent[MixinPlatformAgentDefault:SecureJarResource(forge)]
[30Jul2025 23:53:24.980] [main/DEBUG] [mixin/]: Processing inject() for PlatformAgent[MixinPlatformAgentDefault:SecureJarResource(appleskin)]
[30Jul2025 23:53:24.980] [main/DEBUG] [mixin/]: Processing inject() for PlatformAgent[MixinPlatformAgentDefault:SecureJarResource(twilightforest)]
[30Jul2025 23:53:24.980] [main/DEBUG] [mixin/]: Processing inject() for PlatformAgent[MixinPlatformAgentDefault:SecureJarResource(alexs_mobs_extra_music)]
[30Jul2025 23:53:24.981] [main/DEBUG] [mixin/]: Processing inject() for PlatformAgent[MixinPlatformAgentDefault:SecureJarResource(mclib)]
[30Jul2025 23:53:24.981] [main/DEBUG] [mixin/]: Processing inject() for PlatformAgent[MixinPlatformAgentDefault:SecureJarResource(org.yaml.snakeyaml)]
[30Jul2025 23:53:24.981] [main/DEBUG] [mixin/]: Processing inject() for PlatformAgent[MixinPlatformAgentDefault:SecureJarResource(MixinExtras)]
[30Jul2025 23:53:25.027] [main/DEBUG] [mixin/]: Error cleaning class output directory: .mixin.out
[30Jul2025 23:53:25.029] [main/DEBUG] [mixin/]: Preparing mixins for MixinEnvironment[PREINIT]
[30Jul2025 23:53:25.035] [main/INFO] [mixin/]: Successfully loaded Mixin Connector [com.sonicether.soundphysics.MixinConnector]
[30Jul2025 23:53:25.037] [main/INFO] [cpw.mods.modlauncher.LaunchServiceHandler/MODLAUNCHER]: Launching target 'forgeserver' with arguments [nogui]
[30Jul2025 23:53:25.039] [main/DEBUG] [mixin/]: Preparing mixins for MixinEnvironment[DEFAULT]
[30Jul2025 23:53:25.039] [main/DEBUG] [mixin/]: Selecting config kuma_api.mixins.json
[30Jul2025 23:53:25.045] [main/DEBUG] [mixin/]: Selecting config kuma_api.forge.mixins.json
[30Jul2025 23:53:25.047] [main/DEBUG] [mixin/]: Selecting config ambientsounds.mixins.json
[30Jul2025 23:53:25.049] [main/DEBUG] [mixin/]: Selecting config jade.mixins.json
[30Jul2025 23:53:25.050] [main/DEBUG] [mixin/]: Selecting config geckolib.mixins.json
[30Jul2025 23:53:25.053] [main/DEBUG] [mixin/]: Selecting config creativecore.mixins.json
[30Jul2025 23:53:25.054] [main/DEBUG] [mixin/]: Selecting config creativecore.forge.mixins.json
[30Jul2025 23:53:25.058] [main/DEBUG] [mixin/]: Selecting config cgm.mixins.json
[30Jul2025 23:53:25.066] [main/DEBUG] [mixin/]: Selecting config lionfishapi.mixins.json
[30Jul2025 23:53:25.068] [main/DEBUG] [mixin/]: Selecting config mixins.hammerlib.json
[30Jul2025 23:53:25.072] [main/DEBUG] [mixin/]: Selecting config mixins.improvableskills.json
[30Jul2025 23:53:25.075] [main/DEBUG] [mixin/]: Selecting config cataclysm.mixins.json
[30Jul2025 23:53:25.077] [main/DEBUG] [mixin/]: Selecting config curios.mixins.json
[30Jul2025 23:53:25.080] [main/DEBUG] [mixin/]: Selecting config waystones.mixins.json
[30Jul2025 23:53:25.082] [main/DEBUG] [mixin/]: Selecting config reskillable.mixins.json
[30Jul2025 23:53:25.083] [main/DEBUG] [mixin/]: Selecting config citadel.mixins.json
[30Jul2025 23:53:25.086] [main/DEBUG] [mixin/]: Selecting config alexscaves.mixins.json
[30Jul2025 23:53:25.088] [main/DEBUG] [mixin/]: Selecting config aaa_particles-common.mixins.json
[30Jul2025 23:53:25.089] [main/DEBUG] [mixin/]: Selecting config aaa_particles.mixins.json
[30Jul2025 23:53:25.091] [main/DEBUG] [mixin/]: Selecting config mixinextras.init.mixins.json
[30Jul2025 23:53:25.121] [main/DEBUG] [MixinExtras|Service/]: com.llamalad7.mixinextras.service.MixinExtrasServiceImpl(version=0.4.1) is taking over from null
[30Jul2025 23:53:25.149] [main/DEBUG] [mixin/]: Registering new injector for @Inject with org.spongepowered.asm.mixin.injection.struct.CallbackInjectionInfo
[30Jul2025 23:53:25.150] [main/DEBUG] [mixin/]: Registering new injector for @ModifyArg with org.spongepowered.asm.mixin.injection.struct.ModifyArgInjectionInfo
[30Jul2025 23:53:25.151] [main/DEBUG] [mixin/]: Registering new injector for @ModifyArgs with org.spongepowered.asm.mixin.injection.struct.ModifyArgsInjectionInfo
[30Jul2025 23:53:25.152] [main/DEBUG] [mixin/]: Registering new injector for @Redirect with org.spongepowered.asm.mixin.injection.struct.RedirectInjectionInfo
[30Jul2025 23:53:25.153] [main/DEBUG] [mixin/]: Registering new injector for @ModifyVariable with org.spongepowered.asm.mixin.injection.struct.ModifyVariableInjectionInfo
[30Jul2025 23:53:25.154] [main/DEBUG] [mixin/]: Registering new injector for @ModifyConstant with org.spongepowered.asm.mixin.injection.struct.ModifyConstantInjectionInfo
[30Jul2025 23:53:25.168] [main/DEBUG] [mixin/]: Selecting config tombstone.mixins.json
[30Jul2025 23:53:25.170] [main/DEBUG] [mixin/]: Selecting config relics.mixins.json
[30Jul2025 23:53:25.171] [main/DEBUG] [mixin/]: Selecting config architectury.mixins.json
[30Jul2025 23:53:25.174] [main/DEBUG] [mixin/]: Selecting config architectury-common.mixins.json
[30Jul2025 23:53:25.175] [main/DEBUG] [mixin/]: Selecting config iceandfire.mixins.json
[30Jul2025 23:53:25.176] [main/DEBUG] [mixin/]: Selecting config balm.mixins.json
[30Jul2025 23:53:25.177] [main/DEBUG] [mixin/]: Selecting config carryon.mixins.json
[30Jul2025 23:53:25.181] [main/DEBUG] [mixin/]: Selecting config carryon.forge.mixins.json
[30Jul2025 23:53:25.182] [main/DEBUG] [mixin/]: Selecting config lodestone.mixins.json
[30Jul2025 23:53:25.184] [main/DEBUG] [mixin/]: Selecting config sound_physics_remastered.mixins.json
[30Jul2025 23:53:25.187] [main/DEBUG] [mixin/]: Preparing kuma_api.mixins.json (1)
[30Jul2025 23:53:25.190] [main/DEBUG] [mixin/]: Preparing kuma_api.forge.mixins.json (0)
[30Jul2025 23:53:25.190] [main/DEBUG] [mixin/]: Preparing ambientsounds.mixins.json (2)
[30Jul2025 23:53:25.190] [main/DEBUG] [mixin/]: Preparing jade.mixins.json (2)
[30Jul2025 23:53:25.190] [main/DEBUG] [mixin/]: Preparing geckolib.mixins.json (1)
[30Jul2025 23:53:25.190] [main/DEBUG] [mixin/]: Preparing creativecore.mixins.json (8)
[30Jul2025 23:53:25.241] [main/DEBUG] [mixin/]: Preparing creativecore.forge.mixins.json (3)
[30Jul2025 23:53:25.243] [main/DEBUG] [mixin/]: Preparing cgm.mixins.json (11)
[30Jul2025 23:53:25.331] [main/WARN] [mixin/]: Error loading class: xyz/przemyk/simpleplanes/upgrades/shooter/ShooterUpgrade (java.lang.ClassNotFoundException: xyz.przemyk.simpleplanes.upgrades.shooter.ShooterUpgrade)
[30Jul2025 23:53:25.334] [main/WARN] [mixin/]: @Mixin target xyz.przemyk.simpleplanes.upgrades.shooter.ShooterUpgrade was not found cgm.mixins.json:common.simpleplanes.ShooterUpgradeMixin
[30Jul2025 23:53:25.335] [main/DEBUG] [mixin/]: Preparing lionfishapi.mixins.json (2)
[30Jul2025 23:53:25.380] [main/DEBUG] [mixin/]: Preparing mixins.hammerlib.json (37)
[30Jul2025 23:53:25.428] [main/DEBUG] [net.minecraftforge.coremod.transformer.CoreModBaseTransformer/COREMOD]: Transforming m_41622_ with desc (ILnet/minecraft/world/entity/LivingEntity;Ljava/util/function/Consumer;)V
[30Jul2025 23:53:25.492] [main/DEBUG] [net.minecraftforge.coremod.transformer.CoreModBaseTransformer/COREMOD]: Transforming net/minecraft/world/item/ItemStack
[30Jul2025 23:53:25.559] [main/DEBUG] [net.minecraftforge.coremod.transformer.CoreModBaseTransformer/COREMOD]: Transforming net/minecraft/world/level/chunk/LevelChunk
[30Jul2025 23:53:25.596] [main/DEBUG] [net.minecraftforge.coremod.transformer.CoreModBaseTransformer/COREMOD]: Transforming m_46758_ with desc (Lnet/minecraft/core/BlockPos;)Z
[30Jul2025 23:53:25.671] [main/DEBUG] [net.minecraftforge.coremod.transformer.CoreModBaseTransformer/COREMOD]: Transforming net/minecraft/server/level/ServerLevel
[30Jul2025 23:53:25.731] [main/DEBUG] [net.minecraftforge.coremod.transformer.CoreModBaseTransformer/COREMOD]: Transforming m_46758_ with desc (Lnet/minecraft/core/BlockPos;)Z
[30Jul2025 23:53:25.771] [main/WARN] [mixin/]: Error loading class: dev/latvian/mods/kubejs/recipe/RecipesEventJS (java.lang.ClassNotFoundException: dev.latvian.mods.kubejs.recipe.RecipesEventJS)
[30Jul2025 23:53:25.776] [main/WARN] [mixin/]: @Mixin target dev.latvian.mods.kubejs.recipe.RecipesEventJS was not found mixins.hammerlib.json:bs.kubejs.RecipeEventJSMixin
[30Jul2025 23:53:25.778] [main/DEBUG] [mixin/]: Preparing mixins.improvableskills.json (9)
[30Jul2025 23:53:25.814] [main/DEBUG] [net.minecraftforge.coremod.transformer.CoreModBaseTransformer/COREMOD]: Transforming net/minecraft/world/entity/npc/Villager
[30Jul2025 23:53:26.155] [main/WARN] [mixin/]: Error loading class: jeresources/api/util/LootConditionHelper (java.lang.ClassNotFoundException: jeresources.api.util.LootConditionHelper)
[30Jul2025 23:53:26.156] [main/WARN] [mixin/]: @Mixin target jeresources.api.util.LootConditionHelper was not found mixins.improvableskills.json:jer.LootConditionHelperMixin
[30Jul2025 23:53:26.156] [main/DEBUG] [mixin/]: Preparing cataclysm.mixins.json (21)
[30Jul2025 23:53:26.177] [main/DEBUG] [net.minecraftforge.coremod.transformer.CoreModBaseTransformer/COREMOD]: Transforming net/minecraft/world/level/levelgen/structure/templatesystem/StructureTemplate
[30Jul2025 23:53:26.351] [main/DEBUG] [mixin/]: Preparing curios.mixins.json (13)
[30Jul2025 23:53:26.367] [main/DEBUG] [mixin/]: Preparing waystones.mixins.json (3)
[30Jul2025 23:53:26.370] [main/DEBUG] [mixin/]: Preparing reskillable.mixins.json (1)
[30Jul2025 23:53:26.372] [main/DEBUG] [mixin/]: Preparing citadel.mixins.json (16)
[30Jul2025 23:53:26.384] [main/DEBUG] [net.minecraftforge.coremod.transformer.CoreModBaseTransformer/COREMOD]: Transforming net/minecraft/server/MinecraftServer
[30Jul2025 23:53:26.418] [main/DEBUG] [mixin/]: Preparing alexscaves.mixins.json (52)
[30Jul2025 23:53:26.468] [main/DEBUG] [net.minecraftforge.coremod.transformer.CoreModBaseTransformer/COREMOD]: Transforming net/minecraft/world/level/NaturalSpawner
[30Jul2025 23:53:26.608] [main/DEBUG] [net.minecraftforge.coremod.transformer.CoreModBaseTransformer/COREMOD]: Transforming m_36170_ with desc (Lnet/minecraft/world/entity/player/PlayerModelPart;)Z
[30Jul2025 23:53:26.625] [main/DEBUG] [net.minecraftforge.coremod.transformer.CoreModBaseTransformer/COREMOD]: Transforming net/minecraft/world/level/levelgen/structure/structures/SwampHutPiece
[30Jul2025 23:53:26.658] [main/DEBUG] [mixin/]: Preparing aaa_particles-common.mixins.json (6)
[30Jul2025 23:53:26.661] [main/DEBUG] [mixin/]: Preparing aaa_particles.mixins.json (0)
[30Jul2025 23:53:26.661] [main/DEBUG] [mixin/]: Preparing mixinextras.init.mixins.json (0)
[30Jul2025 23:53:26.662] [main/DEBUG] [mixin/]: Preparing tombstone.mixins.json (27)
[30Jul2025 23:53:26.674] [main/DEBUG] [net.minecraftforge.coremod.transformer.CoreModBaseTransformer/COREMOD]: Transforming m_41435_ with desc (Lnet/minecraft/world/level/Level;Lnet/minecraft/world/entity/player/Player;Lnet/minecraft/world/level/ClipContext$Fluid;)Lnet/minecraft/world/phys/BlockHitResult;
[30Jul2025 23:53:26.692] [main/DEBUG] [net.minecraftforge.coremod.transformer.CoreModBaseTransformer/COREMOD]: Transforming net/minecraft/server/level/ServerPlayer
[30Jul2025 23:53:26.710] [main/DEBUG] [net.minecraftforge.coremod.transformer.CoreModBaseTransformer/COREMOD]: Transforming m_36170_ with desc (Lnet/minecraft/world/entity/player/PlayerModelPart;)Z
[30Jul2025 23:53:26.739] [main/DEBUG] [mixin/]: Preparing relics.mixins.json (15)
[30Jul2025 23:53:26.754] [main/ERROR] [net.minecraftforge.fml.loading.RuntimeDistCleaner/DISTXFORM]: Attempted to load class net/minecraft/client/gui/screens/Screen for invalid dist DEDICATED_SERVER
[30Jul2025 23:53:26.755] [main/WARN] [mixin/]: Error loading class: net/minecraft/client/gui/screens/Screen (java.lang.RuntimeException: Attempted to load class net/minecraft/client/gui/screens/Screen for invalid dist DEDICATED_SERVER)
[30Jul2025 23:53:26.755] [main/WARN] [mixin/]: @Mixin target net.minecraft.client.gui.screens.Screen was not found relics.mixins.json:ScreenMixin
[30Jul2025 23:53:26.755] [main/DEBUG] [mixin/]: Preparing architectury.mixins.json (9)
[30Jul2025 23:53:26.764] [main/DEBUG] [mixin/]: Preparing architectury-common.mixins.json (10)
[30Jul2025 23:53:26.773] [main/DEBUG] [net.minecraftforge.coremod.transformer.CoreModBaseTransformer/COREMOD]: Transforming net/minecraft/world/item/BucketItem
[30Jul2025 23:53:26.786] [main/DEBUG] [net.minecraftforge.coremod.transformer.CoreModBaseTransformer/COREMOD]: Transforming net/minecraft/world/entity/EntityType
[30Jul2025 23:53:26.905] [main/DEBUG] [net.minecraftforge.coremod.transformer.CoreModBaseTransformer/COREMOD]: Transforming net/minecraft/world/level/block/LiquidBlock
[30Jul2025 23:53:26.911] [main/DEBUG] [mixin/]: Preparing iceandfire.mixins.json (2)
[30Jul2025 23:53:26.913] [main/DEBUG] [mixin/]: Preparing balm.mixins.json (16)
[30Jul2025 23:53:26.934] [main/DEBUG] [net.minecraftforge.coremod.transformer.CoreModBaseTransformer/COREMOD]: Transforming m_11229_ with desc (Lnet/minecraft/server/level/ServerPlayer;Lnet/minecraft/server/level/ServerLevel;)V
[30Jul2025 23:53:26.952] [main/DEBUG] [mixin/]: Preparing carryon.mixins.json (5)
[30Jul2025 23:53:26.955] [main/DEBUG] [mixin/]: Preparing carryon.forge.mixins.json (0)
[30Jul2025 23:53:26.956] [main/DEBUG] [mixin/]: Preparing lodestone.mixins.json (16)
[30Jul2025 23:53:26.970] [main/WARN] [mixin/]: Error loading class: dev/shadowsoffire/attributeslib/client/AttributesLibClient (java.lang.ClassNotFoundException: dev.shadowsoffire.attributeslib.client.AttributesLibClient)
[30Jul2025 23:53:26.971] [main/DEBUG] [mixin/]: Skipping virtual target dev.shadowsoffire.attributeslib.client.AttributesLibClient for lodestone.mixins.json:common.attributeslib.AttributeLibClientMixin
[30Jul2025 23:53:26.971] [main/DEBUG] [mixin/]: Preparing sound_physics_remastered.mixins.json (11)
[30Jul2025 23:53:27.057] [main/DEBUG] [net.minecraftforge.coremod.transformer.CoreModBaseTransformer/COREMOD]: Transforming m_78311_ with desc ()V
[30Jul2025 23:53:27.132] [main/DEBUG] [mixin/]: Prepared 175 mixins in 2.092 sec (12.0ms avg) (0ms load, 0ms transform, 0ms plugin)
[30Jul2025 23:53:27.141] [main/DEBUG] [net.minecraftforge.coremod.transformer.CoreModBaseTransformer/COREMOD]: Transforming net/minecraft/server/MinecraftServer
[30Jul2025 23:53:27.145] [main/INFO] [MixinExtras|Service/]: Initializing MixinExtras via com.llamalad7.mixinextras.service.MixinExtrasServiceImpl(version=0.4.1).
[30Jul2025 23:53:27.148] [main/DEBUG] [mixin/]: Registering new injector for @SugarWrapper with com.llamalad7.mixinextras.sugar.impl.SugarWrapperInjectionInfo
[30Jul2025 23:53:27.148] [main/DEBUG] [mixin/]: Registering new injector for @FactoryRedirectWrapper with com.llamalad7.mixinextras.wrapper.factory.FactoryRedirectWrapperInjectionInfo
[30Jul2025 23:53:27.153] [main/DEBUG] [mixin/]: Mixing MinecraftServerMixin from citadel.mixins.json into net.minecraft.server.MinecraftServer
[30Jul2025 23:53:27.184] [main/DEBUG] [mixin/]: Mixing MinecraftServerMixin from balm.mixins.json into net.minecraft.server.MinecraftServer
[30Jul2025 23:53:27.184] [main/DEBUG] [mixin/]: Renaming synthetic method lambda$reloadResources$0(Ljava/lang/Void;)V to md736100$lambda$reloadResources$0$0 in balm.mixins.json:MinecraftServerMixin
[30Jul2025 23:53:27.272] [main/DEBUG] [mixin/]: Mixing DedicatedServerMixin from tombstone.mixins.json into net.minecraft.server.dedicated.DedicatedServer
[30Jul2025 23:53:27.297] [main/DEBUG] [io.netty.util.internal.logging.InternalLoggerFactory/]: Using SLF4J as the default logging framework
[30Jul2025 23:53:27.300] [main/DEBUG] [io.netty.util.ResourceLeakDetector/]: -Dio.netty.leakDetection.level: simple
[30Jul2025 23:53:27.300] [main/DEBUG] [io.netty.util.ResourceLeakDetector/]: -Dio.netty.leakDetection.targetRecords: 4
[30Jul2025 23:53:27.415] [main/DEBUG] [mixin/]: Mixing MixinResourceLocation from aaa_particles-common.mixins.json into net.minecraft.resources.ResourceLocation
[30Jul2025 23:53:27.503] [main/DEBUG] [oshi.util.FileUtil/]: No oshi.properties file found from ClassLoader cpw.mods.modlauncher.TransformingClassLoader@4a6c0f38
[30Jul2025 23:53:27.504] [main/DEBUG] [oshi.util.FileUtil/]: No oshi.properties file found from ClassLoader jdk.internal.loader.ClassLoaders$AppClassLoader@76ed5528
[30Jul2025 23:53:27.555] [main/DEBUG] [oshi.util.FileUtil/]: Reading file /proc/self/auxv
[30Jul2025 23:53:27.555] [main/DEBUG] [oshi.util.FileUtil/]: Reading file /proc/self/auxv
[30Jul2025 23:53:27.581] [main/DEBUG] [oshi.util.FileUtil/]: Reading file /proc/stat
[30Jul2025 23:53:27.592] [main/DEBUG] [oshi.util.FileUtil/]: Reading file /sys/devices/system/cpu/cpu0/topology/core_id
[30Jul2025 23:53:27.592] [main/DEBUG] [oshi.util.FileUtil/]: Reading file /sys/devices/system/cpu/cpu0/topology/core_id
[30Jul2025 23:53:27.593] [main/DEBUG] [oshi.util.FileUtil/]: Reading file /sys/devices/system/cpu/cpu0/topology/physical_package_id
[30Jul2025 23:53:27.593] [main/DEBUG] [oshi.util.FileUtil/]: Reading file /sys/devices/system/cpu/cpu0/topology/physical_package_id
[30Jul2025 23:53:27.593] [main/DEBUG] [oshi.util.FileUtil/]: Reading file /sys/devices/system/cpu/cpu0/cpu_capacity
[30Jul2025 23:53:27.595] [main/DEBUG] [oshi.util.FileUtil/]: Reading file /sys/devices/system/cpu/cpu1/topology/core_id
[30Jul2025 23:53:27.595] [main/DEBUG] [oshi.util.FileUtil/]: Reading file /sys/devices/system/cpu/cpu1/topology/core_id
[30Jul2025 23:53:27.595] [main/DEBUG] [oshi.util.FileUtil/]: Reading file /sys/devices/system/cpu/cpu1/topology/physical_package_id
[30Jul2025 23:53:27.595] [main/DEBUG] [oshi.util.FileUtil/]: Reading file /sys/devices/system/cpu/cpu1/topology/physical_package_id
[30Jul2025 23:53:27.595] [main/DEBUG] [oshi.util.FileUtil/]: Reading file /sys/devices/system/cpu/cpu1/cpu_capacity
[30Jul2025 23:53:27.596] [main/DEBUG] [oshi.util.FileUtil/]: Reading file /sys/devices/system/cpu/cpu2/topology/core_id
[30Jul2025 23:53:27.596] [main/DEBUG] [oshi.util.FileUtil/]: Reading file /sys/devices/system/cpu/cpu2/topology/core_id
[30Jul2025 23:53:27.596] [main/DEBUG] [oshi.util.FileUtil/]: Reading file /sys/devices/system/cpu/cpu2/topology/physical_package_id
[30Jul2025 23:53:27.596] [main/DEBUG] [oshi.util.FileUtil/]: Reading file /sys/devices/system/cpu/cpu2/topology/physical_package_id
[30Jul2025 23:53:27.596] [main/DEBUG] [oshi.util.FileUtil/]: Reading file /sys/devices/system/cpu/cpu2/cpu_capacity
[30Jul2025 23:53:27.597] [main/DEBUG] [oshi.util.FileUtil/]: Reading file /sys/devices/system/cpu/cpu3/topology/core_id
[30Jul2025 23:53:27.597] [main/DEBUG] [oshi.util.FileUtil/]: Reading file /sys/devices/system/cpu/cpu3/topology/core_id
[30Jul2025 23:53:27.597] [main/DEBUG] [oshi.util.FileUtil/]: Reading file /sys/devices/system/cpu/cpu3/topology/physical_package_id
[30Jul2025 23:53:27.597] [main/DEBUG] [oshi.util.FileUtil/]: Reading file /sys/devices/system/cpu/cpu3/topology/physical_package_id
[30Jul2025 23:53:27.597] [main/DEBUG] [oshi.util.FileUtil/]: Reading file /sys/devices/system/cpu/cpu3/cpu_capacity
[30Jul2025 23:53:27.599] [main/DEBUG] [oshi.util.FileUtil/]: Reading file /proc/cpuinfo
[30Jul2025 23:53:27.610] [main/DEBUG] [oshi.util.FileUtil/]: Reading file /proc/self/auxv
[30Jul2025 23:53:27.612] [main/DEBUG] [oshi.util.FileUtil/]: No oshi.architecture.properties file found from ClassLoader cpw.mods.modlauncher.TransformingClassLoader@4a6c0f38
[30Jul2025 23:53:27.613] [main/DEBUG] [oshi.util.FileUtil/]: No oshi.architecture.properties file found from ClassLoader jdk.internal.loader.ClassLoaders$AppClassLoader@76ed5528
[30Jul2025 23:53:27.641] [main/DEBUG] [oshi.util.FileUtil/]: Reading file /proc/meminfo
[30Jul2025 23:53:27.642] [main/DEBUG] [oshi.util.FileUtil/]: Reading file /proc/meminfo
[30Jul2025 23:53:27.753] [main/DEBUG] [mixin/]: Mixing inject.MixinGameEvent from architectury-common.mixins.json into net.minecraft.world.level.gameevent.GameEvent
[30Jul2025 23:53:27.762] [main/DEBUG] [mixin/]: Mixing SoundEventMixin from sound_physics_remastered.mixins.json into net.minecraft.sounds.SoundEvent
[30Jul2025 23:53:27.794] [main/DEBUG] [mixin/]: Mixing inject.MixinBlock from architectury-common.mixins.json into net.minecraft.world.level.block.Block
[30Jul2025 23:53:27.822] [main/DEBUG] [mixin/]: Mixing EntityMixin from lionfishapi.mixins.json into net.minecraft.world.entity.Entity
[30Jul2025 23:53:27.844] [main/DEBUG] [mixin/]: Mixing EntityMixin from mixins.hammerlib.json into net.minecraft.world.entity.Entity
[30Jul2025 23:53:27.845] [main/DEBUG] [mixin/]: Mixing AccessorEntity from curios.mixins.json into net.minecraft.world.entity.Entity
[30Jul2025 23:53:27.849] [main/DEBUG] [mixin/]: Mixing EntityMixin from alexscaves.mixins.json into net.minecraft.world.entity.Entity
[30Jul2025 23:53:27.923] [main/DEBUG] [mixin/]: Mixing EntityMixin from tombstone.mixins.json into net.minecraft.world.entity.Entity
[30Jul2025 23:53:27.930] [main/DEBUG] [mixin/]: Mixing EntityMixin from relics.mixins.json into net.minecraft.world.entity.Entity
[30Jul2025 23:53:27.931] [main/DEBUG] [mixin/]: relics.mixins.json:EntityMixin: Class version 61 required is higher than the class version supported by the current version of Mixin (JAVA_8 supports class version 52)
[30Jul2025 23:53:27.952] [main/DEBUG] [mixin/]: Mixing EntityMixin from balm.mixins.json into net.minecraft.world.entity.Entity
[30Jul2025 23:53:27.957] [main/DEBUG] [mixin/]: Mixing EntityMixin from carryon.mixins.json into net.minecraft.world.entity.Entity
[30Jul2025 23:53:27.973] [main/DEBUG] [mixin/]: Mixing common.EntityMixin from lodestone.mixins.json into net.minecraft.world.entity.Entity
[30Jul2025 23:53:27.980] [main/DEBUG] [mixin/]: Mixing EntityMixin from sound_physics_remastered.mixins.json into net.minecraft.world.entity.Entity
[30Jul2025 23:53:28.143] [main/DEBUG] [mixin/]: Mixing common.LivingEntityMixin from cgm.mixins.json into net.minecraft.world.entity.LivingEntity
[30Jul2025 23:53:28.143] [main/DEBUG] [mixin/]: cgm.mixins.json:common.LivingEntityMixin: Class version 61 required is higher than the class version supported by the current version of Mixin (JAVA_8 supports class version 52)
[30Jul2025 23:53:28.148] [main/DEBUG] [mixin/]: Mixing LivingEntityMixin from cataclysm.mixins.json into net.minecraft.world.entity.LivingEntity
[30Jul2025 23:53:28.150] [main/DEBUG] [mixin/]: Mixing MixinLivingEntity from curios.mixins.json into net.minecraft.world.entity.LivingEntity
[30Jul2025 23:53:28.152] [main/DEBUG] [mixin/]: Mixing LivingEntityMixin from citadel.mixins.json into net.minecraft.world.entity.LivingEntity
[30Jul2025 23:53:28.156] [main/DEBUG] [mixin/]: Mixing LivingEntityMixin from alexscaves.mixins.json into net.minecraft.world.entity.LivingEntity
[30Jul2025 23:53:28.166] [main/DEBUG] [net.minecraftforge.coremod.transformer.CoreModBaseTransformer/COREMOD]: Transforming net/minecraft/world/effect/MobEffectInstance
[30Jul2025 23:53:28.181] [main/DEBUG] [mixin/]: Mixing LivingEntityMixin from tombstone.mixins.json into net.minecraft.world.entity.LivingEntity
[30Jul2025 23:53:28.187] [main/DEBUG] [mixin/]: Mixing LivingEntityMixin from relics.mixins.json into net.minecraft.world.entity.LivingEntity
[30Jul2025 23:53:28.187] [main/DEBUG] [mixin/]: relics.mixins.json:LivingEntityMixin: Class version 61 required is higher than the class version supported by the current version of Mixin (JAVA_8 supports class version 52)
[30Jul2025 23:53:28.190] [main/DEBUG] [mixin/]: Mixing common.LivingEntityMixin from lodestone.mixins.json into net.minecraft.world.entity.LivingEntity
[30Jul2025 23:53:28.290] [main/DEBUG] [net.minecraftforge.coremod.transformer.CoreModBaseTransformer/COREMOD]: Transforming m_46758_ with desc (Lnet/minecraft/core/BlockPos;)Z
[30Jul2025 23:53:28.292] [main/DEBUG] [mixin/]: Mixing LevelMixin from mixins.hammerlib.json into net.minecraft.world.level.Level
[30Jul2025 23:53:28.297] [main/DEBUG] [mixin/]: Mixing LevelMixin from citadel.mixins.json into net.minecraft.world.level.Level
[30Jul2025 23:53:28.320] [main/DEBUG] [net.minecraftforge.coremod.transformer.CoreModBaseTransformer/COREMOD]: Transforming net/minecraft/server/level/ServerLevel
[30Jul2025 23:53:28.321] [main/DEBUG] [mixin/]: Mixing ServerLevelMixin from mixins.hammerlib.json into net.minecraft.server.level.ServerLevel
[30Jul2025 23:53:28.324] [main/DEBUG] [mixin/]: Mixing ServerLevelMixin from citadel.mixins.json into net.minecraft.server.level.ServerLevel
[30Jul2025 23:53:28.338] [main/DEBUG] [mixin/]: Mixing ItemMixin from cataclysm.mixins.json into net.minecraft.world.entity.item.ItemEntity
[30Jul2025 23:53:28.346] [main/DEBUG] [net.minecraftforge.coremod.transformer.CoreModBaseTransformer/COREMOD]: Transforming m_36170_ with desc (Lnet/minecraft/world/entity/player/PlayerModelPart;)Z
[30Jul2025 23:53:28.347] [main/DEBUG] [mixin/]: Mixing PlayerMixin from alexscaves.mixins.json into net.minecraft.world.entity.player.Player
[30Jul2025 23:53:28.352] [main/DEBUG] [mixin/]: Mixing PlayerMixin from carryon.mixins.json into net.minecraft.world.entity.player.Player
[30Jul2025 23:53:28.374] [main/DEBUG] [mixin/]: Mixing RegistryManagerAccessor from mixins.hammerlib.json into net.minecraftforge.registries.RegistryManager
[30Jul2025 23:53:28.388] [main/DEBUG] [mixin/]: Mixing inject.MixinFluid from architectury-common.mixins.json into net.minecraft.world.level.material.Fluid
[30Jul2025 23:53:28.392] [main/DEBUG] [net.minecraftforge.coremod.transformer.CoreModBaseTransformer/COREMOD]: Transforming m_41435_ with desc (Lnet/minecraft/world/level/Level;Lnet/minecraft/world/entity/player/Player;Lnet/minecraft/world/level/ClipContext$Fluid;)Lnet/minecraft/world/phys/BlockHitResult;
[30Jul2025 23:53:28.392] [main/DEBUG] [mixin/]: Mixing ItemMixin from tombstone.mixins.json into net.minecraft.world.item.Item
[30Jul2025 23:53:28.393] [main/DEBUG] [mixin/]: Renaming synthetic method lambda$methodIsFoil$1(Lnet/minecraft/world/item/ItemStack;Lovh/corail/tombstone/api/capability/ISoulConsumer;)Ljava/lang/Boolean; to md736100$lambda$methodIsFoil$1$0 in tombstone.mixins.json:ItemMixin
[30Jul2025 23:53:28.393] [main/DEBUG] [mixin/]: Renaming synthetic method lambda$methodGetName$0(Lnet/minecraft/world/item/ItemStack;Lovh/corail/tombstone/api/capability/ISoulConsumer;)Ljava/lang/Boolean; to md736100$lambda$methodGetName$0$1 in tombstone.mixins.json:ItemMixin
[30Jul2025 23:53:28.406] [main/DEBUG] [mixin/]: Mixing ItemMixin from relics.mixins.json into net.minecraft.world.item.Item
[30Jul2025 23:53:28.406] [main/DEBUG] [mixin/]: relics.mixins.json:ItemMixin: Class version 61 required is higher than the class version supported by the current version of Mixin (JAVA_8 supports class version 52)
[30Jul2025 23:53:28.412] [main/DEBUG] [mixin/]: Mixing inject.MixinItem from architectury-common.mixins.json into net.minecraft.world.item.Item
[30Jul2025 23:53:28.430] [main/DEBUG] [net.minecraftforge.coremod.transformer.CoreModBaseTransformer/COREMOD]: Transforming net/minecraft/world/entity/EntityType
[30Jul2025 23:53:28.476] [main/DEBUG] [mixin/]: Mixing inject.MixinEntityType from architectury-common.mixins.json into net.minecraft.world.entity.EntityType
[30Jul2025 23:53:28.490] [main/DEBUG] [mixin/]: Mixing BlockEntityTypeAccessor from mixins.hammerlib.json into net.minecraft.world.level.block.entity.BlockEntityType
[30Jul2025 23:53:28.494] [main/DEBUG] [mixin/]: Mixing ChunkStatusMixin from alexscaves.mixins.json into net.minecraft.world.level.chunk.ChunkStatus
[30Jul2025 23:53:28.560] [main/DEBUG] [mixin/]: Mixing ShapesMixin from creativecore.mixins.json into net.minecraft.world.phys.shapes.Shapes
[30Jul2025 23:53:28.604] [main/DEBUG] [mixin/]: Mixing VoxelShapeAccessor from creativecore.mixins.json into net.minecraft.world.phys.shapes.VoxelShape
[30Jul2025 23:53:28.805] [main/DEBUG] [net.minecraftforge.coremod.transformer.CoreModBaseTransformer/COREMOD]: Transforming net/minecraft/world/level/block/LiquidBlock
[30Jul2025 23:53:28.806] [main/DEBUG] [mixin/]: Mixing inject.MixinLiquidBlock from architectury-common.mixins.json into net.minecraft.world.level.block.LiquidBlock
[30Jul2025 23:53:28.835] [main/DEBUG] [net.minecraftforge.coremod.transformer.CoreModBaseTransformer/COREMOD]: Transforming m_7898_ with desc (Lnet/minecraft/world/level/block/state/BlockState;Lnet/minecraft/world/level/LevelReader;Lnet/minecraft/core/BlockPos;)Z
[30Jul2025 23:53:28.850] [main/DEBUG] [net.minecraftforge.coremod.transformer.CoreModBaseTransformer/COREMOD]: Transforming net/minecraft/world/level/block/StairBlock
[30Jul2025 23:53:28.856] [main/DEBUG] [mixin/]: Mixing ChestBlockMixin from tombstone.mixins.json into net.minecraft.world.level.block.ChestBlock
[30Jul2025 23:53:28.866] [main/DEBUG] [mixin/]: Mixing CropBlockMixin from balm.mixins.json into net.minecraft.world.level.block.CropBlock
[30Jul2025 23:53:28.907] [main/DEBUG] [mixin/]: Mixing StemBlockMixin from balm.mixins.json into net.minecraft.world.level.block.StemBlock
[30Jul2025 23:53:28.919] [main/DEBUG] [mixin/]: Mixing common.LayeredCauldronBlockMixin from cgm.mixins.json into net.minecraft.world.level.block.LayeredCauldronBlock
[30Jul2025 23:53:28.920] [main/DEBUG] [mixin/]: cgm.mixins.json:common.LayeredCauldronBlockMixin: Class version 61 required is higher than the class version supported by the current version of Mixin (JAVA_8 supports class version 52)
[30Jul2025 23:53:28.925] [main/DEBUG] [mixin/]: Mixing common.EndPortalBlockMixin from cgm.mixins.json into net.minecraft.world.level.block.EndPortalBlock
[30Jul2025 23:53:28.926] [main/DEBUG] [mixin/]: cgm.mixins.json:common.EndPortalBlockMixin: Class version 61 required is higher than the class version supported by the current version of Mixin (JAVA_8 supports class version 52)
[30Jul2025 23:53:28.938] [main/DEBUG] [net.minecraftforge.coremod.transformer.CoreModBaseTransformer/COREMOD]: Transforming net/minecraft/world/level/block/FlowerPotBlock
[30Jul2025 23:53:29.021] [main/DEBUG] [mixin/]: Mixing MixinPowderSnowBlock from curios.mixins.json into net.minecraft.world.level.block.PowderSnowBlock
[30Jul2025 23:53:29.022] [main/DEBUG] [mixin/]: Mixing PowderSnowBlockMixin from relics.mixins.json into net.minecraft.world.level.block.PowderSnowBlock
[30Jul2025 23:53:29.022] [main/DEBUG] [mixin/]: relics.mixins.json:PowderSnowBlockMixin: Class version 61 required is higher than the class version supported by the current version of Mixin (JAVA_8 supports class version 52)
[30Jul2025 23:53:29.081] [main/DEBUG] [mixin/]: Mixing FlowingFluidMixin from alexscaves.mixins.json into net.minecraft.world.level.material.FlowingFluid
[30Jul2025 23:53:29.120] [main/DEBUG] [mixin/]: Mixing Vec3Accessor from mixins.improvableskills.json into net.minecraft.world.phys.Vec3
[30Jul2025 23:53:29.166] [main/DEBUG] [mixin/]: Mixing BlockEntityAccessor from mixins.hammerlib.json into net.minecraft.world.level.block.entity.BlockEntity
[30Jul2025 23:53:29.169] [main/DEBUG] [mixin/]: Mixing BrushableBlockEntityMixin from tombstone.mixins.json into net.minecraft.world.level.block.entity.BrushableBlockEntity
[30Jul2025 23:53:29.182] [main/DEBUG] [mixin/]: Mixing FallingBlockEntityMixin from alexscaves.mixins.json into net.minecraft.world.entity.item.FallingBlockEntity
[30Jul2025 23:53:29.184] [main/DEBUG] [mixin/]: Mixing MixinFallingBlockEntity from architectury.mixins.json into net.minecraft.world.entity.item.FallingBlockEntity
[30Jul2025 23:53:29.641] [main/DEBUG] [mixin/]: Mixing AbstractContainerMenuAccessor from mixins.hammerlib.json into net.minecraft.world.inventory.AbstractContainerMenu
[30Jul2025 23:53:29.641] [main/DEBUG] [mixin/]: Mixing AbstractContainerMenuMixin from relics.mixins.json into net.minecraft.world.inventory.AbstractContainerMenu
[30Jul2025 23:53:29.642] [main/DEBUG] [mixin/]: relics.mixins.json:AbstractContainerMenuMixin: Class version 61 required is higher than the class version supported by the current version of Mixin (JAVA_8 supports class version 52)
[30Jul2025 23:53:29.650] [main/DEBUG] [mixin/]: Mixing CraftingContainerMixin from reskillable.mixins.json into net.minecraft.world.inventory.CraftingMenu
[30Jul2025 23:53:29.661] [main/DEBUG] [mixin/]: Mixing AbstractFurnaceBlockEntityAccessor from mixins.improvableskills.json into net.minecraft.world.level.block.entity.AbstractFurnaceBlockEntity
[30Jul2025 23:53:29.663] [main/DEBUG] [mixin/]: Mixing AbstractFurnaceBlockEntityMixin from mixins.improvableskills.json into net.minecraft.world.level.block.entity.AbstractFurnaceBlockEntity
[30Jul2025 23:53:29.663] [main/DEBUG] [mixin/]: Renaming synthetic method lambda$awardUsedRecipesAndPopExperience_IS3$0(Lnet/minecraft/server/level/ServerLevel;Lnet/minecraft/server/level/ServerPlayer;Lit/unimi/dsi/fastutil/objects/Object2IntMap$Entry;FLnet/minecraft/world/item/crafting/Recipe;)V to md736100$lambda$awardUsedRecipesAndPopExperience_IS3$0$0 in mixins.improvableskills.json:AbstractFurnaceBlockEntityMixin
[30Jul2025 23:53:29.733] [main/DEBUG] [mixin/]: Mixing AbstractArrowMixin from alexscaves.mixins.json into net.minecraft.world.entity.projectile.AbstractArrow
[30Jul2025 23:53:29.761] [main/DEBUG] [mixin/]: Mixing MobMixin from alexscaves.mixins.json into net.minecraft.world.entity.Mob
[30Jul2025 23:53:29.763] [main/DEBUG] [mixin/]: Mixing MobMixin from tombstone.mixins.json into net.minecraft.world.entity.Mob
[30Jul2025 23:53:29.764] [main/DEBUG] [mixin/]: Renaming synthetic method lambda$methodSetTarget$2(Lnet/minecraft/world/entity/LivingEntity;Ljava/util/UUID;)Ljava/lang/Boolean; to md736100$lambda$methodSetTarget$2$0 in tombstone.mixins.json:MobMixin
[30Jul2025 23:53:29.764] [main/DEBUG] [mixin/]: Renaming synthetic method lambda$methodCanBeLeashed$1(Lnet/minecraft/world/entity/player/Player;Ljava/util/UUID;)Ljava/lang/Boolean; to md736100$lambda$methodCanBeLeashed$1$1 in tombstone.mixins.json:MobMixin
[30Jul2025 23:53:29.764] [main/DEBUG] [mixin/]: Renaming synthetic method lambda$methodTick$0(Lnet/minecraft/world/entity/Mob;Lovh/corail/tombstone/api/capability/ISpellCaster;)V to md736100$lambda$methodTick$0$2 in tombstone.mixins.json:MobMixin
[30Jul2025 23:53:29.807] [main/DEBUG] [mixin/]: Mixing MonsterMixin from alexscaves.mixins.json into net.minecraft.world.entity.monster.Monster
[30Jul2025 23:53:29.810] [main/DEBUG] [mixin/]: Mixing MonsterMixin from tombstone.mixins.json into net.minecraft.world.entity.monster.Monster
[30Jul2025 23:53:29.873] [main/DEBUG] [mixin/]: Mixing BrewingStandBlockEntityAccessor from mixins.improvableskills.json into net.minecraft.world.level.block.entity.BrewingStandBlockEntity
[30Jul2025 23:53:29.884] [main/DEBUG] [net.minecraftforge.coremod.transformer.CoreModBaseTransformer/COREMOD]: Transforming m_41622_ with desc (ILnet/minecraft/world/entity/LivingEntity;Ljava/util/function/Consumer;)V
[30Jul2025 23:53:29.885] [main/DEBUG] [net.minecraftforge.coremod.transformer.CoreModBaseTransformer/COREMOD]: Transforming net/minecraft/world/item/ItemStack
[30Jul2025 23:53:29.890] [main/DEBUG] [mixin/]: Mixing ItemStackMixin from mixins.hammerlib.json into net.minecraft.world.item.ItemStack
[30Jul2025 23:53:29.891] [main/DEBUG] [mixin/]: Mixing ItemStackMixin from tombstone.mixins.json into net.minecraft.world.item.ItemStack
[30Jul2025 23:53:29.892] [main/DEBUG] [mixin/]: Mixing ItemStackMixin from relics.mixins.json into net.minecraft.world.item.ItemStack
[30Jul2025 23:53:29.892] [main/DEBUG] [mixin/]: relics.mixins.json:ItemStackMixin: Class version 61 required is higher than the class version supported by the current version of Mixin (JAVA_8 supports class version 52)
[30Jul2025 23:53:29.894] [main/DEBUG] [mixin/]: Mixing common.ItemStackMixin from lodestone.mixins.json into net.minecraft.world.item.ItemStack
[30Jul2025 23:53:30.461] [main/DEBUG] [mixin/]: Mixing SmithingMenuMixin from citadel.mixins.json into net.minecraft.world.inventory.SmithingMenu
[30Jul2025 23:53:30.601] [main/DEBUG] [mixin/]: Mixing MixinLightningBolt from architectury-common.mixins.json into net.minecraft.world.entity.LightningBolt
[30Jul2025 23:53:30.668] [main/DEBUG] [net.minecraftforge.coremod.transformer.CoreModBaseTransformer/COREMOD]: Transforming net/minecraft/world/entity/animal/frog/Tadpole
[30Jul2025 23:53:30.697] [main/DEBUG] [mixin/]: Mixing common.BlockItemMixin from lodestone.mixins.json into net.minecraft.world.item.BlockItem
[30Jul2025 23:53:30.719] [main/DEBUG] [net.minecraftforge.coremod.transformer.CoreModBaseTransformer/COREMOD]: Transforming net/minecraft/world/item/BucketItem
[30Jul2025 23:53:30.719] [main/DEBUG] [mixin/]: Mixing inject.MixinBucketItem from architectury-common.mixins.json into net.minecraft.world.item.BucketItem
[30Jul2025 23:53:30.727] [main/DEBUG] [mixin/]: Mixing BundleItemMixin from tombstone.mixins.json into net.minecraft.world.item.BundleItem
[30Jul2025 23:53:30.727] [main/DEBUG] [mixin/]: Renaming synthetic method lambda$getEnchantmentLevel$0(Lnet/minecraft/world/item/ItemStack;Lovh/corail/tombstone/api/capability/ISoulConsumer;)Ljava/lang/Boolean; to md736100$lambda$getEnchantmentLevel$0$0 in tombstone.mixins.json:BundleItemMixin
[30Jul2025 23:53:30.734] [main/DEBUG] [net.minecraftforge.coremod.transformer.CoreModBaseTransformer/COREMOD]: Transforming m_7373_ with desc (Lnet/minecraft/world/item/ItemStack;Lnet/minecraft/world/level/Level;Ljava/util/List;Lnet/minecraft/world/item/TooltipFlag;)V
[30Jul2025 23:53:30.744] [main/DEBUG] [mixin/]: Mixing MixinShearsItem from curios.mixins.json into net.minecraft.world.item.ShearsItem
[30Jul2025 23:53:30.748] [main/DEBUG] [mixin/]: Mixing PotionItemMixin from tombstone.mixins.json into net.minecraft.world.item.PotionItem
[30Jul2025 23:53:30.748] [main/DEBUG] [mixin/]: Renaming synthetic method lambda$methodFinishUsingItemReturn$1(Lnet/minecraft/world/entity/LivingEntity;Lovh/corail/tombstone/api/capability/ITBCapability;)V to md736100$lambda$methodFinishUsingItemReturn$1$0 in tombstone.mixins.json:PotionItemMixin
[30Jul2025 23:53:30.748] [main/DEBUG] [mixin/]: Renaming synthetic method lambda$effectList$0(Lnet/minecraft/world/effect/MobEffectInstance;)Ljava/lang/Integer; to md736100$lambda$effectList$0$1 in tombstone.mixins.json:PotionItemMixin
[30Jul2025 23:53:30.760] [main/DEBUG] [net.minecraftforge.coremod.transformer.CoreModBaseTransformer/COREMOD]: Transforming m_7626_ with desc (Lnet/minecraft/world/item/ItemStack;)Lnet/minecraft/network/chat/Component;
[30Jul2025 23:53:30.789] [main/DEBUG] [mixin/]: Mixing inject.MixinItemProperties from architectury-common.mixins.json into net.minecraft.world.item.Item$Properties
[30Jul2025 23:53:30.814] [main/DEBUG] [mixin/]: Mixing AbstractMinecartMixin from alexscaves.mixins.json into net.minecraft.world.entity.vehicle.AbstractMinecart
[30Jul2025 23:53:30.866] [main/DEBUG] [mixin/]: Mixing BlockHitResultAccessor from mixins.hammerlib.json into net.minecraft.world.phys.BlockHitResult
[30Jul2025 23:53:30.867] [main/DEBUG] [mixin/]: Renaming @Invoker method createBlockHitResult(ZLnet/minecraft/world/phys/Vec3;Lnet/minecraft/core/Direction;Lnet/minecraft/core/BlockPos;Z)Lnet/minecraft/world/phys/BlockHitResult; to createBlockHitResult_$md$736100$0 in mixins.hammerlib.json:BlockHitResultAccessor
[30Jul2025 23:53:30.880] [main/DEBUG] [net.minecraftforge.coremod.transformer.CoreModBaseTransformer/COREMOD]: Transforming m_7088_ with desc ()Z
[30Jul2025 23:53:31.656] [main/DEBUG] [mixin/]: Mixing HurtByTargetGoalMixin from tombstone.mixins.json into net.minecraft.world.entity.ai.goal.target.HurtByTargetGoal
[30Jul2025 23:53:31.659] [main/DEBUG] [mixin/]: Mixing accessor.TargetGoalAccessor from tombstone.mixins.json into net.minecraft.world.entity.ai.goal.target.TargetGoal
[30Jul2025 23:53:31.696] [main/DEBUG] [net.minecraftforge.coremod.transformer.CoreModBaseTransformer/COREMOD]: Transforming net/minecraft/world/entity/monster/Spider
[30Jul2025 23:53:31.741] [main/DEBUG] [mixin/]: Mixing AbstractChestedHorseMixin from relics.mixins.json into net.minecraft.world.entity.animal.horse.AbstractChestedHorse
[30Jul2025 23:53:31.745] [main/DEBUG] [mixin/]: relics.mixins.json:AbstractChestedHorseMixin: Class version 61 required is higher than the class version supported by the current version of Mixin (JAVA_8 supports class version 52)
[30Jul2025 23:53:31.753] [main/DEBUG] [net.minecraftforge.coremod.transformer.CoreModBaseTransformer/COREMOD]: Transforming net/minecraft/world/entity/monster/Zombie
[30Jul2025 23:53:31.797] [main/DEBUG] [net.minecraftforge.coremod.transformer.CoreModBaseTransformer/COREMOD]: Transforming net/minecraft/world/entity/monster/ZombieVillager
[30Jul2025 23:53:31.845] [main/DEBUG] [mixin/]: Mixing EnderManMixin from relics.mixins.json into net.minecraft.world.entity.monster.EnderMan
[30Jul2025 23:53:31.845] [main/DEBUG] [mixin/]: relics.mixins.json:EnderManMixin: Class version 61 required is higher than the class version supported by the current version of Mixin (JAVA_8 supports class version 52)
[30Jul2025 23:53:31.860] [main/DEBUG] [net.minecraftforge.coremod.transformer.CoreModBaseTransformer/COREMOD]: Transforming net/minecraft/world/entity/monster/Evoker$EvokerSummonSpellGoal
[30Jul2025 23:53:31.888] [main/DEBUG] [mixin/]: Mixing FrogMixin from alexscaves.mixins.json into net.minecraft.world.entity.animal.frog.Frog
[30Jul2025 23:53:31.902] [main/DEBUG] [net.minecraftforge.coremod.transformer.CoreModBaseTransformer/COREMOD]: Transforming m_218868_ with desc ()Ljava/util/OptionalInt;
[30Jul2025 23:53:32.013] [main/DEBUG] [net.minecraftforge.coremod.transformer.CoreModBaseTransformer/COREMOD]: Transforming net/minecraft/world/entity/animal/horse/SkeletonTrapGoal
[30Jul2025 23:53:32.036] [main/DEBUG] [net.minecraftforge.coremod.transformer.CoreModBaseTransformer/COREMOD]: Transforming net/minecraft/world/entity/monster/Strider
[30Jul2025 23:53:32.080] [main/DEBUG] [net.minecraftforge.coremod.transformer.CoreModBaseTransformer/COREMOD]: Transforming net/minecraft/server/level/ServerPlayer
[30Jul2025 23:53:32.081] [main/DEBUG] [mixin/]: Mixing ServerPlayerMixin from tombstone.mixins.json into net.minecraft.server.level.ServerPlayer
[30Jul2025 23:53:32.110] [main/DEBUG] [net.minecraftforge.coremod.transformer.CoreModBaseTransformer/COREMOD]: Transforming net/minecraft/world/level/chunk/LevelChunk
[30Jul2025 23:53:32.110] [main/DEBUG] [mixin/]: Mixing LevelChunkMixin from mixins.hammerlib.json into net.minecraft.world.level.chunk.LevelChunk
[30Jul2025 23:53:32.131] [main/DEBUG] [net.minecraftforge.coremod.transformer.CoreModBaseTransformer/COREMOD]: Transforming net/minecraft/world/entity/npc/Villager
[30Jul2025 23:53:32.165] [main/DEBUG] [mixin/]: Mixing VillagerMixin from mixins.improvableskills.json into net.minecraft.world.entity.npc.Villager
[30Jul2025 23:53:32.167] [main/DEBUG] [mixin/]: Mixing accessor.VillagerAccessor from tombstone.mixins.json into net.minecraft.world.entity.npc.Villager
[30Jul2025 23:53:32.181] [main/DEBUG] [mixin/]: Mixing WanderingTraderMixin from mixins.improvableskills.json into net.minecraft.world.entity.npc.WanderingTrader
[30Jul2025 23:53:32.209] [main/DEBUG] [mixin/]: Mixing inject.MixinFoodPropertiesBuilder from architectury-common.mixins.json into net.minecraft.world.food.FoodProperties$Builder
[30Jul2025 23:53:32.211] [main/DEBUG] [net.minecraftforge.coremod.transformer.CoreModBaseTransformer/COREMOD]: Transforming net/minecraft/world/effect/MobEffectInstance
[30Jul2025 23:53:32.247] [main/DEBUG] [mixin/]: Mixing PotionBrewingAccessor from mixins.hammerlib.json into net.minecraft.world.item.alchemy.PotionBrewing
[30Jul2025 23:53:32.247] [main/DEBUG] [mixin/]: Renaming @Accessor method getContainerMixes()Ljava/util/List; to getContainerMixes_$md$736100$0 in mixins.hammerlib.json:PotionBrewingAccessor
[30Jul2025 23:53:32.248] [main/DEBUG] [mixin/]: Renaming @Accessor method getAllowedContainers()Ljava/util/List; to getAllowedContainers_$md$736100$1 in mixins.hammerlib.json:PotionBrewingAccessor
[30Jul2025 23:53:32.306] [main/DEBUG] [mixin/]: Mixing StructureProcessorAccessor from cataclysm.mixins.json into net.minecraft.world.level.levelgen.structure.templatesystem.StructureProcessor
[30Jul2025 23:53:32.330] [main/DEBUG] [mixin/]: Mixing ChunkGeneratorMixin from citadel.mixins.json into net.minecraft.world.level.chunk.ChunkGenerator
[30Jul2025 23:53:32.331] [main/DEBUG] [net.minecraftforge.coremod.transformer.CoreModBaseTransformer/COREMOD]: Transforming net/minecraft/world/level/biome/Biome
[30Jul2025 23:53:32.360] [main/DEBUG] [mixin/]: Mixing MixinInventory from curios.mixins.json into net.minecraft.world.entity.player.Inventory
[30Jul2025 23:53:32.360] [main/DEBUG] [mixin/]: Mixing InventoryMixin from carryon.mixins.json into net.minecraft.world.entity.player.Inventory
[30Jul2025 23:53:32.387] [main/DEBUG] [mixin/]: Mixing SlotAccessor from balm.mixins.json into net.minecraft.world.inventory.Slot
[30Jul2025 23:53:32.412] [main/DEBUG] [mixin/]: Mixing accessor.ShapedRecipeAccessor from tombstone.mixins.json into net.minecraft.world.item.crafting.ShapedRecipe
[30Jul2025 23:53:32.503] [main/DEBUG] [mixin/]: Mixing EnchantRandomlyFunctionMixin from alexscaves.mixins.json into net.minecraft.world.level.storage.loot.functions.EnchantRandomlyFunction
[30Jul2025 23:53:32.504] [main/DEBUG] [mixin/]: Renaming synthetic method lambda$ac_enchantItem$0(ZLnet/minecraft/world/item/ItemStack;Lnet/minecraft/world/item/enchantment/Enchantment;)Z to md736100$lambda$ac_enchantItem$0$0 in alexscaves.mixins.json:EnchantRandomlyFunctionMixin
[30Jul2025 23:53:32.520] [main/DEBUG] [mixin/]: Mixing MixinApplyBonusCount from curios.mixins.json into net.minecraft.world.level.storage.loot.functions.ApplyBonusCount
[30Jul2025 23:53:32.614] [main/DEBUG] [mixin/]: Mixing NoMultifaceGrowthFeatureInStructuresMixin from cataclysm.mixins.json into net.minecraft.world.level.levelgen.feature.MultifaceGrowthFeature
[30Jul2025 23:53:32.617] [main/DEBUG] [net.minecraftforge.coremod.transformer.CoreModBaseTransformer/COREMOD]: Transforming m_226857_ with desc (Lnet/minecraft/world/level/levelgen/structure/pieces/StructurePieceSerializationContext;Lnet/minecraft/nbt/CompoundTag;J)Lnet/minecraft/world/level/levelgen/structure/StructureStart;
[30Jul2025 23:53:32.622] [main/DEBUG] [mixin/]: Mixing MultifaceGrowthFeatureMixin from alexscaves.mixins.json into net.minecraft.world.level.levelgen.feature.MultifaceGrowthFeature
[30Jul2025 23:53:32.625] [main/DEBUG] [mixin/]: Mixing NoMagmaBlockInStructuresMixin from cataclysm.mixins.json into net.minecraft.world.level.levelgen.feature.UnderwaterMagmaFeature
[30Jul2025 23:53:32.629] [main/DEBUG] [mixin/]: Mixing NoLakesInStructuresMixin from cataclysm.mixins.json into net.minecraft.world.level.levelgen.feature.LakeFeature
[30Jul2025 23:53:32.630] [main/DEBUG] [mixin/]: Mixing gen.NoLakesInStructuresMixin from iceandfire.mixins.json into net.minecraft.world.level.levelgen.feature.LakeFeature
[30Jul2025 23:53:32.633] [main/DEBUG] [mixin/]: Mixing NoOreInStructuresMixin from cataclysm.mixins.json into net.minecraft.world.level.levelgen.feature.OreFeature
[30Jul2025 23:53:32.637] [main/DEBUG] [mixin/]: Mixing SeagrassFeatureMixin from alexscaves.mixins.json into net.minecraft.world.level.levelgen.feature.SeagrassFeature
[30Jul2025 23:53:32.638] [main/DEBUG] [mixin/]: Mixing KelpFeatureMixin from alexscaves.mixins.json into net.minecraft.world.level.levelgen.feature.KelpFeature
[30Jul2025 23:53:32.639] [main/DEBUG] [mixin/]: Mixing CoralFeatureMixin from alexscaves.mixins.json into net.minecraft.world.level.levelgen.feature.CoralFeature
[30Jul2025 23:53:32.644] [main/DEBUG] [mixin/]: Mixing NoBasaltColumnsInStructuresMixin from cataclysm.mixins.json into net.minecraft.world.level.levelgen.feature.BasaltColumnsFeature
[30Jul2025 23:53:32.646] [main/DEBUG] [mixin/]: Mixing NoDeltasInStructuresMixin from cataclysm.mixins.json into net.minecraft.world.level.levelgen.feature.DeltaFeature
[30Jul2025 23:53:32.651] [main/DEBUG] [mixin/]: Mixing NoGeodeInStructuresMixin from cataclysm.mixins.json into net.minecraft.world.level.levelgen.feature.GeodeFeature
[30Jul2025 23:53:32.762] [main/DEBUG] [net.minecraftforge.coremod.transformer.CoreModBaseTransformer/COREMOD]: Transforming net/minecraft/world/level/levelgen/structure/Structure
[30Jul2025 23:53:32.801] [main/DEBUG] [net.minecraftforge.coremod.transformer.CoreModBaseTransformer/COREMOD]: Transforming net/minecraft/world/level/levelgen/structure/structures/OceanRuinPieces$OceanRuinPiece
[30Jul2025 23:53:32.811] [main/DEBUG] [net.minecraftforge.coremod.transformer.CoreModBaseTransformer/COREMOD]: Transforming net/minecraft/world/level/levelgen/structure/structures/SwampHutPiece
[30Jul2025 23:53:32.815] [main/DEBUG] [mixin/]: Mixing SwampHutPieceMixin from alexscaves.mixins.json into net.minecraft.world.level.levelgen.structure.structures.SwampHutPiece
[30Jul2025 23:53:32.819] [main/WARN] [mixin/]: Mixin alexscaves.mixins.json:SwampHutPieceMixin has multiple constructors, (Lnet/minecraft/world/level/levelgen/structure/pieces/StructurePieceType;IIIIIILnet/minecraft/core/Direction;)V was selected

[30Jul2025 23:53:32.823] [main/DEBUG] [net.minecraftforge.coremod.transformer.CoreModBaseTransformer/COREMOD]: Transforming net/minecraft/world/level/levelgen/structure/structures/OceanMonumentPieces$OceanMonumentPiece
[30Jul2025 23:53:32.838] [main/DEBUG] [net.minecraftforge.coremod.transformer.CoreModBaseTransformer/COREMOD]: Transforming net/minecraft/world/level/levelgen/structure/structures/WoodlandMansionPieces$WoodlandMansionPiece
[30Jul2025 23:53:32.859] [main/DEBUG] [mixin/]: Mixing JigsawStructureMixin from alexscaves.mixins.json into net.minecraft.world.level.levelgen.structure.structures.JigsawStructure
[30Jul2025 23:53:32.860] [main/DEBUG] [net.minecraftforge.coremod.transformer.CoreModBaseTransformer/COREMOD]: Transforming net/minecraft/world/level/levelgen/structure/Structure
[30Jul2025 23:53:32.867] [main/DEBUG] [mixin/]: Mixing accessor.StructureTemplatePoolAccessor from cataclysm.mixins.json into net.minecraft.world.level.levelgen.structure.pools.StructureTemplatePool
[30Jul2025 23:53:32.867] [main/DEBUG] [mixin/]: Mixing StructureTemplatePoolAccessor from waystones.mixins.json into net.minecraft.world.level.levelgen.structure.pools.StructureTemplatePool
[30Jul2025 23:53:32.867] [main/DEBUG] [mixin/]: Unexpected: Registered method getRawTemplates()Ljava/util/List; in net.minecraft.world.level.levelgen.structure.pools.StructureTemplatePool was not merged
[30Jul2025 23:53:32.884] [main/DEBUG] [mixin/]: Mixing OceanMonumentStructureMixin from alexscaves.mixins.json into net.minecraft.world.level.levelgen.structure.structures.OceanMonumentStructure
[30Jul2025 23:53:32.894] [main/DEBUG] [mixin/]: Mixing ShipwreckStructureMixin from alexscaves.mixins.json into net.minecraft.world.level.levelgen.structure.structures.ShipwreckStructure
[30Jul2025 23:53:32.972] [main/DEBUG] [mixin/]: Mixing BiomeSourceMixin from alexscaves.mixins.json into net.minecraft.world.level.biome.BiomeSource
[30Jul2025 23:53:32.978] [main/DEBUG] [net.minecraftforge.coremod.transformer.CoreModBaseTransformer/COREMOD]: Transforming net/minecraft/world/level/biome/Biome
[30Jul2025 23:53:33.016] [main/DEBUG] [mixin/]: Mixing MultiNoiseBiomeSourceMixin from alexscaves.mixins.json into net.minecraft.world.level.biome.MultiNoiseBiomeSource
[30Jul2025 23:53:33.045] [main/DEBUG] [mixin/]: Mixing NoiseGeneratorSettingsMixin from citadel.mixins.json into net.minecraft.world.level.levelgen.NoiseGeneratorSettings
[30Jul2025 23:53:33.130] [main/DEBUG] [mixin/]: Mixing accessor.SinglePoolElementAccessor from cataclysm.mixins.json into net.minecraft.world.level.levelgen.structure.pools.SinglePoolElement
[30Jul2025 23:53:33.131] [main/DEBUG] [mixin/]: Mixing SinglePoolElementMixin from waystones.mixins.json into net.minecraft.world.level.levelgen.structure.pools.SinglePoolElement
[30Jul2025 23:53:33.132] [main/DEBUG] [mixin/]: Renaming synthetic method lambda$waystones$isWaystone$1(Lnet/minecraft/world/level/levelgen/structure/templatesystem/StructureTemplate;)V to md736100$lambda$waystones$isWaystone$1$0 in waystones.mixins.json:SinglePoolElementMixin
[30Jul2025 23:53:33.132] [main/DEBUG] [mixin/]: Renaming synthetic method lambda$waystones$isWaystone$0(Lnet/minecraft/resources/ResourceLocation;)V to md736100$lambda$waystones$isWaystone$0$1 in waystones.mixins.json:SinglePoolElementMixin
[30Jul2025 23:53:33.142] [main/DEBUG] [mixin/]: Mixing accessor.ListPoolElementAccessor from cataclysm.mixins.json into net.minecraft.world.level.levelgen.structure.pools.ListPoolElement
[30Jul2025 23:53:33.144] [main/DEBUG] [mixin/]: Mixing accessor.FeaturePoolElementAccessor from cataclysm.mixins.json into net.minecraft.world.level.levelgen.structure.pools.FeaturePoolElement
[30Jul2025 23:53:33.273] [main/DEBUG] [net.minecraftforge.common.ForgeI18n/CORE]: Loading I18N data entries: 6430
[30Jul2025 23:53:33.291] [main/DEBUG] [net.minecraftforge.fml.ModWorkManager/LOADING]: Using 4 threads for parallel mod-loading
[30Jul2025 23:53:33.297] [main/DEBUG] [net.minecraftforge.fml.javafmlmod.FMLJavaModLanguageProvider/LOADING]: Loading FMLModContainer from classloader cpw.mods.modlauncher.TransformingClassLoader@4a6c0f38 - got cpw.mods.cl.ModuleClassLoader@6edc4161
[30Jul2025 23:53:33.297] [main/DEBUG] [net.minecraftforge.fml.javafmlmod.FMLModContainer/LOADING]: Creating FMLModContainer instance for de.maxhenkel.voicechat.ForgeVoicechatMod
[30Jul2025 23:53:33.301] [main/DEBUG] [net.minecraftforge.fml.javafmlmod.FMLJavaModLanguageProvider/LOADING]: Loading FMLModContainer from classloader cpw.mods.modlauncher.TransformingClassLoader@4a6c0f38 - got cpw.mods.cl.ModuleClassLoader@6edc4161
[30Jul2025 23:53:33.301] [main/DEBUG] [net.minecraftforge.fml.javafmlmod.FMLModContainer/LOADING]: Creating FMLModContainer instance for net.blay09.mods.kuma.forge.ForgeKumaAPI
[30Jul2025 23:53:33.302] [main/DEBUG] [net.minecraftforge.fml.javafmlmod.FMLJavaModLanguageProvider/LOADING]: Loading FMLModContainer from classloader cpw.mods.modlauncher.TransformingClassLoader@4a6c0f38 - got cpw.mods.cl.ModuleClassLoader@6edc4161
[30Jul2025 23:53:33.302] [main/DEBUG] [net.minecraftforge.fml.javafmlmod.FMLModContainer/LOADING]: Creating FMLModContainer instance for team.creative.ambientsounds.AmbientSounds
[30Jul2025 23:53:33.302] [main/DEBUG] [net.minecraftforge.fml.javafmlmod.FMLJavaModLanguageProvider/LOADING]: Loading FMLModContainer from classloader cpw.mods.modlauncher.TransformingClassLoader@4a6c0f38 - got cpw.mods.cl.ModuleClassLoader@6edc4161
[30Jul2025 23:53:33.303] [main/DEBUG] [net.minecraftforge.fml.javafmlmod.FMLModContainer/LOADING]: Creating FMLModContainer instance for snownee.jade.util.CommonProxy
[30Jul2025 23:53:33.304] [main/DEBUG] [net.minecraftforge.fml.javafmlmod.FMLJavaModLanguageProvider/LOADING]: Loading FMLModContainer from classloader cpw.mods.modlauncher.TransformingClassLoader@4a6c0f38 - got cpw.mods.cl.ModuleClassLoader@6edc4161
[30Jul2025 23:53:33.304] [main/DEBUG] [net.minecraftforge.fml.javafmlmod.FMLModContainer/LOADING]: Creating FMLModContainer instance for software.bernie.example.GeckoLibMod
[30Jul2025 23:53:33.304] [main/DEBUG] [net.minecraftforge.fml.javafmlmod.FMLJavaModLanguageProvider/LOADING]: Loading FMLModContainer from classloader cpw.mods.modlauncher.TransformingClassLoader@4a6c0f38 - got cpw.mods.cl.ModuleClassLoader@6edc4161
[30Jul2025 23:53:33.304] [main/DEBUG] [net.minecraftforge.fml.javafmlmod.FMLModContainer/LOADING]: Creating FMLModContainer instance for team.creative.creativecore.CreativeCore
[30Jul2025 23:53:33.305] [main/DEBUG] [net.minecraftforge.fml.javafmlmod.FMLJavaModLanguageProvider/LOADING]: Loading FMLModContainer from classloader cpw.mods.modlauncher.TransformingClassLoader@4a6c0f38 - got cpw.mods.cl.ModuleClassLoader@6edc4161
[30Jul2025 23:53:33.305] [main/DEBUG] [net.minecraftforge.fml.javafmlmod.FMLModContainer/LOADING]: Creating FMLModContainer instance for net.mcreator.thalassophobia.ThalassophobiaMod
[30Jul2025 23:53:33.305] [main/DEBUG] [net.minecraftforge.fml.javafmlmod.FMLJavaModLanguageProvider/LOADING]: Loading FMLModContainer from classloader cpw.mods.modlauncher.TransformingClassLoader@4a6c0f38 - got cpw.mods.cl.ModuleClassLoader@6edc4161
[30Jul2025 23:53:33.306] [main/DEBUG] [net.minecraftforge.fml.javafmlmod.FMLModContainer/LOADING]: Creating FMLModContainer instance for mezz.jei.forge.JustEnoughItems
[30Jul2025 23:53:33.306] [main/DEBUG] [net.minecraftforge.fml.javafmlmod.FMLJavaModLanguageProvider/LOADING]: Loading FMLModContainer from classloader cpw.mods.modlauncher.TransformingClassLoader@4a6c0f38 - got cpw.mods.cl.ModuleClassLoader@6edc4161
[30Jul2025 23:53:33.306] [main/DEBUG] [net.minecraftforge.fml.javafmlmod.FMLModContainer/LOADING]: Creating FMLModContainer instance for com.mrcrayfish.guns.GunMod
[30Jul2025 23:53:33.307] [main/DEBUG] [net.minecraftforge.fml.javafmlmod.FMLJavaModLanguageProvider/LOADING]: Loading FMLModContainer from classloader cpw.mods.modlauncher.TransformingClassLoader@4a6c0f38 - got cpw.mods.cl.ModuleClassLoader@6edc4161
[30Jul2025 23:53:33.307] [main/DEBUG] [net.minecraftforge.fml.javafmlmod.FMLModContainer/LOADING]: Creating FMLModContainer instance for com.github.L_Ender.lionfishapi.LionfishAPI
[30Jul2025 23:53:33.307] [main/DEBUG] [net.minecraftforge.fml.javafmlmod.FMLJavaModLanguageProvider/LOADING]: Loading FMLModContainer from classloader cpw.mods.modlauncher.TransformingClassLoader@4a6c0f38 - got cpw.mods.cl.ModuleClassLoader@6edc4161
[30Jul2025 23:53:33.307] [main/DEBUG] [net.minecraftforge.fml.javafmlmod.FMLModContainer/LOADING]: Creating FMLModContainer instance for org.zeith.hammerlib.HammerLib
[30Jul2025 23:53:33.308] [main/DEBUG] [net.minecraftforge.fml.javafmlmod.FMLJavaModLanguageProvider/LOADING]: Loading FMLModContainer from classloader cpw.mods.modlauncher.TransformingClassLoader@4a6c0f38 - got cpw.mods.cl.ModuleClassLoader@6edc4161
[30Jul2025 23:53:33.308] [main/DEBUG] [net.minecraftforge.fml.javafmlmod.FMLModContainer/LOADING]: Creating FMLModContainer instance for org.zeith.improvableskills.ImprovableSkills
[30Jul2025 23:53:33.309] [main/DEBUG] [net.minecraftforge.fml.javafmlmod.FMLJavaModLanguageProvider/LOADING]: Loading FMLModContainer from classloader cpw.mods.modlauncher.TransformingClassLoader@4a6c0f38 - got cpw.mods.cl.ModuleClassLoader@6edc4161
[30Jul2025 23:53:33.309] [main/DEBUG] [net.minecraftforge.fml.javafmlmod.FMLModContainer/LOADING]: Creating FMLModContainer instance for net.p3pp3rf1y.sophisticatedcore.SophisticatedCore
[30Jul2025 23:53:33.310] [main/DEBUG] [net.minecraftforge.fml.javafmlmod.FMLJavaModLanguageProvider/LOADING]: Loading FMLModContainer from classloader cpw.mods.modlauncher.TransformingClassLoader@4a6c0f38 - got cpw.mods.cl.ModuleClassLoader@6edc4161
[30Jul2025 23:53:33.310] [main/DEBUG] [net.minecraftforge.fml.javafmlmod.FMLModContainer/LOADING]: Creating FMLModContainer instance for com.github.L_Ender.cataclysm.Cataclysm
[30Jul2025 23:53:33.311] [main/DEBUG] [net.minecraftforge.fml.javafmlmod.FMLJavaModLanguageProvider/LOADING]: Loading FMLModContainer from classloader cpw.mods.modlauncher.TransformingClassLoader@4a6c0f38 - got cpw.mods.cl.ModuleClassLoader@6edc4161
[30Jul2025 23:53:33.311] [main/DEBUG] [net.minecraftforge.fml.javafmlmod.FMLModContainer/LOADING]: Creating FMLModContainer instance for top.theillusivec4.curios.Curios
[30Jul2025 23:53:33.311] [main/DEBUG] [net.minecraftforge.fml.javafmlmod.FMLJavaModLanguageProvider/LOADING]: Loading FMLModContainer from classloader cpw.mods.modlauncher.TransformingClassLoader@4a6c0f38 - got cpw.mods.cl.ModuleClassLoader@6edc4161
[30Jul2025 23:53:33.312] [main/DEBUG] [net.minecraftforge.fml.javafmlmod.FMLModContainer/LOADING]: Creating FMLModContainer instance for com.sonicether.soundphysics.ForgeSoundPhysicsMod
[30Jul2025 23:53:33.313] [main/DEBUG] [net.minecraftforge.fml.javafmlmod.FMLJavaModLanguageProvider/LOADING]: Loading FMLModContainer from classloader cpw.mods.modlauncher.TransformingClassLoader@4a6c0f38 - got cpw.mods.cl.ModuleClassLoader@6edc4161
[30Jul2025 23:53:33.313] [main/DEBUG] [net.minecraftforge.fml.javafmlmod.FMLModContainer/LOADING]: Creating FMLModContainer instance for net.blay09.mods.waystones.ForgeWaystones
[30Jul2025 23:53:33.313] [main/DEBUG] [net.minecraftforge.fml.javafmlmod.FMLJavaModLanguageProvider/LOADING]: Loading FMLModContainer from classloader cpw.mods.modlauncher.TransformingClassLoader@4a6c0f38 - got cpw.mods.cl.ModuleClassLoader@6edc4161
[30Jul2025 23:53:33.313] [main/DEBUG] [net.minecraftforge.fml.javafmlmod.FMLModContainer/LOADING]: Creating FMLModContainer instance for net.mcreator.sarosfirstaidmod.SarosFirstAidModMod
[30Jul2025 23:53:33.314] [main/DEBUG] [net.minecraftforge.fml.javafmlmod.FMLJavaModLanguageProvider/LOADING]: Loading FMLModContainer from classloader cpw.mods.modlauncher.TransformingClassLoader@4a6c0f38 - got cpw.mods.cl.ModuleClassLoader@6edc4161
[30Jul2025 23:53:33.314] [main/DEBUG] [net.minecraftforge.fml.javafmlmod.FMLModContainer/LOADING]: Creating FMLModContainer instance for xaero.map.WorldMapForge
[30Jul2025 23:53:33.315] [main/DEBUG] [net.minecraftforge.fml.javafmlmod.FMLJavaModLanguageProvider/LOADING]: Loading FMLModContainer from classloader cpw.mods.modlauncher.TransformingClassLoader@4a6c0f38 - got cpw.mods.cl.ModuleClassLoader@6edc4161
[30Jul2025 23:53:33.315] [main/DEBUG] [net.minecraftforge.fml.javafmlmod.FMLModContainer/LOADING]: Creating FMLModContainer instance for net.bandit.reskillable.Reskillable
[30Jul2025 23:53:33.315] [main/DEBUG] [net.minecraftforge.fml.javafmlmod.FMLJavaModLanguageProvider/LOADING]: Loading FMLModContainer from classloader cpw.mods.modlauncher.TransformingClassLoader@4a6c0f38 - got cpw.mods.cl.ModuleClassLoader@6edc4161
[30Jul2025 23:53:33.315] [main/DEBUG] [net.minecraftforge.fml.javafmlmod.FMLModContainer/LOADING]: Creating FMLModContainer instance for com.github.alexthe666.citadel.Citadel
[30Jul2025 23:53:33.316] [main/DEBUG] [net.minecraftforge.fml.javafmlmod.FMLJavaModLanguageProvider/LOADING]: Loading FMLModContainer from classloader cpw.mods.modlauncher.TransformingClassLoader@4a6c0f38 - got cpw.mods.cl.ModuleClassLoader@6edc4161
[30Jul2025 23:53:33.316] [main/DEBUG] [net.minecraftforge.fml.javafmlmod.FMLModContainer/LOADING]: Creating FMLModContainer instance for com.github.alexmodguy.alexscaves.AlexsCaves
[30Jul2025 23:53:33.317] [main/DEBUG] [net.minecraftforge.fml.javafmlmod.FMLJavaModLanguageProvider/LOADING]: Loading FMLModContainer from classloader cpw.mods.modlauncher.TransformingClassLoader@4a6c0f38 - got cpw.mods.cl.ModuleClassLoader@6edc4161
[30Jul2025 23:53:33.317] [main/DEBUG] [net.minecraftforge.fml.javafmlmod.FMLModContainer/LOADING]: Creating FMLModContainer instance for com.github.alexthe666.alexsmobs.AlexsMobs
[30Jul2025 23:53:33.319] [main/DEBUG] [net.minecraftforge.fml.javafmlmod.FMLJavaModLanguageProvider/LOADING]: Loading FMLModContainer from classloader cpw.mods.modlauncher.TransformingClassLoader@4a6c0f38 - got cpw.mods.cl.ModuleClassLoader@6edc4161
[30Jul2025 23:53:33.319] [main/DEBUG] [net.minecraftforge.fml.javafmlmod.FMLModContainer/LOADING]: Creating FMLModContainer instance for com.chaosthedude.naturescompass.NaturesCompass
[30Jul2025 23:53:33.320] [main/DEBUG] [net.minecraftforge.fml.javafmlmod.FMLJavaModLanguageProvider/LOADING]: Loading FMLModContainer from classloader cpw.mods.modlauncher.TransformingClassLoader@4a6c0f38 - got cpw.mods.cl.ModuleClassLoader@6edc4161
[30Jul2025 23:53:33.320] [main/DEBUG] [net.minecraftforge.fml.javafmlmod.FMLModContainer/LOADING]: Creating FMLModContainer instance for mod.chloeprime.aaaparticles.forge.AAAParticlesForge
[30Jul2025 23:53:33.321] [main/DEBUG] [net.minecraftforge.fml.javafmlmod.FMLJavaModLanguageProvider/LOADING]: Loading FMLModContainer from classloader cpw.mods.modlauncher.TransformingClassLoader@4a6c0f38 - got cpw.mods.cl.ModuleClassLoader@6edc4161
[30Jul2025 23:53:33.321] [main/DEBUG] [net.minecraftforge.fml.javafmlmod.FMLModContainer/LOADING]: Creating FMLModContainer instance for com.llamalad7.mixinextras.platform.forge.MixinExtrasMod
[30Jul2025 23:53:33.321] [main/DEBUG] [net.minecraftforge.fml.javafmlmod.FMLJavaModLanguageProvider/LOADING]: Loading FMLModContainer from classloader cpw.mods.modlauncher.TransformingClassLoader@4a6c0f38 - got cpw.mods.cl.ModuleClassLoader@6edc4161
[30Jul2025 23:53:33.321] [main/DEBUG] [net.minecraftforge.fml.javafmlmod.FMLModContainer/LOADING]: Creating FMLModContainer instance for ovh.corail.tombstone.ModTombstone
[30Jul2025 23:53:33.322] [main/DEBUG] [net.minecraftforge.fml.javafmlmod.FMLJavaModLanguageProvider/LOADING]: Loading FMLModContainer from classloader cpw.mods.modlauncher.TransformingClassLoader@4a6c0f38 - got cpw.mods.cl.ModuleClassLoader@6edc4161
[30Jul2025 23:53:33.322] [main/DEBUG] [net.minecraftforge.fml.javafmlmod.FMLModContainer/LOADING]: Creating FMLModContainer instance for net.p3pp3rf1y.sophisticatedbackpacks.SophisticatedBackpacks
[30Jul2025 23:53:33.322] [main/DEBUG] [net.minecraftforge.fml.javafmlmod.FMLJavaModLanguageProvider/LOADING]: Loading FMLModContainer from classloader cpw.mods.modlauncher.TransformingClassLoader@4a6c0f38 - got cpw.mods.cl.ModuleClassLoader@6edc4161
[30Jul2025 23:53:33.323] [main/DEBUG] [net.minecraftforge.fml.javafmlmod.FMLModContainer/LOADING]: Creating FMLModContainer instance for net.jelly.sandworm_mod.SandwormMod
[30Jul2025 23:53:33.323] [main/DEBUG] [net.minecraftforge.fml.javafmlmod.FMLJavaModLanguageProvider/LOADING]: Loading FMLModContainer from classloader cpw.mods.modlauncher.TransformingClassLoader@4a6c0f38 - got cpw.mods.cl.ModuleClassLoader@6edc4161
[30Jul2025 23:53:33.323] [main/DEBUG] [net.minecraftforge.fml.javafmlmod.FMLModContainer/LOADING]: Creating FMLModContainer instance for it.hurts.sskirillss.relics.Relics
[30Jul2025 23:53:33.324] [main/DEBUG] [net.minecraftforge.fml.javafmlmod.FMLJavaModLanguageProvider/LOADING]: Loading FMLModContainer from classloader cpw.mods.modlauncher.TransformingClassLoader@4a6c0f38 - got cpw.mods.cl.ModuleClassLoader@6edc4161
[30Jul2025 23:53:33.324] [main/DEBUG] [net.minecraftforge.fml.javafmlmod.FMLModContainer/LOADING]: Creating FMLModContainer instance for dev.architectury.forge.ArchitecturyForge
[30Jul2025 23:53:33.324] [main/DEBUG] [net.minecraftforge.fml.javafmlmod.FMLJavaModLanguageProvider/LOADING]: Loading FMLModContainer from classloader cpw.mods.modlauncher.TransformingClassLoader@4a6c0f38 - got cpw.mods.cl.ModuleClassLoader@6edc4161
[30Jul2025 23:53:33.324] [main/DEBUG] [net.minecraftforge.fml.javafmlmod.FMLModContainer/LOADING]: Creating FMLModContainer instance for it.hurts.octostudios.octolib.forge.OctoLibForge
[30Jul2025 23:53:33.325] [main/DEBUG] [net.minecraftforge.fml.javafmlmod.FMLJavaModLanguageProvider/LOADING]: Loading FMLModContainer from classloader cpw.mods.modlauncher.TransformingClassLoader@4a6c0f38 - got cpw.mods.cl.ModuleClassLoader@6edc4161
[30Jul2025 23:53:33.325] [main/DEBUG] [net.minecraftforge.fml.javafmlmod.FMLModContainer/LOADING]: Creating FMLModContainer instance for com.github.alexthe666.iceandfire.IceAndFire
[30Jul2025 23:53:33.326] [main/DEBUG] [net.minecraftforge.fml.javafmlmod.FMLJavaModLanguageProvider/LOADING]: Loading FMLModContainer from classloader cpw.mods.modlauncher.TransformingClassLoader@4a6c0f38 - got cpw.mods.cl.ModuleClassLoader@6edc4161
[30Jul2025 23:53:33.326] [main/DEBUG] [net.minecraftforge.fml.javafmlmod.FMLModContainer/LOADING]: Creating FMLModContainer instance for syric.dragonseeker.Dragonseeker
[30Jul2025 23:53:33.326] [main/DEBUG] [net.minecraftforge.fml.javafmlmod.FMLJavaModLanguageProvider/LOADING]: Loading FMLModContainer from classloader cpw.mods.modlauncher.TransformingClassLoader@4a6c0f38 - got cpw.mods.cl.ModuleClassLoader@6edc4161
[30Jul2025 23:53:33.326] [main/DEBUG] [net.minecraftforge.fml.javafmlmod.FMLModContainer/LOADING]: Creating FMLModContainer instance for net.blay09.mods.balm.forge.ForgeBalm
[30Jul2025 23:53:33.327] [main/DEBUG] [net.minecraftforge.fml.javafmlmod.FMLJavaModLanguageProvider/LOADING]: Loading FMLModContainer from classloader cpw.mods.modlauncher.TransformingClassLoader@4a6c0f38 - got cpw.mods.cl.ModuleClassLoader@6edc4161
[30Jul2025 23:53:33.327] [main/DEBUG] [net.minecraftforge.fml.javafmlmod.FMLModContainer/LOADING]: Creating FMLModContainer instance for tschipp.carryon.CarryOnForge
[30Jul2025 23:53:33.327] [main/DEBUG] [net.minecraftforge.fml.javafmlmod.FMLJavaModLanguageProvider/LOADING]: Loading FMLModContainer from classloader cpw.mods.modlauncher.TransformingClassLoader@4a6c0f38 - got cpw.mods.cl.ModuleClassLoader@6edc4161
[30Jul2025 23:53:33.327] [main/DEBUG] [net.minecraftforge.fml.javafmlmod.FMLModContainer/LOADING]: Creating FMLModContainer instance for com.mrcrayfish.framework.FrameworkForge
[30Jul2025 23:53:33.327] [main/DEBUG] [net.minecraftforge.fml.javafmlmod.FMLJavaModLanguageProvider/LOADING]: Loading FMLModContainer from classloader cpw.mods.modlauncher.TransformingClassLoader@4a6c0f38 - got cpw.mods.cl.ModuleClassLoader@6edc4161
[30Jul2025 23:53:33.328] [main/DEBUG] [net.minecraftforge.fml.javafmlmod.FMLModContainer/LOADING]: Creating FMLModContainer instance for team.lodestar.lodestone.LodestoneLib
[30Jul2025 23:53:33.328] [main/DEBUG] [net.minecraftforge.fml.javafmlmod.FMLJavaModLanguageProvider/LOADING]: Loading FMLModContainer from classloader cpw.mods.modlauncher.TransformingClassLoader@4a6c0f38 - got cpw.mods.cl.ModuleClassLoader@6edc4161
[30Jul2025 23:53:33.328] [main/DEBUG] [net.minecraftforge.fml.javafmlmod.FMLModContainer/LOADING]: Creating FMLModContainer instance for ichttt.mods.firstaid.FirstAid
[30Jul2025 23:53:33.329] [main/DEBUG] [net.minecraftforge.fml.javafmlmod.FMLJavaModLanguageProvider/LOADING]: Loading FMLModContainer from classloader cpw.mods.modlauncher.TransformingClassLoader@4a6c0f38 - got cpw.mods.cl.ModuleClassLoader@6edc4161
[30Jul2025 23:53:33.329] [main/DEBUG] [net.minecraftforge.fml.javafmlmod.FMLModContainer/LOADING]: Creating FMLModContainer instance for net.minecraftforge.common.ForgeMod
[30Jul2025 23:53:33.331] [main/DEBUG] [net.minecraftforge.fml.javafmlmod.FMLJavaModLanguageProvider/LOADING]: Loading FMLModContainer from classloader cpw.mods.modlauncher.TransformingClassLoader@4a6c0f38 - got cpw.mods.cl.ModuleClassLoader@6edc4161
[30Jul2025 23:53:33.331] [main/DEBUG] [net.minecraftforge.fml.javafmlmod.FMLModContainer/LOADING]: Creating FMLModContainer instance for squeek.appleskin.AppleSkin
[30Jul2025 23:53:33.332] [main/DEBUG] [net.minecraftforge.fml.javafmlmod.FMLJavaModLanguageProvider/LOADING]: Loading FMLModContainer from classloader cpw.mods.modlauncher.TransformingClassLoader@4a6c0f38 - got cpw.mods.cl.ModuleClassLoader@6edc4161
[30Jul2025 23:53:33.332] [main/DEBUG] [net.minecraftforge.fml.javafmlmod.FMLModContainer/LOADING]: Creating FMLModContainer instance for twilightforest.TwilightForestMod
[30Jul2025 23:53:33.333] [main/DEBUG] [net.minecraftforge.fml.javafmlmod.FMLJavaModLanguageProvider/LOADING]: Loading FMLModContainer from classloader cpw.mods.modlauncher.TransformingClassLoader@4a6c0f38 - got cpw.mods.cl.ModuleClassLoader@6edc4161
[30Jul2025 23:53:33.333] [main/DEBUG] [net.minecraftforge.fml.javafmlmod.FMLModContainer/LOADING]: Creating FMLModContainer instance for net.mcreator.alexsmobsextramusic.AlexsMobsExtraMusicMod
[30Jul2025 23:53:33.351] [modloading-worker-0/DEBUG] [net.minecraftforge.fml.javafmlmod.AutomaticEventSubscriber/LOADING]: Attempting to inject @EventBusSubscriber classes into the eventbus for kuma_api
[30Jul2025 23:53:33.368] [modloading-worker-0/DEBUG] [net.minecraftforge.fml.javafmlmod.AutomaticEventSubscriber/LOADING]: Attempting to inject @EventBusSubscriber classes into the eventbus for voicechat
[30Jul2025 23:53:33.396] [modloading-worker-0/DEBUG] [net.minecraftforge.fml.javafmlmod.AutomaticEventSubscriber/LOADING]: Attempting to inject @EventBusSubscriber classes into the eventbus for jade
[30Jul2025 23:53:33.402] [modloading-worker-0/DEBUG] [net.minecraftforge.fml.javafmlmod.AutomaticEventSubscriber/LOADING]: Attempting to inject @EventBusSubscriber classes into the eventbus for geckolib
[30Jul2025 23:53:33.408] [modloading-worker-0/DEBUG] [net.minecraftforge.fml.javafmlmod.AutomaticEventSubscriber/LOADING]: Auto-subscribing software.bernie.example.GeckoLibMod to FORGE
[30Jul2025 23:53:33.413] [modloading-worker-0/DEBUG] [net.minecraftforge.fml.javafmlmod.AutomaticEventSubscriber/LOADING]: Auto-subscribing software.bernie.example.CommonListener to MOD
[30Jul2025 23:53:33.457] [modloading-worker-0/DEBUG] [net.minecraftforge.fml.config.ConfigTracker/CONFIG]: Config file jei-server.toml for jei tracking
[30Jul2025 23:53:33.463] [modloading-worker-0/DEBUG] [net.minecraftforge.fml.javafmlmod.AutomaticEventSubscriber/LOADING]: Attempting to inject @EventBusSubscriber classes into the eventbus for jei
[30Jul2025 23:53:33.490] [modloading-worker-0/DEBUG] [creativecore/]: Created network creativecore:main
[30Jul2025 23:53:33.496] [modloading-worker-0/DEBUG] [net.minecraftforge.fml.javafmlmod.AutomaticEventSubscriber/LOADING]: Attempting to inject @EventBusSubscriber classes into the eventbus for ambientsounds
[30Jul2025 23:53:33.503] [modloading-worker-0/DEBUG] [net.minecraftforge.fml.javafmlmod.AutomaticEventSubscriber/LOADING]: Attempting to inject @EventBusSubscriber classes into the eventbus for creativecore
[30Jul2025 23:53:33.506] [modloading-worker-0/DEBUG] [net.minecraftforge.fml.javafmlmod.AutomaticEventSubscriber/LOADING]: Attempting to inject @EventBusSubscriber classes into the eventbus for lionfishapi
[30Jul2025 23:53:33.506] [modloading-worker-0/DEBUG] [net.minecraftforge.fml.javafmlmod.AutomaticEventSubscriber/LOADING]: Auto-subscribing com.github.L_Ender.lionfishapi.LionfishAPI to FORGE
[30Jul2025 23:53:33.506] [modloading-worker-0/DEBUG] [net.minecraftforge.fml.javafmlmod.AutomaticEventSubscriber/LOADING]: Auto-subscribing com.github.L_Ender.lionfishapi.CommonProxy to MOD
[30Jul2025 23:53:33.528] [modloading-worker-0/DEBUG] [net.minecraftforge.fml.config.ConfigTracker/CONFIG]: Config file cgm-client.toml for cgm tracking
[30Jul2025 23:53:33.531] [modloading-worker-0/DEBUG] [net.minecraftforge.fml.config.ConfigTracker/CONFIG]: Config file cgm-common.toml for cgm tracking
[30Jul2025 23:53:33.532] [modloading-worker-0/DEBUG] [net.minecraftforge.fml.config.ConfigTracker/CONFIG]: Config file cgm-server.toml for cgm tracking
[30Jul2025 23:53:33.624] [modloading-worker-0/DEBUG] [net.minecraftforge.fml.javafmlmod.AutomaticEventSubscriber/LOADING]: Attempting to inject @EventBusSubscriber classes into the eventbus for cgm
[30Jul2025 23:53:33.627] [modloading-worker-0/DEBUG] [net.minecraftforge.fml.javafmlmod.AutomaticEventSubscriber/LOADING]: Auto-subscribing com.mrcrayfish.guns.entity.ThrowableStunGrenadeEntity to FORGE
[30Jul2025 23:53:33.629] [modloading-worker-0/DEBUG] [mixin/]: Mixing DamageSourcesMixin from tombstone.mixins.json into net.minecraft.world.damagesource.DamageSources
[30Jul2025 23:53:33.677] [modloading-worker-0/DEBUG] [net.minecraftforge.fml.javafmlmod.AutomaticEventSubscriber/LOADING]: Auto-subscribing com.mrcrayfish.guns.common.SpreadTracker to FORGE
[30Jul2025 23:53:33.680] [modloading-worker-0/DEBUG] [net.minecraftforge.fml.javafmlmod.AutomaticEventSubscriber/LOADING]: Auto-subscribing com.mrcrayfish.guns.common.ReloadTracker to FORGE
[30Jul2025 23:53:33.688] [modloading-worker-0/DEBUG] [net.minecraftforge.fml.javafmlmod.AutomaticEventSubscriber/LOADING]: Auto-subscribing com.mrcrayfish.guns.common.NetworkGunManager to FORGE
[30Jul2025 23:53:33.725] [modloading-worker-0/DEBUG] [mixin/]: Mixing ReloadableServerResourcesMixin from balm.mixins.json into net.minecraft.server.ReloadableServerResources
[30Jul2025 23:53:33.726] [modloading-worker-0/DEBUG] [mixin/]: Renaming synthetic method lambda$loadResources$0(Lnet/minecraft/server/ReloadableServerResources;)V to md736100$lambda$loadResources$0$0 in balm.mixins.json:ReloadableServerResourcesMixin
[30Jul2025 23:53:33.741] [modloading-worker-0/DEBUG] [net.minecraftforge.coremod.transformer.CoreModBaseTransformer/COREMOD]: Transforming m_11229_ with desc (Lnet/minecraft/server/level/ServerPlayer;Lnet/minecraft/server/level/ServerLevel;)V
[30Jul2025 23:53:33.742] [modloading-worker-0/DEBUG] [mixin/]: Mixing PlayerListMixin from balm.mixins.json into net.minecraft.server.players.PlayerList
[30Jul2025 23:53:33.760] [modloading-worker-0/DEBUG] [net.minecraftforge.fml.javafmlmod.AutomaticEventSubscriber/LOADING]: Auto-subscribing com.mrcrayfish.guns.common.DelayedTask to FORGE
[30Jul2025 23:53:33.768] [modloading-worker-0/DEBUG] [net.minecraftforge.fml.javafmlmod.AutomaticEventSubscriber/LOADING]: Auto-subscribing com.mrcrayfish.guns.common.CustomGunLoader to FORGE
[30Jul2025 23:53:33.792] [modloading-worker-0/DEBUG] [net.minecraftforge.fml.config.ConfigTracker/CONFIG]: Config file sophisticatedcore-common.toml for sophisticatedcore tracking
[30Jul2025 23:53:33.792] [modloading-worker-0/DEBUG] [net.minecraftforge.fml.config.ConfigTracker/CONFIG]: Config file sophisticatedcore-client.toml for sophisticatedcore tracking
[30Jul2025 23:53:33.811] [modloading-worker-0/DEBUG] [mixin/]: Mixing RecipeManagerAccessor from mixins.hammerlib.json into net.minecraft.world.item.crafting.RecipeManager
[30Jul2025 23:53:33.813] [modloading-worker-0/DEBUG] [mixin/]: Mixing RecipeManagerMixin from mixins.hammerlib.json into net.minecraft.world.item.crafting.RecipeManager
[30Jul2025 23:53:33.850] [modloading-worker-0/DEBUG] [mixin/]: Mixing MixinLevelEvent from architectury.mixins.json into net.minecraftforge.event.level.LevelEvent
[30Jul2025 23:53:33.858] [modloading-worker-0/DEBUG] [net.minecraftforge.fml.javafmlmod.AutomaticEventSubscriber/LOADING]: Attempting to inject @EventBusSubscriber classes into the eventbus for sophisticatedcore
[30Jul2025 23:53:33.890] [modloading-worker-0/DEBUG] [net.minecraftforge.fml.config.ConfigTracker/CONFIG]: Config file cataclysm.toml for cataclysm tracking
[30Jul2025 23:53:33.966] [modloading-worker-0/DEBUG] [net.minecraftforge.fml.javafmlmod.AutomaticEventSubscriber/LOADING]: Attempting to inject @EventBusSubscriber classes into the eventbus for thalassophobia
[30Jul2025 23:53:33.967] [modloading-worker-0/DEBUG] [net.minecraftforge.fml.javafmlmod.AutomaticEventSubscriber/LOADING]: Auto-subscribing net.mcreator.thalassophobia.recipes.brewing.PanderodusEyeToNightVisionBrewingRecipe to MOD
[30Jul2025 23:53:33.968] [modloading-worker-0/DEBUG] [net.minecraftforge.fml.javafmlmod.AutomaticEventSubscriber/LOADING]: Auto-subscribing net.mcreator.thalassophobia.recipes.brewing.NaturalToxinToPoisonBrewingRecipe to MOD
[30Jul2025 23:53:33.970] [modloading-worker-0/DEBUG] [net.minecraftforge.fml.javafmlmod.AutomaticEventSubscriber/LOADING]: Auto-subscribing net.mcreator.thalassophobia.recipes.brewing.GlowFishToNightVisionBrewingRecipe to MOD
[30Jul2025 23:53:33.971] [modloading-worker-0/DEBUG] [net.minecraftforge.fml.javafmlmod.AutomaticEventSubscriber/LOADING]: Auto-subscribing net.mcreator.thalassophobia.procedures.ScubaGearEffectProcedure to FORGE
[30Jul2025 23:53:33.975] [modloading-worker-0/DEBUG] [net.minecraftforge.fml.javafmlmod.AutomaticEventSubscriber/LOADING]: Auto-subscribing net.mcreator.thalassophobia.procedures.IonicShieldBlocksProcedure to FORGE
[30Jul2025 23:53:33.977] [modloading-worker-0/DEBUG] [net.minecraftforge.fml.javafmlmod.AutomaticEventSubscriber/LOADING]: Auto-subscribing net.mcreator.thalassophobia.procedures.GiveRecipeProcedure to FORGE
[30Jul2025 23:53:33.978] [modloading-worker-0/DEBUG] [net.minecraftforge.fml.javafmlmod.AutomaticEventSubscriber/LOADING]: Auto-subscribing net.mcreator.thalassophobia.procedures.EntityAttacksProcedure to FORGE
[30Jul2025 23:53:33.983] [modloading-worker-0/DEBUG] [net.minecraftforge.fml.javafmlmod.AutomaticEventSubscriber/LOADING]: Auto-subscribing net.mcreator.thalassophobia.procedures.EntityAngerProcedure to FORGE
[30Jul2025 23:53:33.987] [modloading-worker-0/DEBUG] [net.minecraftforge.fml.javafmlmod.AutomaticEventSubscriber/LOADING]: Auto-subscribing net.mcreator.thalassophobia.procedures.ColossoteusAttackProcedure to FORGE
[30Jul2025 23:53:33.989] [modloading-worker-0/DEBUG] [net.minecraftforge.fml.javafmlmod.AutomaticEventSubscriber/LOADING]: Auto-subscribing net.mcreator.thalassophobia.procedures.ColossoteusAngerProcedure to FORGE
[30Jul2025 23:53:33.995] [modloading-worker-0/DEBUG] [net.minecraftforge.fml.javafmlmod.AutomaticEventSubscriber/LOADING]: Auto-subscribing net.mcreator.thalassophobia.network.ThalassophobiaModVariables to MOD
[30Jul2025 23:53:34.005] [modloading-worker-0/DEBUG] [net.minecraftforge.fml.javafmlmod.AutomaticEventSubscriber/LOADING]: Auto-subscribing net.mcreator.thalassophobia.network.ThalassophobiaModVariables$PlayerVariablesProvider to FORGE
[30Jul2025 23:53:34.013] [modloading-worker-0/DEBUG] [net.minecraftforge.fml.javafmlmod.AutomaticEventSubscriber/LOADING]: Auto-subscribing net.mcreator.thalassophobia.network.ThalassophobiaModVariables$EventBusVariableHandlers to FORGE
[30Jul2025 23:53:34.022] [modloading-worker-0/DEBUG] [net.minecraftforge.fml.javafmlmod.AutomaticEventSubscriber/LOADING]: Auto-subscribing net.mcreator.thalassophobia.network.IchtyhosaurusUpwardMovementMessage to MOD
[30Jul2025 23:53:34.027] [modloading-worker-0/DEBUG] [net.minecraftforge.fml.javafmlmod.AutomaticEventSubscriber/LOADING]: Auto-subscribing net.mcreator.thalassophobia.network.IchthyosaurusDownwardMovementMessage to MOD
[30Jul2025 23:53:34.028] [modloading-worker-0/DEBUG] [net.minecraftforge.fml.javafmlmod.AutomaticEventSubscriber/LOADING]: Auto-subscribing net.mcreator.thalassophobia.init.ThalassophobiaModTrades to FORGE
[30Jul2025 23:53:34.035] [modloading-worker-0/DEBUG] [net.minecraftforge.fml.javafmlmod.AutomaticEventSubscriber/LOADING]: Auto-subscribing net.mcreator.thalassophobia.init.ThalassophobiaModGameRules to MOD
[30Jul2025 23:53:34.054] [modloading-worker-0/DEBUG] [net.minecraftforge.fml.javafmlmod.AutomaticEventSubscriber/LOADING]: Auto-subscribing net.mcreator.thalassophobia.init.ThalassophobiaModEntities to MOD
[30Jul2025 23:53:34.056] [modloading-worker-0/DEBUG] [net.minecraftforge.fml.javafmlmod.AutomaticEventSubscriber/LOADING]: Auto-subscribing net.mcreator.thalassophobia.init.EntityAnimationFactory to FORGE
[30Jul2025 23:53:34.074] [modloading-worker-0/DEBUG] [net.minecraftforge.fml.config.ConfigTracker/CONFIG]: Config file curios-client.toml for curios tracking
[30Jul2025 23:53:34.079] [modloading-worker-0/DEBUG] [net.minecraftforge.fml.config.ConfigTracker/CONFIG]: Config file curios-common.toml for curios tracking
[30Jul2025 23:53:34.079] [modloading-worker-0/DEBUG] [net.minecraftforge.fml.config.ConfigTracker/CONFIG]: Config file curios-server.toml for curios tracking
[30Jul2025 23:53:34.080] [modloading-worker-0/DEBUG] [net.minecraftforge.fml.javafmlmod.AutomaticEventSubscriber/LOADING]: Attempting to inject @EventBusSubscriber classes into the eventbus for curios
[30Jul2025 23:53:34.081] [modloading-worker-0/DEBUG] [net.minecraftforge.fml.javafmlmod.AutomaticEventSubscriber/LOADING]: Attempting to inject @EventBusSubscriber classes into the eventbus for sound_physics_remastered
[30Jul2025 23:53:34.290] [modloading-worker-0/DEBUG] [net.minecraftforge.fml.config.ConfigTracker/CONFIG]: Config file waystones-common.toml for waystones tracking
[30Jul2025 23:53:34.340] [modloading-worker-0/DEBUG] [net.minecraftforge.fml.javafmlmod.AutomaticEventSubscriber/LOADING]: Attempting to inject @EventBusSubscriber classes into the eventbus for cataclysm
[30Jul2025 23:53:34.341] [modloading-worker-0/DEBUG] [net.minecraftforge.fml.javafmlmod.AutomaticEventSubscriber/LOADING]: Auto-subscribing com.github.L_Ender.cataclysm.world.CMWorldRegistry to MOD
[30Jul2025 23:53:34.342] [modloading-worker-0/DEBUG] [net.minecraftforge.fml.javafmlmod.AutomaticEventSubscriber/LOADING]: Auto-subscribing com.github.L_Ender.cataclysm.init.ModEntities to MOD
[30Jul2025 23:53:34.353] [modloading-worker-0/DEBUG] [net.minecraftforge.fml.javafmlmod.AutomaticEventSubscriber/LOADING]: Auto-subscribing com.github.L_Ender.cataclysm.event.ServerEventHandler to FORGE
[30Jul2025 23:53:34.353] [modloading-worker-0/DEBUG] [net.minecraftforge.fml.javafmlmod.AutomaticEventSubscriber/LOADING]: Auto-subscribing com.github.L_Ender.cataclysm.CommonProxy to MOD
[30Jul2025 23:53:34.353] [modloading-worker-0/DEBUG] [net.minecraftforge.fml.javafmlmod.AutomaticEventSubscriber/LOADING]: Auto-subscribing com.github.L_Ender.cataclysm.Cataclysm to FORGE
[30Jul2025 23:53:34.368] [modloading-worker-0/DEBUG] [net.minecraftforge.fml.javafmlmod.AutomaticEventSubscriber/LOADING]: Attempting to inject @EventBusSubscriber classes into the eventbus for saros_first_aid_mod
[30Jul2025 23:53:34.368] [modloading-worker-0/DEBUG] [net.minecraftforge.fml.javafmlmod.AutomaticEventSubscriber/LOADING]: Auto-subscribing net.mcreator.sarosfirstaidmod.network.PflasterG4ButtonMessage to MOD
[30Jul2025 23:53:34.369] [modloading-worker-0/DEBUG] [net.minecraftforge.fml.javafmlmod.AutomaticEventSubscriber/LOADING]: Auto-subscribing net.mcreator.sarosfirstaidmod.network.PflasterG3ButtonMessage to MOD
[30Jul2025 23:53:34.374] [modloading-worker-0/DEBUG] [net.minecraftforge.fml.javafmlmod.AutomaticEventSubscriber/LOADING]: Auto-subscribing net.mcreator.sarosfirstaidmod.network.PflasterG2ButtonMessage to MOD
[30Jul2025 23:53:34.374] [modloading-worker-0/DEBUG] [net.minecraftforge.fml.javafmlmod.AutomaticEventSubscriber/LOADING]: Auto-subscribing net.mcreator.sarosfirstaidmod.network.PflasterG1ButtonMessage to MOD
[30Jul2025 23:53:34.375] [modloading-worker-0/DEBUG] [net.minecraftforge.fml.javafmlmod.AutomaticEventSubscriber/LOADING]: Auto-subscribing net.mcreator.sarosfirstaidmod.network.CremeButtonMessage to MOD
[30Jul2025 23:53:34.384] [modloading-worker-0/DEBUG] [net.minecraftforge.fml.javafmlmod.AutomaticEventSubscriber/LOADING]: Auto-subscribing net.mcreator.sarosfirstaidmod.network.Creme3ButtonMessage to MOD
[30Jul2025 23:53:34.385] [modloading-worker-0/DEBUG] [net.minecraftforge.fml.javafmlmod.AutomaticEventSubscriber/LOADING]: Auto-subscribing net.mcreator.sarosfirstaidmod.network.Creme2ButtonMessage to MOD
[30Jul2025 23:53:34.388] [modloading-worker-0/DEBUG] [mixin/]: Mixing LootTableAccessor from mixins.hammerlib.json into net.minecraft.world.level.storage.loot.LootTable
[30Jul2025 23:53:34.388] [modloading-worker-0/DEBUG] [mixin/]: Mixing LootTableMixin from balm.mixins.json into net.minecraft.world.level.storage.loot.LootTable
[30Jul2025 23:53:34.395] [modloading-worker-0/DEBUG] [net.minecraftforge.fml.javafmlmod.AutomaticEventSubscriber/LOADING]: Auto-subscribing net.mcreator.sarosfirstaidmod.network.Creme1ButtonMessage to MOD
[30Jul2025 23:53:34.396] [modloading-worker-0/DEBUG] [net.minecraftforge.fml.javafmlmod.AutomaticEventSubscriber/LOADING]: Auto-subscribing net.mcreator.sarosfirstaidmod.init.SarosFirstAidModModTabs to MOD
[30Jul2025 23:53:34.405] [modloading-worker-0/DEBUG] [net.minecraftforge.fml.javafmlmod.AutomaticEventSubscriber/LOADING]: Attempting to inject @EventBusSubscriber classes into the eventbus for improvableskills
[30Jul2025 23:53:34.405] [modloading-worker-0/DEBUG] [net.minecraftforge.fml.javafmlmod.AutomaticEventSubscriber/LOADING]: Auto-subscribing org.zeith.improvableskills.data.PlayerDataManager to FORGE
[30Jul2025 23:53:34.419] [modloading-worker-0/DEBUG] [net.minecraftforge.fml.javafmlmod.AutomaticEventSubscriber/LOADING]: Auto-subscribing org.zeith.improvableskills.api.loot.GlobalSkillLootModifier to MOD
[30Jul2025 23:53:34.438] [modloading-worker-0/DEBUG] [net.minecraftforge.fml.javafmlmod.AutomaticEventSubscriber/LOADING]: Attempting to inject @EventBusSubscriber classes into the eventbus for waystones
[30Jul2025 23:53:34.440] [modloading-worker-0/DEBUG] [net.minecraftforge.fml.javafmlmod.AutomaticEventSubscriber/LOADING]: Auto-subscribing org.zeith.improvableskills.SkillEvents to FORGE
[30Jul2025 23:53:34.453] [modloading-worker-0/DEBUG] [net.minecraftforge.fml.config.ConfigTracker/CONFIG]: Config file reskillable-common.toml for reskillable tracking
[30Jul2025 23:53:34.457] [modloading-worker-0/DEBUG] [xaero.map.WorldMap/]: Loaded xaero.map.platform.services.ForgePlatformHelper@5891c7b5 for service interface xaero.map.platform.services.IPlatformHelper
[30Jul2025 23:53:34.472] [modloading-worker-0/INFO] [HammerLib/]: Registered charge handler for type org.zeith.hammerlib.util.charging.fluid.FluidCharge - org.zeith.hammerlib.util.charging.impl.FluidChargeHandler@387958d9
[30Jul2025 23:53:34.478] [modloading-worker-0/DEBUG] [net.minecraftforge.fml.config.ConfigTracker/CONFIG]: Config file citadel-common.toml for citadel tracking
[30Jul2025 23:53:34.475] [modloading-worker-0/INFO] [HammerLib/]: Registered charge handler for type org.zeith.hammerlib.util.charging.fe.FECharge - org.zeith.hammerlib.util.charging.impl.FEChargeHandler@38b92eba
[30Jul2025 23:53:34.479] [modloading-worker-0/INFO] [HammerLib/]: Registered inventory lister org.zeith.hammerlib.util.charging.impl.VanillaPlayerInvLister
[30Jul2025 23:53:34.483] [modloading-worker-0/DEBUG] [net.minecraftforge.fml.javafmlmod.AutomaticEventSubscriber/LOADING]: Attempting to inject @EventBusSubscriber classes into the eventbus for xaeroworldmap
[30Jul2025 23:53:34.484] [modloading-worker-0/DEBUG] [net.minecraftforge.fml.javafmlmod.AutomaticEventSubscriber/LOADING]: Attempting to inject @EventBusSubscriber classes into the eventbus for citadel
[30Jul2025 23:53:34.484] [modloading-worker-0/DEBUG] [net.minecraftforge.fml.javafmlmod.AutomaticEventSubscriber/LOADING]: Auto-subscribing com.github.alexthe666.citadel.ServerProxy to MOD
[30Jul2025 23:53:34.487] [modloading-worker-0/DEBUG] [net.minecraftforge.fml.javafmlmod.AutomaticEventSubscriber/LOADING]: Attempting to inject @EventBusSubscriber classes into the eventbus for reskillable
[30Jul2025 23:53:34.487] [modloading-worker-0/DEBUG] [net.minecraftforge.fml.javafmlmod.AutomaticEventSubscriber/LOADING]: Auto-subscribing net.bandit.reskillable.common.commands.SetCommand to FORGE
[30Jul2025 23:53:34.488] [modloading-worker-0/DEBUG] [net.minecraftforge.fml.javafmlmod.AutomaticEventSubscriber/LOADING]: Auto-subscribing net.bandit.reskillable.common.commands.GetCommand to FORGE
[30Jul2025 23:53:34.491] [modloading-worker-0/DEBUG] [net.minecraftforge.fml.javafmlmod.AutomaticEventSubscriber/LOADING]: Auto-subscribing net.bandit.reskillable.Configuration to FORGE
[30Jul2025 23:53:34.495] [modloading-worker-0/DEBUG] [net.minecraftforge.fml.config.ConfigTracker/CONFIG]: Config file alexscaves-general.toml for alexscaves tracking
[30Jul2025 23:53:34.495] [modloading-worker-0/DEBUG] [net.minecraftforge.fml.config.ConfigTracker/CONFIG]: Config file alexscaves-client.toml for alexscaves tracking
[30Jul2025 23:53:34.493] [modloading-worker-0/INFO] [HammerLib/]: Hooked Lorg/zeith/hammerlib/core/test/machine/TileTestMachine; from hammerlib to register it's stuff.
[30Jul2025 23:53:34.496] [modloading-worker-0/INFO] [HammerLib/]: Hooked Lorg/zeith/hammerlib/core/test/machine/RecipeTestMachine; from hammerlib to register it's stuff.
[30Jul2025 23:53:34.496] [modloading-worker-0/INFO] [HammerLib/]: Hooked Lorg/zeith/hammerlib/core/test/machine/BlockTestMachine; from hammerlib to register it's stuff.
[30Jul2025 23:53:34.499] [modloading-worker-0/INFO] [HammerLib/]: Hooked Lorg/zeith/hammerlib/core/recipes/replacers/WaterBottleReplacer; from hammerlib to register it's stuff.
[30Jul2025 23:53:34.499] [modloading-worker-0/INFO] [HammerLib/]: Hooked Lorg/zeith/hammerlib/core/recipes/replacers/RemainingReplacerRegistrar; from hammerlib to register it's stuff.
[30Jul2025 23:53:34.499] [modloading-worker-0/INFO] [HammerLib/]: Hooked Lorg/zeith/hammerlib/core/init/SourceTypesHL; from hammerlib to register it's stuff.
[30Jul2025 23:53:34.499] [modloading-worker-0/INFO] [HammerLib/]: Hooked Lorg/zeith/hammerlib/core/init/RecipesHL; from hammerlib to register it's stuff.
[30Jul2025 23:53:34.500] [modloading-worker-0/INFO] [HammerLib/]: Hooked Lorg/zeith/hammerlib/core/init/LevelActionTypesHL; from hammerlib to register it's stuff.
[30Jul2025 23:53:34.500] [modloading-worker-0/INFO] [HammerLib/]: Hooked Lorg/zeith/hammerlib/core/init/ItemsHL; from hammerlib to register it's stuff.
[30Jul2025 23:53:34.501] [modloading-worker-0/INFO] [HammerLib/]: Hooked Lorg/zeith/hammerlib/core/init/GearsHL; from hammerlib to register it's stuff.
[30Jul2025 23:53:34.501] [modloading-worker-0/INFO] [HammerLib/]: Hooked Lorg/zeith/hammerlib/api/forge/ContainerAPI; from hammerlib to register it's stuff.
[30Jul2025 23:53:34.501] [modloading-worker-0/INFO] [HammerLib/]: Injecting setup into org.zeith.hammerlib.net.Network
[30Jul2025 23:53:34.513] [modloading-worker-0/DEBUG] [net.minecraftforge.fml.config.ConfigTracker/CONFIG]: Config file naturescompass-common.toml for naturescompass tracking
[30Jul2025 23:53:34.513] [modloading-worker-0/DEBUG] [net.minecraftforge.fml.config.ConfigTracker/CONFIG]: Config file naturescompass-client.toml for naturescompass tracking
[30Jul2025 23:53:34.514] [modloading-worker-0/DEBUG] [net.minecraftforge.fml.javafmlmod.AutomaticEventSubscriber/LOADING]: Attempting to inject @EventBusSubscriber classes into the eventbus for naturescompass
[30Jul2025 23:53:34.514] [modloading-worker-0/DEBUG] [net.minecraftforge.fml.javafmlmod.AutomaticEventSubscriber/LOADING]: Auto-subscribing com.chaosthedude.naturescompass.registry.NaturesCompassRegistry to MOD
[30Jul2025 23:53:34.667] [modloading-worker-0/DEBUG] [HammerLib/]: Registered NBT serializer for type class net.minecraft.world.phys.Vec3: org.zeith.hammerlib.api.io.serializers.Vec3Serializer@677e121f
[30Jul2025 23:53:34.671] [modloading-worker-0/DEBUG] [HammerLib/]: Registered NBT serializer for type class java.util.UUID: org.zeith.hammerlib.api.io.serializers.UUIDSerializer@5dc952e3
[30Jul2025 23:53:34.673] [modloading-worker-0/DEBUG] [HammerLib/]: Registered NBT serializer for type class java.lang.String: org.zeith.hammerlib.api.io.serializers.StringSerializer@c2c70f7
[30Jul2025 23:53:34.678] [modloading-worker-0/DEBUG] [HammerLib/]: Registered NBT serializer for type class org.zeith.hammerlib.util.java.reflection.SerializableMethodHandle: org.zeith.hammerlib.api.io.serializers.SerializableMethodHandleSerializer@7131fa0b
[30Jul2025 23:53:34.678] [modloading-worker-0/INFO] [dev.architectury.networking.forge.NetworkManagerImpl/]: Registering C2S receiver with id architectury:sync_ids
[30Jul2025 23:53:34.693] [modloading-worker-0/INFO] [dev.architectury.networking.forge.NetworkManagerImpl/]: Registering C2S receiver with id aaa_particles:main/2b101225a0983c178c43c737d76def52
[30Jul2025 23:53:34.713] [modloading-worker-0/DEBUG] [HammerLib/]: Registered NBT serializer for type class net.minecraft.resources.ResourceLocation: org.zeith.hammerlib.api.io.serializers.ResourceLocationSerializer@427f5105
[30Jul2025 23:53:34.714] [modloading-worker-0/DEBUG] [HammerLib/]: Registered NBT serializer for type class net.minecraft.resources.ResourceKey: org.zeith.hammerlib.api.io.serializers.ResourceKeySerializer@56e32c8
[30Jul2025 23:53:34.714] [modloading-worker-0/INFO] [dev.architectury.networking.forge.NetworkManagerImpl/]: Registering C2S receiver with id aaa_particles:main/878ba3ad853235668eff51eb0a40c900
[30Jul2025 23:53:34.714] [modloading-worker-0/DEBUG] [HammerLib/]: Registered NBT serializer for type interface net.minecraft.core.particles.ParticleOptions: org.zeith.hammerlib.api.io.serializers.ParticleOptionsSerializer@3a3807a0
[30Jul2025 23:53:34.714] [modloading-worker-0/INFO] [dev.architectury.networking.forge.NetworkManagerImpl/]: Registering C2S receiver with id aaa_particles:main/878ba3ad853235668eff51eb0a40c900
[30Jul2025 23:53:34.715] [modloading-worker-0/DEBUG] [HammerLib/]: Registered NBT serializer for type class [J: org.zeith.hammerlib.api.io.serializers.LongArraySerializer@7fc41491
[30Jul2025 23:53:34.716] [modloading-worker-0/DEBUG] [HammerLib/]: Registered NBT serializer for type class net.minecraft.world.item.ItemStack: org.zeith.hammerlib.api.io.serializers.ItemStackSerializer@6c2aa281
[30Jul2025 23:53:34.730] [modloading-worker-0/DEBUG] [HammerLib/]: Registered NBT serializer for type class [I: org.zeith.hammerlib.api.io.serializers.IntArraySerializer@52faa794
[30Jul2025 23:53:34.730] [modloading-worker-0/DEBUG] [HammerLib/]: Registered NBT serializer for type interface net.minecraft.network.chat.Component: org.zeith.hammerlib.api.io.serializers.ComponentSerializer@3010d46b
[30Jul2025 23:53:34.731] [modloading-worker-0/DEBUG] [HammerLib/]: Registered NBT serializer for type class [B: org.zeith.hammerlib.api.io.serializers.ByteArraySerializer@5ca71d63
[30Jul2025 23:53:34.731] [modloading-worker-0/DEBUG] [HammerLib/]: Registered NBT serializer for type class net.minecraft.core.BlockPos: org.zeith.hammerlib.api.io.serializers.BlockPosSerializer@4193dda0
[30Jul2025 23:53:34.720] [modloading-worker-0/INFO] [dev.architectury.networking.forge.NetworkManagerImpl/]: Registering C2S receiver with id aaa_particles:main/9b5bc39f00d53db2acf81d859b596583
[30Jul2025 23:53:34.737] [modloading-worker-0/DEBUG] [net.minecraftforge.fml.javafmlmod.AutomaticEventSubscriber/LOADING]: Attempting to inject @EventBusSubscriber classes into the eventbus for aaa_particles
[30Jul2025 23:53:34.737] [modloading-worker-0/DEBUG] [net.minecraftforge.fml.javafmlmod.AutomaticEventSubscriber/LOADING]: Attempting to inject @EventBusSubscriber classes into the eventbus for mixinextras
[30Jul2025 23:53:34.761] [modloading-worker-0/DEBUG] [HammerLib/]: Registered codec NBT serializer for type class net.minecraft.world.level.ChunkPos: org.zeith.hammerlib.api.io.serializers.BaseCodecSerializer@45da07f6
[30Jul2025 23:53:34.764] [modloading-worker-0/DEBUG] [HammerLib/]: Registered codec NBT serializer for type class org.zeith.hammerlib.util.mcf.fluid.FluidIngredientStack: org.zeith.hammerlib.api.io.serializers.BaseCodecSerializer@5bcf6634
[30Jul2025 23:53:34.764] [modloading-worker-0/DEBUG] [HammerLib/]: Registered codec NBT serializer for type class org.zeith.hammerlib.util.mcf.fluid.FluidIngredient: org.zeith.hammerlib.api.io.serializers.BaseCodecSerializer@3a2cbab8
[30Jul2025 23:53:34.767] [modloading-worker-0/DEBUG] [HammerLib/]: Registered codec NBT serializer for type class net.minecraft.core.GlobalPos: org.zeith.hammerlib.api.io.serializers.BaseCodecSerializer@48b5b7dd
[30Jul2025 23:53:34.768] [modloading-worker-0/DEBUG] [HammerLib/]: Registered codec NBT serializer for type class net.minecraftforge.fluids.FluidStack: org.zeith.hammerlib.api.io.serializers.BaseCodecSerializer@5f6f646f
[30Jul2025 23:53:34.768] [modloading-worker-0/DEBUG] [HammerLib/]: Registered codec NBT serializer for type class net.minecraft.world.level.block.state.BlockState: org.zeith.hammerlib.api.io.serializers.BaseCodecSerializer@e4f5e44
[30Jul2025 23:53:34.768] [modloading-worker-0/INFO] [HammerLib/]: Hooked Lorg/zeith/improvableskills/init/SkillsIS; from improvableskills to register it's stuff.
[30Jul2025 23:53:34.768] [modloading-worker-0/INFO] [HammerLib/]: Hooked Lorg/zeith/improvableskills/init/RecipeTypesIS; from improvableskills to register it's stuff.
[30Jul2025 23:53:34.769] [modloading-worker-0/INFO] [HammerLib/]: Hooked Lorg/zeith/improvableskills/init/ParticleTypesIS; from improvableskills to register it's stuff.
[30Jul2025 23:53:34.769] [modloading-worker-0/INFO] [HammerLib/]: Hooked Lorg/zeith/improvableskills/init/PageletsIS; from improvableskills to register it's stuff.
[30Jul2025 23:53:34.778] [modloading-worker-0/INFO] [HammerLib/]: Hooked Lorg/zeith/improvableskills/init/ItemsIS; from improvableskills to register it's stuff.
[30Jul2025 23:53:34.778] [modloading-worker-0/INFO] [HammerLib/]: Hooked Lorg/zeith/improvableskills/init/GuiHooksIS; from improvableskills to register it's stuff.
[30Jul2025 23:53:34.779] [modloading-worker-0/INFO] [HammerLib/]: Hooked Lorg/zeith/improvableskills/init/AbilitiesIS; from improvableskills to register it's stuff.
[30Jul2025 23:53:34.780] [modloading-worker-0/INFO] [HammerLib/]: Injecting config setup into class org.zeith.improvableskills.cfg.ConfigsIS
[30Jul2025 23:53:34.886] [modloading-worker-0/DEBUG] [net.minecraftforge.fml.config.ConfigTracker/CONFIG]: Config file tombstone-client.toml for tombstone tracking
[30Jul2025 23:53:34.886] [modloading-worker-0/DEBUG] [net.minecraftforge.fml.config.ConfigTracker/CONFIG]: Config file tombstone-common.toml for tombstone tracking
[30Jul2025 23:53:34.958] [modloading-worker-0/DEBUG] [net.minecraftforge.fml.javafmlmod.AutomaticEventSubscriber/LOADING]: Attempting to inject @EventBusSubscriber classes into the eventbus for hammerlib
[30Jul2025 23:53:34.958] [modloading-worker-0/DEBUG] [net.minecraftforge.fml.javafmlmod.AutomaticEventSubscriber/LOADING]: Auto-subscribing org.zeith.hammerlib.event.listeners.TagsUpdateListener to FORGE
[30Jul2025 23:53:34.964] [modloading-worker-0/DEBUG] [net.minecraftforge.fml.config.ConfigTracker/CONFIG]: Config file tombstone-server.toml for tombstone tracking
[30Jul2025 23:53:34.984] [modloading-worker-0/DEBUG] [net.minecraftforge.fml.javafmlmod.AutomaticEventSubscriber/LOADING]: Attempting to inject @EventBusSubscriber classes into the eventbus for tombstone
[30Jul2025 23:53:34.984] [modloading-worker-0/DEBUG] [net.minecraftforge.fml.javafmlmod.AutomaticEventSubscriber/LOADING]: Auto-subscribing ovh.corail.tombstone.registry.Registration to MOD
[30Jul2025 23:53:34.986] [modloading-worker-0/DEBUG] [net.minecraftforge.fml.javafmlmod.AutomaticEventSubscriber/LOADING]: Auto-subscribing ovh.corail.tombstone.perk.PerkRegistry to MOD
[30Jul2025 23:53:34.987] [modloading-worker-0/DEBUG] [net.minecraftforge.fml.javafmlmod.AutomaticEventSubscriber/LOADING]: Auto-subscribing ovh.corail.tombstone.helper.LootHelper to FORGE
[30Jul2025 23:53:34.990] [modloading-worker-0/DEBUG] [net.minecraftforge.fml.javafmlmod.AutomaticEventSubscriber/LOADING]: Auto-subscribing org.zeith.hammerlib.event.listeners.ServerListener to FORGE
[30Jul2025 23:53:34.993] [modloading-worker-0/DEBUG] [net.minecraftforge.fml.javafmlmod.AutomaticEventSubscriber/LOADING]: Auto-subscribing org.zeith.hammerlib.core.recipes.replacers.RemainingReplacerRegistrar to MOD
[30Jul2025 23:53:34.998] [modloading-worker-0/DEBUG] [net.minecraftforge.fml.javafmlmod.AutomaticEventSubscriber/LOADING]: Auto-subscribing org.zeith.hammerlib.core.adapter.WrenchAdapter to FORGE
[30Jul2025 23:53:35.002] [modloading-worker-0/DEBUG] [net.minecraftforge.fml.javafmlmod.AutomaticEventSubscriber/LOADING]: Auto-subscribing org.zeith.hammerlib.core.adapter.CreativeTabAdapter to MOD
[30Jul2025 23:53:35.002] [modloading-worker-0/DEBUG] [net.minecraftforge.fml.javafmlmod.AutomaticEventSubscriber/LOADING]: Auto-subscribing org.zeith.hammerlib.core.adapter.ConfigAdapter to FORGE
[30Jul2025 23:53:35.009] [modloading-worker-0/DEBUG] [net.minecraftforge.fml.javafmlmod.AutomaticEventSubscriber/LOADING]: Auto-subscribing org.zeith.hammerlib.core.RegistriesHL to MOD
[30Jul2025 23:53:35.010] [modloading-worker-0/DEBUG] [net.minecraftforge.fml.javafmlmod.AutomaticEventSubscriber/LOADING]: Auto-subscribing org.zeith.hammerlib.client.adapter.ResourcePackAdapter to MOD
[30Jul2025 23:53:35.031] [modloading-worker-0/DEBUG] [net.minecraftforge.fml.javafmlmod.AutomaticEventSubscriber/LOADING]: Auto-subscribing org.zeith.hammerlib.client.CustomFoilConfigs to MOD
[30Jul2025 23:53:35.037] [modloading-worker-0/DEBUG] [net.minecraftforge.fml.javafmlmod.AutomaticEventSubscriber/LOADING]: Auto-subscribing org.zeith.hammerlib.abstractions.actions.WorldSavedActions to FORGE
[30Jul2025 23:53:35.079] [modloading-worker-0/DEBUG] [net.minecraftforge.fml.javafmlmod.AutomaticEventSubscriber/LOADING]: Auto-subscribing ovh.corail.tombstone.event.EventHandler to FORGE
[30Jul2025 23:53:35.171] [modloading-worker-0/DEBUG] [net.minecraftforge.fml.javafmlmod.AutomaticEventSubscriber/LOADING]: Auto-subscribing ovh.corail.tombstone.config.ConfigTombstone$ConfigEvent to MOD
[30Jul2025 23:53:35.198] [modloading-worker-0/DEBUG] [net.minecraftforge.fml.config.ConfigTracker/CONFIG]: Config file sandwormmod-common.toml for sandworm_mod tracking
[30Jul2025 23:53:35.199] [modloading-worker-0/DEBUG] [net.minecraftforge.fml.javafmlmod.AutomaticEventSubscriber/LOADING]: Attempting to inject @EventBusSubscriber classes into the eventbus for sandworm_mod
[30Jul2025 23:53:35.201] [modloading-worker-0/DEBUG] [net.minecraftforge.fml.javafmlmod.AutomaticEventSubscriber/LOADING]: Auto-subscribing net.jelly.sandworm_mod.event.WormSignHandler to FORGE
[30Jul2025 23:53:35.206] [modloading-worker-0/DEBUG] [net.minecraftforge.fml.javafmlmod.AutomaticEventSubscriber/LOADING]: Auto-subscribing net.jelly.sandworm_mod.event.ModEventBusEvents to MOD
[30Jul2025 23:53:35.207] [modloading-worker-0/DEBUG] [net.minecraftforge.fml.javafmlmod.AutomaticEventSubscriber/LOADING]: Auto-subscribing net.jelly.sandworm_mod.event.ForgeEventHandler to FORGE
[30Jul2025 23:53:35.222] [modloading-worker-0/DEBUG] [net.minecraftforge.fml.javafmlmod.AutomaticEventSubscriber/LOADING]: Auto-subscribing net.jelly.sandworm_mod.datagen.ModDataGenHandler to MOD
[30Jul2025 23:53:35.235] [modloading-worker-0/DEBUG] [net.minecraftforge.fml.config.ConfigTracker/CONFIG]: Config file alexsmobs.toml for alexsmobs tracking
[30Jul2025 23:53:35.236] [modloading-worker-0/DEBUG] [net.minecraftforge.fml.config.ConfigTracker/CONFIG]: Config file sophisticatedbackpacks-server.toml for sophisticatedbackpacks tracking
[30Jul2025 23:53:35.240] [modloading-worker-0/DEBUG] [net.minecraftforge.fml.config.ConfigTracker/CONFIG]: Config file sophisticatedbackpacks-common.toml for sophisticatedbackpacks tracking
[30Jul2025 23:53:35.294] [modloading-worker-0/DEBUG] [net.minecraftforge.fml.javafmlmod.AutomaticEventSubscriber/LOADING]: Attempting to inject @EventBusSubscriber classes into the eventbus for alexsmobs
[30Jul2025 23:53:35.296] [modloading-worker-0/DEBUG] [net.minecraftforge.fml.javafmlmod.AutomaticEventSubscriber/LOADING]: Auto-subscribing com.github.alexthe666.alexsmobs.world.AMWorldRegistry to MOD
[30Jul2025 23:53:35.300] [modloading-worker-0/DEBUG] [net.minecraftforge.fml.javafmlmod.AutomaticEventSubscriber/LOADING]: Auto-subscribing com.github.alexthe666.alexsmobs.tileentity.AMTileEntityRegistry to MOD
[30Jul2025 23:53:35.300] [modloading-worker-0/DEBUG] [net.minecraftforge.fml.javafmlmod.AutomaticEventSubscriber/LOADING]: Auto-subscribing com.github.alexthe666.alexsmobs.event.ServerEvents to FORGE
[30Jul2025 23:53:35.302] [modloading-worker-0/DEBUG] [net.minecraftforge.fml.javafmlmod.AutomaticEventSubscriber/LOADING]: Auto-subscribing com.github.alexthe666.alexsmobs.entity.AMEntityRegistry to MOD
[30Jul2025 23:53:35.305] [modloading-worker-0/DEBUG] [net.minecraftforge.fml.javafmlmod.AutomaticEventSubscriber/LOADING]: Auto-subscribing com.github.alexthe666.alexsmobs.CommonProxy to MOD
[30Jul2025 23:53:35.306] [modloading-worker-0/DEBUG] [net.minecraftforge.fml.javafmlmod.AutomaticEventSubscriber/LOADING]: Auto-subscribing com.github.alexthe666.alexsmobs.AlexsMobs to FORGE
[30Jul2025 23:53:35.359] [modloading-worker-0/DEBUG] [net.minecraftforge.fml.javafmlmod.AutomaticEventSubscriber/LOADING]: Attempting to inject @EventBusSubscriber classes into the eventbus for architectury
[30Jul2025 23:53:35.359] [modloading-worker-0/DEBUG] [net.minecraftforge.fml.javafmlmod.AutomaticEventSubscriber/LOADING]: Auto-subscribing dev.architectury.networking.forge.NetworkManagerImpl to FORGE
[30Jul2025 23:53:35.360] [modloading-worker-0/DEBUG] [net.minecraftforge.fml.javafmlmod.AutomaticEventSubscriber/LOADING]: Auto-subscribing dev.architectury.registry.forge.ReloadListenerRegistryImpl to FORGE
[30Jul2025 23:53:35.367] [modloading-worker-0/DEBUG] [net.minecraftforge.fml.javafmlmod.AutomaticEventSubscriber/LOADING]: Auto-subscribing dev.architectury.registry.level.entity.trade.forge.TradeRegistryImpl to FORGE
[30Jul2025 23:53:35.387] [modloading-worker-0/DEBUG] [net.minecraftforge.fml.javafmlmod.AutomaticEventSubscriber/LOADING]: Attempting to inject @EventBusSubscriber classes into the eventbus for octolib
[30Jul2025 23:53:35.408] [modloading-worker-0/DEBUG] [net.minecraftforge.fml.config.ConfigTracker/CONFIG]: Config file iceandfire-client.toml for iceandfire tracking
[30Jul2025 23:53:35.411] [modloading-worker-0/DEBUG] [net.minecraftforge.fml.config.ConfigTracker/CONFIG]: Config file iceandfire-common.toml for iceandfire tracking
[30Jul2025 23:53:35.430] [modloading-worker-0/DEBUG] [net.minecraftforge.fml.javafmlmod.AutomaticEventSubscriber/LOADING]: Attempting to inject @EventBusSubscriber classes into the eventbus for relics
[30Jul2025 23:53:35.432] [modloading-worker-0/DEBUG] [net.minecraftforge.fml.javafmlmod.AutomaticEventSubscriber/LOADING]: Auto-subscribing it.hurts.sskirillss.relics.network.NetworkHandler to MOD
[30Jul2025 23:53:35.433] [modloading-worker-0/DEBUG] [net.minecraftforge.fml.javafmlmod.AutomaticEventSubscriber/LOADING]: Auto-subscribing it.hurts.sskirillss.relics.items.relics.ring.ChorusInhibitorItem$Events to FORGE
[30Jul2025 23:53:35.438] [modloading-worker-0/DEBUG] [net.minecraftforge.fml.javafmlmod.AutomaticEventSubscriber/LOADING]: Auto-subscribing it.hurts.sskirillss.relics.items.relics.ring.BastionRingItem$Events to FORGE
[30Jul2025 23:53:35.441] [modloading-worker-0/DEBUG] [net.minecraftforge.fml.javafmlmod.AutomaticEventSubscriber/LOADING]: Auto-subscribing it.hurts.sskirillss.relics.items.relics.necklace.ReflectionNecklaceItem$ReflectionNecklaceServerEvents to FORGE
[30Jul2025 23:53:35.442] [modloading-worker-0/DEBUG] [net.minecraftforge.fml.javafmlmod.AutomaticEventSubscriber/LOADING]: Auto-subscribing it.hurts.sskirillss.relics.items.relics.necklace.HolyLocketItem$Events to FORGE
[30Jul2025 23:53:35.445] [modloading-worker-0/DEBUG] [net.minecraftforge.fml.javafmlmod.AutomaticEventSubscriber/LOADING]: Auto-subscribing it.hurts.sskirillss.relics.items.relics.hands.WoolMittenItem$Events to FORGE
[30Jul2025 23:53:35.452] [modloading-worker-0/DEBUG] [net.minecraftforge.fml.javafmlmod.AutomaticEventSubscriber/LOADING]: Auto-subscribing it.hurts.sskirillss.relics.items.relics.hands.RageGloveItem$Events to FORGE
[30Jul2025 23:53:35.453] [modloading-worker-0/DEBUG] [net.minecraftforge.fml.javafmlmod.AutomaticEventSubscriber/LOADING]: Auto-subscribing it.hurts.sskirillss.relics.items.relics.feet.RollerSkatesItem$Events to FORGE
[30Jul2025 23:53:35.457] [modloading-worker-0/DEBUG] [net.minecraftforge.fml.javafmlmod.AutomaticEventSubscriber/LOADING]: Auto-subscribing it.hurts.sskirillss.relics.items.relics.feet.MagmaWalkerItem to FORGE
[30Jul2025 23:53:35.478] [modloading-worker-0/DEBUG] [net.minecraftforge.fml.javafmlmod.AutomaticEventSubscriber/LOADING]: Attempting to inject @EventBusSubscriber classes into the eventbus for sophisticatedbackpacks
[30Jul2025 23:53:35.482] [modloading-worker-0/DEBUG] [net.minecraftforge.fml.javafmlmod.AutomaticEventSubscriber/LOADING]: Auto-subscribing it.hurts.sskirillss.relics.items.relics.feet.IceBreakerItem$Events to FORGE
[30Jul2025 23:53:35.483] [modloading-worker-0/DEBUG] [net.minecraftforge.fml.javafmlmod.AutomaticEventSubscriber/LOADING]: Auto-subscribing it.hurts.sskirillss.relics.items.relics.feet.AquaWalkerItem to FORGE
[30Jul2025 23:53:35.484] [modloading-worker-0/DEBUG] [net.minecraftforge.fml.javafmlmod.AutomaticEventSubscriber/LOADING]: Auto-subscribing it.hurts.sskirillss.relics.items.relics.feet.AmphibianBootItem$Events to FORGE
[30Jul2025 23:53:35.484] [modloading-worker-0/DEBUG] [net.minecraftforge.fml.config.ConfigTracker/CONFIG]: Config file dragonseeker-common.toml for dragonseeker tracking
[30Jul2025 23:53:35.488] [modloading-worker-0/DEBUG] [net.minecraftforge.fml.javafmlmod.AutomaticEventSubscriber/LOADING]: Auto-subscribing it.hurts.sskirillss.relics.items.relics.charm.SporeSackItem$Events to FORGE
[30Jul2025 23:53:35.490] [modloading-worker-0/DEBUG] [net.minecraftforge.fml.javafmlmod.AutomaticEventSubscriber/LOADING]: Auto-subscribing it.hurts.sskirillss.relics.items.relics.belt.LeatherBeltItem to FORGE
[30Jul2025 23:53:35.491] [modloading-worker-0/DEBUG] [net.minecraftforge.fml.javafmlmod.AutomaticEventSubscriber/LOADING]: Auto-subscribing it.hurts.sskirillss.relics.items.relics.belt.HunterBeltItem$HunterBeltEvents to FORGE
[30Jul2025 23:53:35.494] [modloading-worker-0/DEBUG] [net.minecraftforge.fml.javafmlmod.AutomaticEventSubscriber/LOADING]: Auto-subscribing it.hurts.sskirillss.relics.items.relics.belt.DrownedBeltItem$Events to FORGE
[30Jul2025 23:53:35.495] [modloading-worker-0/DEBUG] [net.minecraftforge.fml.javafmlmod.AutomaticEventSubscriber/LOADING]: Auto-subscribing it.hurts.sskirillss.relics.items.relics.back.MidnightRobeItem$ServerEvents to FORGE
[30Jul2025 23:53:35.495] [modloading-worker-0/DEBUG] [net.minecraftforge.fml.javafmlmod.AutomaticEventSubscriber/LOADING]: Attempting to inject @EventBusSubscriber classes into the eventbus for dragonseeker
[30Jul2025 23:53:35.498] [modloading-worker-0/DEBUG] [net.minecraftforge.fml.javafmlmod.AutomaticEventSubscriber/LOADING]: Auto-subscribing syric.dragonseeker.registry.DSItems to MOD
[30Jul2025 23:53:35.499] [modloading-worker-0/DEBUG] [net.minecraftforge.fml.javafmlmod.AutomaticEventSubscriber/LOADING]: Auto-subscribing it.hurts.sskirillss.relics.items.relics.back.ElytraBoosterItem to FORGE
[30Jul2025 23:53:35.499] [modloading-worker-0/DEBUG] [net.minecraftforge.fml.javafmlmod.AutomaticEventSubscriber/LOADING]: Auto-subscribing it.hurts.sskirillss.relics.items.relics.back.ArrowQuiverItem$Events to FORGE
[30Jul2025 23:53:35.505] [modloading-worker-0/DEBUG] [net.minecraftforge.fml.javafmlmod.AutomaticEventSubscriber/LOADING]: Auto-subscribing it.hurts.sskirillss.relics.items.relics.SpatialSignItem$Events to FORGE
[30Jul2025 23:53:35.509] [modloading-worker-0/DEBUG] [net.minecraftforge.fml.javafmlmod.AutomaticEventSubscriber/LOADING]: Auto-subscribing it.hurts.sskirillss.relics.items.relics.MagicMirrorItem$ServerEvents to FORGE
[30Jul2025 23:53:35.510] [modloading-worker-0/DEBUG] [net.minecraftforge.fml.javafmlmod.AutomaticEventSubscriber/LOADING]: Auto-subscribing it.hurts.sskirillss.relics.items.relics.InfinityHamItem$Events to FORGE
[30Jul2025 23:53:35.511] [modloading-worker-0/DEBUG] [net.minecraftforge.fml.javafmlmod.AutomaticEventSubscriber/LOADING]: Auto-subscribing it.hurts.sskirillss.relics.init.CommandRegistry to FORGE
[30Jul2025 23:53:35.511] [modloading-worker-0/DEBUG] [net.minecraftforge.fml.javafmlmod.AutomaticEventSubscriber/LOADING]: Auto-subscribing it.hurts.sskirillss.relics.init.CapabilityRegistry to FORGE
[30Jul2025 23:53:35.516] [modloading-worker-0/DEBUG] [net.minecraftforge.fml.javafmlmod.AutomaticEventSubscriber/LOADING]: Auto-subscribing it.hurts.sskirillss.relics.entities.ArrowRainEntity$Events to FORGE
[30Jul2025 23:53:35.517] [modloading-worker-0/DEBUG] [net.minecraftforge.fml.javafmlmod.AutomaticEventSubscriber/LOADING]: Auto-subscribing it.hurts.sskirillss.relics.effects.BleedingEffect$Events to FORGE
[30Jul2025 23:53:35.520] [modloading-worker-0/DEBUG] [net.minecraftforge.fml.javafmlmod.AutomaticEventSubscriber/LOADING]: Auto-subscribing it.hurts.sskirillss.relics.effects.AntiHealEffect$Events to FORGE
[30Jul2025 23:53:35.521] [modloading-worker-0/DEBUG] [net.minecraftforge.fml.javafmlmod.AutomaticEventSubscriber/LOADING]: Auto-subscribing it.hurts.sskirillss.relics.capability.handlers.SyncHandler to FORGE
[30Jul2025 23:53:35.542] [modloading-worker-0/DEBUG] [net.minecraftforge.fml.config.ConfigTracker/CONFIG]: Config file balm-client.toml for balm tracking
[30Jul2025 23:53:35.556] [modloading-worker-0/DEBUG] [Carry On/]: Loaded tschipp.carryon.platform.ForgePlatformHelper@17abc001 for service interface tschipp.carryon.platform.services.IPlatformHelper
[30Jul2025 23:53:35.557] [modloading-worker-0/DEBUG] [Carry On/]: Loaded tschipp.carryon.platform.ForgeGamestagesHelper@5940d944 for service interface tschipp.carryon.platform.services.IGamestagePlatformHelper
[30Jul2025 23:53:35.570] [modloading-worker-0/DEBUG] [net.minecraftforge.fml.config.ConfigTracker/CONFIG]: Config file balm-common.toml for balm tracking
[30Jul2025 23:53:35.574] [modloading-worker-0/DEBUG] [net.minecraftforge.fml.config.ConfigTracker/CONFIG]: Config file carryon-client.toml for carryon tracking
[30Jul2025 23:53:35.575] [modloading-worker-0/DEBUG] [net.minecraftforge.fml.config.ConfigTracker/CONFIG]: Config file carryon-common.toml for carryon tracking
[30Jul2025 23:53:35.575] [modloading-worker-0/DEBUG] [net.minecraftforge.fml.javafmlmod.AutomaticEventSubscriber/LOADING]: Attempting to inject @EventBusSubscriber classes into the eventbus for carryon
[30Jul2025 23:53:35.577] [modloading-worker-0/DEBUG] [net.minecraftforge.fml.javafmlmod.AutomaticEventSubscriber/LOADING]: Auto-subscribing tschipp.carryon.CarryOnForge to MOD
[30Jul2025 23:53:35.577] [modloading-worker-0/DEBUG] [net.minecraftforge.fml.javafmlmod.AutomaticEventSubscriber/LOADING]: Auto-subscribing tschipp.carryon.events.CommonEvents to FORGE
[30Jul2025 23:53:35.580] [modloading-worker-0/DEBUG] [net.minecraftforge.fml.javafmlmod.AutomaticEventSubscriber/LOADING]: Attempting to inject @EventBusSubscriber classes into the eventbus for balm
[30Jul2025 23:53:35.589] [modloading-worker-0/DEBUG] [net.minecraftforge.fml.javafmlmod.AutomaticEventSubscriber/LOADING]: Auto-subscribing tschipp.carryon.events.ModBusEvents to MOD
[30Jul2025 23:53:35.598] [modloading-worker-0/DEBUG] [Framework/]: Loaded com.mrcrayfish.framework.platform.ForgePlatformHelper@78b3191a for service interface com.mrcrayfish.framework.platform.services.IPlatformHelper
[30Jul2025 23:53:35.599] [modloading-worker-0/DEBUG] [Framework/]: Loaded com.mrcrayfish.framework.platform.ForgeNetworkHelper@46302af for service interface com.mrcrayfish.framework.platform.services.INetworkHelper
[30Jul2025 23:53:35.600] [modloading-worker-0/DEBUG] [Framework/]: Loaded com.mrcrayfish.framework.platform.ForgeRegistrationHelper@4dc39522 for service interface com.mrcrayfish.framework.platform.services.IRegistrationHelper
[30Jul2025 23:53:35.601] [modloading-worker-0/DEBUG] [Framework/]: Loaded com.mrcrayfish.framework.platform.ForgeEntityHelper@7e5be1d0 for service interface com.mrcrayfish.framework.platform.services.IEntityHelper
[30Jul2025 23:53:35.602] [modloading-worker-0/DEBUG] [Framework/]: Loaded com.mrcrayfish.framework.platform.ForgeItemHelper@3168d5fe for service interface com.mrcrayfish.framework.platform.services.IItemHelper
[30Jul2025 23:53:35.603] [modloading-worker-0/DEBUG] [Framework/]: Loaded com.mrcrayfish.framework.platform.ForgeConfigHelper@d7678f1 for service interface com.mrcrayfish.framework.platform.services.IConfigHelper
[30Jul2025 23:53:35.609] [modloading-worker-0/DEBUG] [net.minecraftforge.fml.config.ConfigTracker/CONFIG]: Config file lodestone-client.toml for lodestone tracking
[30Jul2025 23:53:35.636] [modloading-worker-0/DEBUG] [net.minecraftforge.fml.javafmlmod.AutomaticEventSubscriber/LOADING]: Attempting to inject @EventBusSubscriber classes into the eventbus for lodestone
[30Jul2025 23:53:35.636] [modloading-worker-0/DEBUG] [net.minecraftforge.fml.javafmlmod.AutomaticEventSubscriber/LOADING]: Auto-subscribing team.lodestar.lodestone.registry.common.LodestonePlacementFillerRegistry to MOD
[30Jul2025 23:53:35.639] [modloading-worker-0/DEBUG] [net.minecraftforge.fml.javafmlmod.AutomaticEventSubscriber/LOADING]: Auto-subscribing team.lodestar.lodestone.registry.common.LodestonePacketRegistry to MOD
[30Jul2025 23:53:35.641] [modloading-worker-0/DEBUG] [net.minecraftforge.fml.javafmlmod.AutomaticEventSubscriber/LOADING]: Auto-subscribing team.lodestar.lodestone.registry.common.LodestoneCommandRegistry to FORGE
[30Jul2025 23:53:35.650] [modloading-worker-0/DEBUG] [net.minecraftforge.fml.javafmlmod.AutomaticEventSubscriber/LOADING]: Auto-subscribing team.lodestar.lodestone.registry.common.LodestoneAttributeRegistry to MOD
[30Jul2025 23:53:35.654] [modloading-worker-0/DEBUG] [net.minecraftforge.fml.javafmlmod.AutomaticEventSubscriber/LOADING]: Auto-subscribing team.lodestar.lodestone.events.SetupEvents to MOD
[30Jul2025 23:53:35.658] [modloading-worker-0/DEBUG] [net.minecraftforge.fml.javafmlmod.AutomaticEventSubscriber/LOADING]: Auto-subscribing team.lodestar.lodestone.events.RuntimeEvents to FORGE
[30Jul2025 23:53:35.674] [modloading-worker-0/DEBUG] [net.minecraftforge.fml.javafmlmod.AutomaticEventSubscriber/LOADING]: Attempting to inject @EventBusSubscriber classes into the eventbus for framework
[30Jul2025 23:53:35.674] [modloading-worker-0/DEBUG] [net.minecraftforge.fml.javafmlmod.AutomaticEventSubscriber/LOADING]: Auto-subscribing com.mrcrayfish.framework.entity.sync.ForgeSyncedEntityDataHandler to FORGE
[30Jul2025 23:53:35.691] [modloading-worker-0/DEBUG] [net.minecraftforge.versions.forge.ForgeVersion/CORE]: Forge Version package package net.minecraftforge.versions.forge, Forge, version 47.3 from cpw.mods.modlauncher.TransformingClassLoader@4a6c0f38
[30Jul2025 23:53:35.692] [modloading-worker-0/DEBUG] [net.minecraftforge.versions.forge.ForgeVersion/CORE]: Found Forge version 47.3.7
[30Jul2025 23:53:35.692] [modloading-worker-0/DEBUG] [net.minecraftforge.versions.forge.ForgeVersion/CORE]: Found Forge spec 47.3
[30Jul2025 23:53:35.692] [modloading-worker-0/DEBUG] [net.minecraftforge.versions.forge.ForgeVersion/CORE]: Found Forge group net.minecraftforge
[30Jul2025 23:53:35.696] [modloading-worker-0/DEBUG] [net.minecraftforge.versions.mcp.MCPVersion/CORE]: MCP Version package package net.minecraftforge.versions.mcp, Minecraft, version 1.20.1 from cpw.mods.modlauncher.TransformingClassLoader@4a6c0f38
[30Jul2025 23:53:35.696] [modloading-worker-0/DEBUG] [net.minecraftforge.versions.mcp.MCPVersion/CORE]: Found MC version information 1.20.1
[30Jul2025 23:53:35.696] [modloading-worker-0/DEBUG] [net.minecraftforge.versions.mcp.MCPVersion/CORE]: Found MCP version information 20230612.114412
[30Jul2025 23:53:35.696] [modloading-worker-0/INFO] [net.minecraftforge.common.ForgeMod/FORGEMOD]: Forge mod loading, version 47.3.7, for MC 1.20.1 with MCP 20230612.114412
[30Jul2025 23:53:35.696] [modloading-worker-0/INFO] [net.minecraftforge.common.MinecraftForge/FORGE]: MinecraftForge v47.3.7 Initialized
[30Jul2025 23:53:35.742] [modloading-worker-0/DEBUG] [net.minecraftforge.fml.config.ConfigTracker/CONFIG]: Config file firstaid-server.toml for firstaid tracking
[30Jul2025 23:53:35.742] [modloading-worker-0/DEBUG] [net.minecraftforge.fml.config.ConfigTracker/CONFIG]: Config file firstaid-common.toml for firstaid tracking
[30Jul2025 23:53:35.742] [modloading-worker-0/DEBUG] [net.minecraftforge.fml.config.ConfigTracker/CONFIG]: Config file firstaid-client.toml for firstaid tracking
[30Jul2025 23:53:35.743] [modloading-worker-0/DEBUG] [net.minecraftforge.fml.javafmlmod.AutomaticEventSubscriber/LOADING]: Attempting to inject @EventBusSubscriber classes into the eventbus for firstaid
[30Jul2025 23:53:35.747] [modloading-worker-0/DEBUG] [net.minecraftforge.fml.config.ConfigTracker/CONFIG]: Config file appleskin-client.toml for appleskin tracking
[30Jul2025 23:53:35.751] [modloading-worker-0/DEBUG] [net.minecraftforge.fml.javafmlmod.AutomaticEventSubscriber/LOADING]: Attempting to inject @EventBusSubscriber classes into the eventbus for alexscaves
[30Jul2025 23:53:35.754] [modloading-worker-0/DEBUG] [net.minecraftforge.fml.javafmlmod.AutomaticEventSubscriber/LOADING]: Auto-subscribing com.github.alexmodguy.alexscaves.server.entity.ACEntityRegistry to MOD
[30Jul2025 23:53:35.761] [modloading-worker-0/DEBUG] [net.minecraftforge.fml.javafmlmod.AutomaticEventSubscriber/LOADING]: Attempting to inject @EventBusSubscriber classes into the eventbus for appleskin
[30Jul2025 23:53:35.773] [modloading-worker-0/DEBUG] [net.minecraftforge.fml.javafmlmod.AutomaticEventSubscriber/LOADING]: Attempting to inject @EventBusSubscriber classes into the eventbus for alexs_mobs_extra_music
[30Jul2025 23:53:35.784] [modloading-worker-0/DEBUG] [net.minecraftforge.fml.config.ConfigTracker/CONFIG]: Config file twilightforest-common.toml for twilightforest tracking
[30Jul2025 23:53:35.785] [modloading-worker-0/DEBUG] [io.netty.util.internal.PlatformDependent0/]: -Dio.netty.noUnsafe: false
[30Jul2025 23:53:35.787] [modloading-worker-0/DEBUG] [io.netty.util.internal.PlatformDependent0/]: Java version: 17
[30Jul2025 23:53:35.788] [modloading-worker-0/DEBUG] [io.netty.util.internal.PlatformDependent0/]: sun.misc.Unsafe.theUnsafe: available
[30Jul2025 23:53:35.789] [modloading-worker-0/DEBUG] [net.minecraftforge.fml.config.ConfigTracker/CONFIG]: Config file twilightforest-client.toml for twilightforest tracking
[30Jul2025 23:53:35.791] [modloading-worker-0/DEBUG] [io.netty.util.internal.PlatformDependent0/]: sun.misc.Unsafe.copyMemory: available
[30Jul2025 23:53:35.792] [modloading-worker-0/DEBUG] [io.netty.util.internal.PlatformDependent0/]: sun.misc.Unsafe.storeFence: available
[30Jul2025 23:53:35.792] [modloading-worker-0/DEBUG] [io.netty.util.internal.PlatformDependent0/]: java.nio.Buffer.address: available
[30Jul2025 23:53:35.792] [modloading-worker-0/DEBUG] [io.netty.util.internal.PlatformDependent0/]: direct buffer constructor: unavailable
java.lang.UnsupportedOperationException: Reflective setAccessible(true) disabled
	at io.netty.util.internal.ReflectionUtil.trySetAccessible(ReflectionUtil.java:31) ~[netty-common-4.1.82.Final.jar%2382!/:4.1.82.Final]
	at io.netty.util.internal.PlatformDependent0$5.run(PlatformDependent0.java:288) ~[netty-common-4.1.82.Final.jar%2382!/:4.1.82.Final]
	at java.security.AccessController.doPrivileged(AccessController.java:318) ~[?:?]
	at io.netty.util.internal.PlatformDependent0.<clinit>(PlatformDependent0.java:282) ~[netty-common-4.1.82.Final.jar%2382!/:4.1.82.Final]
	at io.netty.util.internal.PlatformDependent.isAndroid(PlatformDependent.java:333) ~[netty-common-4.1.82.Final.jar%2382!/:4.1.82.Final]
	at io.netty.util.internal.PlatformDependent.<clinit>(PlatformDependent.java:88) ~[netty-common-4.1.82.Final.jar%2382!/:4.1.82.Final]
	at io.netty.util.ConstantPool.<init>(ConstantPool.java:34) ~[netty-common-4.1.82.Final.jar%2382!/:4.1.82.Final]
	at io.netty.util.AttributeKey$1.<init>(AttributeKey.java:27) ~[netty-common-4.1.82.Final.jar%2382!/:4.1.82.Final]
	at io.netty.util.AttributeKey.<clinit>(AttributeKey.java:27) ~[netty-common-4.1.82.Final.jar%2382!/:4.1.82.Final]
	at net.minecraftforge.network.NetworkConstants.<clinit>(NetworkConstants.java:34) ~[forge-1.20.1-47.3.7-universal.jar%23184!/:?]
	at net.minecraftforge.common.ForgeMod.<init>(ForgeMod.java:429) ~[forge-1.20.1-47.3.7-universal.jar%23184!/:?]
	at jdk.internal.reflect.NativeConstructorAccessorImpl.newInstance0(Native Method) ~[?:?]
	at jdk.internal.reflect.NativeConstructorAccessorImpl.newInstance(NativeConstructorAccessorImpl.java:77) ~[?:?]
	at jdk.internal.reflect.DelegatingConstructorAccessorImpl.newInstance(DelegatingConstructorAccessorImpl.java:45) ~[?:?]
	at java.lang.reflect.Constructor.newInstanceWithCaller(Constructor.java:500) ~[?:?]
	at java.lang.reflect.Constructor.newInstance(Constructor.java:481) ~[?:?]
	at net.minecraftforge.fml.javafmlmod.FMLModContainer.constructMod(FMLModContainer.java:70) ~[javafmllanguage-1.20.1-47.3.7.jar%23181!/:?]
	at net.minecraftforge.fml.ModContainer.lambda$buildTransitionHandler$4(ModContainer.java:124) ~[fmlcore-1.20.1-47.3.7.jar%23180!/:?]
	at java.util.concurrent.CompletableFuture$AsyncRun.run(CompletableFuture.java:1804) ~[?:?]
	at java.util.concurrent.CompletableFuture$AsyncRun.exec(CompletableFuture.java:1796) ~[?:?]
	at java.util.concurrent.ForkJoinTask.doExec(ForkJoinTask.java:373) ~[?:?]
	at java.util.concurrent.ForkJoinPool$WorkQueue.topLevelExec(ForkJoinPool.java:1182) ~[?:?]
	at java.util.concurrent.ForkJoinPool.scan(ForkJoinPool.java:1655) ~[?:?]
	at java.util.concurrent.ForkJoinPool.runWorker(ForkJoinPool.java:1622) ~[?:?]
	at java.util.concurrent.ForkJoinWorkerThread.run(ForkJoinWorkerThread.java:165) ~[?:?]
[30Jul2025 23:53:35.794] [modloading-worker-0/DEBUG] [io.netty.util.internal.PlatformDependent0/]: java.nio.Bits.unaligned: available, true
[30Jul2025 23:53:35.795] [modloading-worker-0/DEBUG] [io.netty.util.internal.PlatformDependent0/]: jdk.internal.misc.Unsafe.allocateUninitializedArray(int): unavailable
java.lang.IllegalAccessException: class io.netty.util.internal.PlatformDependent0$7 (in module io.netty.common) cannot access class jdk.internal.misc.Unsafe (in module java.base) because module java.base does not export jdk.internal.misc to module io.netty.common
	at jdk.internal.reflect.Reflection.newIllegalAccessException(Reflection.java:392) ~[?:?]
	at java.lang.reflect.AccessibleObject.checkAccess(AccessibleObject.java:674) ~[?:?]
	at java.lang.reflect.Method.invoke(Method.java:561) ~[?:?]
	at io.netty.util.internal.PlatformDependent0$7.run(PlatformDependent0.java:410) ~[netty-common-4.1.82.Final.jar%2382!/:4.1.82.Final]
	at java.security.AccessController.doPrivileged(AccessController.java:318) ~[?:?]
	at io.netty.util.internal.PlatformDependent0.<clinit>(PlatformDependent0.java:401) ~[netty-common-4.1.82.Final.jar%2382!/:4.1.82.Final]
	at io.netty.util.internal.PlatformDependent.isAndroid(PlatformDependent.java:333) ~[netty-common-4.1.82.Final.jar%2382!/:4.1.82.Final]
	at io.netty.util.internal.PlatformDependent.<clinit>(PlatformDependent.java:88) ~[netty-common-4.1.82.Final.jar%2382!/:4.1.82.Final]
	at io.netty.util.ConstantPool.<init>(ConstantPool.java:34) ~[netty-common-4.1.82.Final.jar%2382!/:4.1.82.Final]
	at io.netty.util.AttributeKey$1.<init>(AttributeKey.java:27) ~[netty-common-4.1.82.Final.jar%2382!/:4.1.82.Final]
	at io.netty.util.AttributeKey.<clinit>(AttributeKey.java:27) ~[netty-common-4.1.82.Final.jar%2382!/:4.1.82.Final]
	at net.minecraftforge.network.NetworkConstants.<clinit>(NetworkConstants.java:34) ~[forge-1.20.1-47.3.7-universal.jar%23184!/:?]
	at net.minecraftforge.common.ForgeMod.<init>(ForgeMod.java:429) ~[forge-1.20.1-47.3.7-universal.jar%23184!/:?]
	at jdk.internal.reflect.NativeConstructorAccessorImpl.newInstance0(Native Method) ~[?:?]
	at jdk.internal.reflect.NativeConstructorAccessorImpl.newInstance(NativeConstructorAccessorImpl.java:77) ~[?:?]
	at jdk.internal.reflect.DelegatingConstructorAccessorImpl.newInstance(DelegatingConstructorAccessorImpl.java:45) ~[?:?]
	at java.lang.reflect.Constructor.newInstanceWithCaller(Constructor.java:500) ~[?:?]
	at java.lang.reflect.Constructor.newInstance(Constructor.java:481) ~[?:?]
	at net.minecraftforge.fml.javafmlmod.FMLModContainer.constructMod(FMLModContainer.java:70) ~[javafmllanguage-1.20.1-47.3.7.jar%23181!/:?]
	at net.minecraftforge.fml.ModContainer.lambda$buildTransitionHandler$4(ModContainer.java:124) ~[fmlcore-1.20.1-47.3.7.jar%23180!/:?]
	at java.util.concurrent.CompletableFuture$AsyncRun.run(CompletableFuture.java:1804) ~[?:?]
	at java.util.concurrent.CompletableFuture$AsyncRun.exec(CompletableFuture.java:1796) ~[?:?]
	at java.util.concurrent.ForkJoinTask.doExec(ForkJoinTask.java:373) ~[?:?]
	at java.util.concurrent.ForkJoinPool$WorkQueue.topLevelExec(ForkJoinPool.java:1182) ~[?:?]
	at java.util.concurrent.ForkJoinPool.scan(ForkJoinPool.java:1655) ~[?:?]
	at java.util.concurrent.ForkJoinPool.runWorker(ForkJoinPool.java:1622) ~[?:?]
	at java.util.concurrent.ForkJoinWorkerThread.run(ForkJoinWorkerThread.java:165) ~[?:?]
[30Jul2025 23:53:35.799] [modloading-worker-0/DEBUG] [io.netty.util.internal.PlatformDependent0/]: java.nio.DirectByteBuffer.<init>(long, int): unavailable
[30Jul2025 23:53:35.799] [modloading-worker-0/DEBUG] [io.netty.util.internal.PlatformDependent/]: sun.misc.Unsafe: available
[30Jul2025 23:53:35.799] [modloading-worker-0/DEBUG] [io.netty.util.internal.PlatformDependent/]: maxDirectMemory: 17179869184 bytes (maybe)
[30Jul2025 23:53:35.800] [modloading-worker-0/DEBUG] [io.netty.util.internal.PlatformDependent/]: -Dio.netty.tmpdir: /tmp (java.io.tmpdir)
[30Jul2025 23:53:35.800] [modloading-worker-0/DEBUG] [io.netty.util.internal.PlatformDependent/]: -Dio.netty.bitMode: 64 (sun.arch.data.model)
[30Jul2025 23:53:35.800] [modloading-worker-0/DEBUG] [io.netty.util.internal.PlatformDependent/]: -Dio.netty.maxDirectMemory: -1 bytes
[30Jul2025 23:53:35.803] [modloading-worker-0/DEBUG] [io.netty.util.internal.PlatformDependent/]: -Dio.netty.uninitializedArrayAllocationThreshold: -1
[30Jul2025 23:53:35.804] [modloading-worker-0/DEBUG] [io.netty.util.internal.CleanerJava9/]: java.nio.ByteBuffer.cleaner(): available
[30Jul2025 23:53:35.804] [modloading-worker-0/DEBUG] [io.netty.util.internal.PlatformDependent/]: -Dio.netty.noPreferDirect: false
[30Jul2025 23:53:35.855] [modloading-worker-0/DEBUG] [net.minecraftforge.common.ForgeMod/FORGEMOD]: Loading Network data for FML net version: FML3
[30Jul2025 23:53:35.869] [modloading-worker-0/DEBUG] [net.minecraftforge.fml.config.ConfigTracker/CONFIG]: Config file forge-client.toml for forge tracking
[30Jul2025 23:53:35.870] [modloading-worker-0/DEBUG] [net.minecraftforge.fml.config.ConfigTracker/CONFIG]: Config file forge-server.toml for forge tracking
[30Jul2025 23:53:35.870] [modloading-worker-0/DEBUG] [net.minecraftforge.fml.ModLoadingContext/]: Attempted to register an empty config for type COMMON on mod forge
[30Jul2025 23:53:35.881] [modloading-worker-0/DEBUG] [net.minecraftforge.fml.javafmlmod.AutomaticEventSubscriber/LOADING]: Attempting to inject @EventBusSubscriber classes into the eventbus for forge
[30Jul2025 23:53:35.882] [modloading-worker-0/DEBUG] [net.minecraftforge.fml.javafmlmod.AutomaticEventSubscriber/LOADING]: Auto-subscribing net.minecraftforge.common.ForgeSpawnEggItem$CommonHandler to MOD
[30Jul2025 23:53:36.245] [modloading-worker-0/DEBUG] [net.minecraftforge.fml.javafmlmod.AutomaticEventSubscriber/LOADING]: Attempting to inject @EventBusSubscriber classes into the eventbus for iceandfire
[30Jul2025 23:53:36.245] [modloading-worker-0/DEBUG] [net.minecraftforge.fml.javafmlmod.AutomaticEventSubscriber/LOADING]: Auto-subscribing com.github.alexthe666.iceandfire.recipe.IafRecipeRegistry to MOD
[30Jul2025 23:53:36.245] [modloading-worker-0/DEBUG] [net.minecraftforge.fml.javafmlmod.AutomaticEventSubscriber/LOADING]: Auto-subscribing com.github.alexthe666.iceandfire.misc.IafSoundRegistry to MOD
[30Jul2025 23:53:36.245] [modloading-worker-0/DEBUG] [net.minecraftforge.fml.javafmlmod.AutomaticEventSubscriber/LOADING]: Auto-subscribing com.github.alexthe666.iceandfire.misc.IafDamageRegistry to MOD
[30Jul2025 23:53:36.249] [modloading-worker-0/DEBUG] [net.minecraftforge.fml.javafmlmod.AutomaticEventSubscriber/LOADING]: Auto-subscribing com.github.alexthe666.iceandfire.item.IafItemRegistry to MOD
[30Jul2025 23:53:36.249] [modloading-worker-0/DEBUG] [net.minecraftforge.fml.javafmlmod.AutomaticEventSubscriber/LOADING]: Auto-subscribing com.github.alexthe666.iceandfire.event.ServerEvents to FORGE
[30Jul2025 23:53:36.261] [modloading-worker-0/DEBUG] [net.minecraftforge.fml.javafmlmod.AutomaticEventSubscriber/LOADING]: Auto-subscribing com.github.alexthe666.iceandfire.entity.props.CapabilityHandler to FORGE
[30Jul2025 23:53:36.266] [modloading-worker-0/DEBUG] [net.minecraftforge.fml.javafmlmod.AutomaticEventSubscriber/LOADING]: Auto-subscribing com.github.alexthe666.iceandfire.entity.IafVillagerRegistry to MOD
[30Jul2025 23:53:36.266] [modloading-worker-0/DEBUG] [net.minecraftforge.fml.javafmlmod.AutomaticEventSubscriber/LOADING]: Auto-subscribing com.github.alexthe666.iceandfire.entity.IafEntityRegistry to MOD
[30Jul2025 23:53:36.267] [modloading-worker-0/DEBUG] [net.minecraftforge.fml.javafmlmod.AutomaticEventSubscriber/LOADING]: Auto-subscribing com.github.alexthe666.iceandfire.datagen.DataGenerators to MOD
[30Jul2025 23:53:36.280] [modloading-worker-0/DEBUG] [net.minecraftforge.fml.javafmlmod.AutomaticEventSubscriber/LOADING]: Auto-subscribing com.github.alexthe666.iceandfire.block.IafBlockRegistry to MOD
[30Jul2025 23:53:36.280] [modloading-worker-0/DEBUG] [net.minecraftforge.fml.javafmlmod.AutomaticEventSubscriber/LOADING]: Auto-subscribing com.github.alexthe666.iceandfire.IceAndFire to FORGE
[30Jul2025 23:53:36.280] [modloading-worker-0/DEBUG] [net.minecraftforge.fml.javafmlmod.AutomaticEventSubscriber/LOADING]: Auto-subscribing com.github.alexthe666.iceandfire.CommonProxy to MOD
[30Jul2025 23:53:36.672] [modloading-worker-0/DEBUG] [net.minecraftforge.fml.javafmlmod.AutomaticEventSubscriber/LOADING]: Attempting to inject @EventBusSubscriber classes into the eventbus for twilightforest
[30Jul2025 23:53:36.672] [modloading-worker-0/DEBUG] [net.minecraftforge.fml.javafmlmod.AutomaticEventSubscriber/LOADING]: Auto-subscribing twilightforest.util.TFRemapper to FORGE
[30Jul2025 23:53:36.674] [modloading-worker-0/DEBUG] [net.minecraftforge.fml.javafmlmod.AutomaticEventSubscriber/LOADING]: Auto-subscribing twilightforest.loot.modifiers.GiantToolGroupingModifier to FORGE
[30Jul2025 23:53:36.676] [modloading-worker-0/DEBUG] [net.minecraftforge.fml.javafmlmod.AutomaticEventSubscriber/LOADING]: Auto-subscribing twilightforest.item.OreMagnetItem to FORGE
[30Jul2025 23:53:36.677] [modloading-worker-0/DEBUG] [net.minecraftforge.fml.javafmlmod.AutomaticEventSubscriber/LOADING]: Auto-subscribing twilightforest.item.FierySwordItem to FORGE
[30Jul2025 23:53:36.677] [modloading-worker-0/DEBUG] [net.minecraftforge.fml.javafmlmod.AutomaticEventSubscriber/LOADING]: Auto-subscribing twilightforest.init.TFEntities to MOD
[30Jul2025 23:53:36.678] [modloading-worker-0/DEBUG] [net.minecraftforge.fml.javafmlmod.AutomaticEventSubscriber/LOADING]: Auto-subscribing twilightforest.init.TFCaveCarvers to MOD
[30Jul2025 23:53:36.680] [modloading-worker-0/DEBUG] [net.minecraftforge.fml.javafmlmod.AutomaticEventSubscriber/LOADING]: Auto-subscribing twilightforest.events.ToolEvents to FORGE
[30Jul2025 23:53:36.684] [modloading-worker-0/DEBUG] [net.minecraftforge.fml.javafmlmod.AutomaticEventSubscriber/LOADING]: Auto-subscribing twilightforest.events.ProgressionEvents to FORGE
[30Jul2025 23:53:36.687] [modloading-worker-0/DEBUG] [net.minecraftforge.fml.javafmlmod.AutomaticEventSubscriber/LOADING]: Auto-subscribing twilightforest.events.MiscEvents to FORGE
[30Jul2025 23:53:36.689] [modloading-worker-0/DEBUG] [net.minecraftforge.fml.javafmlmod.AutomaticEventSubscriber/LOADING]: Auto-subscribing twilightforest.events.HostileMountEvents to FORGE
[30Jul2025 23:53:36.692] [modloading-worker-0/DEBUG] [net.minecraftforge.fml.javafmlmod.AutomaticEventSubscriber/LOADING]: Auto-subscribing twilightforest.events.EntityEvents to FORGE
[30Jul2025 23:53:36.697] [modloading-worker-0/DEBUG] [net.minecraftforge.fml.javafmlmod.AutomaticEventSubscriber/LOADING]: Auto-subscribing twilightforest.events.CharmEvents to FORGE
[30Jul2025 23:53:36.699] [modloading-worker-0/DEBUG] [net.minecraftforge.fml.javafmlmod.AutomaticEventSubscriber/LOADING]: Auto-subscribing twilightforest.events.CapabilityEvents to FORGE
[30Jul2025 23:53:36.701] [modloading-worker-0/DEBUG] [net.minecraftforge.fml.javafmlmod.AutomaticEventSubscriber/LOADING]: Auto-subscribing twilightforest.data.DataGenerators to MOD
[30Jul2025 23:53:36.703] [modloading-worker-0/DEBUG] [net.minecraftforge.fml.javafmlmod.AutomaticEventSubscriber/LOADING]: Auto-subscribing twilightforest.TFTickHandler to FORGE
[30Jul2025 23:53:36.704] [modloading-worker-0/DEBUG] [net.minecraftforge.fml.javafmlmod.AutomaticEventSubscriber/LOADING]: Auto-subscribing twilightforest.TFConfig to MOD
[30Jul2025 23:53:36.705] [modloading-worker-0/DEBUG] [net.minecraftforge.fml.javafmlmod.AutomaticEventSubscriber/LOADING]: Auto-subscribing twilightforest.TFConfig$ConfigSync to FORGE
[30Jul2025 23:53:36.785] [main/DEBUG] [net.minecraftforge.common.capabilities.CapabilityManager/CAPABILITIES]: Attempting to automatically register: Lnet/minecraftforge/energy/IEnergyStorage;
[30Jul2025 23:53:36.786] [main/DEBUG] [net.minecraftforge.common.capabilities.CapabilityManager/CAPABILITIES]: Attempting to automatically register: Lnet/minecraftforge/fluids/capability/IFluidHandler;
[30Jul2025 23:53:36.786] [main/DEBUG] [net.minecraftforge.common.capabilities.CapabilityManager/CAPABILITIES]: Attempting to automatically register: Lnet/minecraftforge/fluids/capability/IFluidHandlerItem;
[30Jul2025 23:53:36.786] [main/DEBUG] [net.minecraftforge.common.capabilities.CapabilityManager/CAPABILITIES]: Attempting to automatically register: Lnet/minecraftforge/items/IItemHandler;
[30Jul2025 23:53:36.786] [main/DEBUG] [net.minecraftforge.common.capabilities.CapabilityManager/CAPABILITIES]: Attempting to automatically register: Lorg/zeith/api/blocks/redstone/IRedstoneBundle;
[30Jul2025 23:53:36.813] [main/DEBUG] [mixin/]: Mixing ForgeHooksMixin from mixins.hammerlib.json into net.minecraftforge.common.ForgeHooks
[30Jul2025 23:53:36.814] [main/DEBUG] [mixin/]: Mixing ForgeHooksMixin from tombstone.mixins.json into net.minecraftforge.common.ForgeHooks
[30Jul2025 23:53:38.492] [main/DEBUG] [io.netty.util.internal.InternalThreadLocalMap/]: -Dio.netty.threadLocalMap.stringBuilder.initialSize: 1024
[30Jul2025 23:53:38.493] [main/DEBUG] [io.netty.util.internal.InternalThreadLocalMap/]: -Dio.netty.threadLocalMap.stringBuilder.maxSize: 4096
[30Jul2025 23:53:38.493] [main/DEBUG] [io.netty.util.internal.ThreadLocalRandom/]: -Dio.netty.initialSeedUniquifier: 0xa3bf6b4eea9ab975
[30Jul2025 23:53:38.625] [main/DEBUG] [mixin/]: Mixing accessor.CriteriaTriggersAccessor from cataclysm.mixins.json into net.minecraft.advancements.CriteriaTriggers
[30Jul2025 23:53:38.625] [main/DEBUG] [mixin/]: Renaming @Accessor method getValues()Ljava/util/Map; to getValues_$md$736100$0 in cataclysm.mixins.json:accessor.CriteriaTriggersAccessor
[30Jul2025 23:53:38.679] [main/DEBUG] [software.bernie.geckolib.GeckoLib/]: Registered SyncedAnimatable for class net.jelly.sandworm_mod.item.ThumperItem
[30Jul2025 23:53:39.378] [main/DEBUG] [mixin/]: Mixing PotionUtilsMixin from alexscaves.mixins.json into net.minecraft.world.item.alchemy.PotionUtils
[30Jul2025 23:53:39.378] [main/DEBUG] [mixin/]: Renaming synthetic method lambda$ac_getColor$0(Lnet/minecraft/world/effect/MobEffectInstance;)Z to md736100$lambda$ac_getColor$0$0 in alexscaves.mixins.json:PotionUtilsMixin
[30Jul2025 23:53:39.468] [main/DEBUG] [mixin/]: Mixing accessor.ShapelessRecipeAccessor from tombstone.mixins.json into net.minecraft.world.item.crafting.ShapelessRecipe
[30Jul2025 23:53:39.853] [main/WARN] [net.minecraft.network.syncher.SynchedEntityData/]: defineId called for: class com.github.alexmodguy.alexscaves.server.entity.living.TremorzillaEntity from class com.github.alexmodguy.alexscaves.server.entity.living.LicowitchEntity
[30Jul2025 23:53:39.909] [main/DEBUG] [net.minecraftforge.fml.config.ConfigTracker/CONFIG]: Loading configs type COMMON
[30Jul2025 23:53:39.910] [main/DEBUG] [net.minecraftforge.fml.config.ConfigFileTypeHandler/CONFIG]: Built TOML config for /workspaces/ServeraMC/servidor_minecraft/config/cgm-common.toml
[30Jul2025 23:53:39.911] [main/DEBUG] [net.minecraftforge.fml.config.ConfigFileTypeHandler/CONFIG]: Loaded TOML config file /workspaces/ServeraMC/servidor_minecraft/config/cgm-common.toml
[30Jul2025 23:53:39.915] [main/DEBUG] [net.minecraftforge.fml.config.ConfigFileTypeHandler/CONFIG]: Watching TOML config file /workspaces/ServeraMC/servidor_minecraft/config/cgm-common.toml for changes
[30Jul2025 23:53:39.916] [Thread-1/DEBUG] [net.minecraftforge.fml.config.ConfigFileTypeHandler/CONFIG]: Config file cgm-common.toml changed, sending notifies
[30Jul2025 23:53:39.917] [main/DEBUG] [net.minecraftforge.fml.config.ConfigFileTypeHandler/CONFIG]: Built TOML config for /workspaces/ServeraMC/servidor_minecraft/config/sophisticatedcore-common.toml
[30Jul2025 23:53:39.918] [main/DEBUG] [net.minecraftforge.fml.config.ConfigFileTypeHandler/CONFIG]: Loaded TOML config file /workspaces/ServeraMC/servidor_minecraft/config/sophisticatedcore-common.toml
[30Jul2025 23:53:39.918] [main/DEBUG] [net.minecraftforge.fml.config.ConfigFileTypeHandler/CONFIG]: Watching TOML config file /workspaces/ServeraMC/servidor_minecraft/config/sophisticatedcore-common.toml for changes
[30Jul2025 23:53:39.919] [Thread-1/DEBUG] [net.minecraftforge.fml.config.ConfigFileTypeHandler/CONFIG]: Config file cgm-common.toml changed, sending notifies
[30Jul2025 23:53:39.920] [main/DEBUG] [net.minecraftforge.fml.config.ConfigFileTypeHandler/CONFIG]: Built TOML config for /workspaces/ServeraMC/servidor_minecraft/config/cataclysm.toml
[30Jul2025 23:53:39.923] [main/DEBUG] [net.minecraftforge.fml.config.ConfigFileTypeHandler/CONFIG]: Loaded TOML config file /workspaces/ServeraMC/servidor_minecraft/config/cataclysm.toml
[30Jul2025 23:53:39.923] [main/DEBUG] [net.minecraftforge.fml.config.ConfigFileTypeHandler/CONFIG]: Watching TOML config file /workspaces/ServeraMC/servidor_minecraft/config/cataclysm.toml for changes
[30Jul2025 23:53:39.939] [Thread-1/DEBUG] [net.minecraftforge.fml.config.ConfigFileTypeHandler/CONFIG]: Config file cataclysm.toml changed, sending notifies
[30Jul2025 23:53:39.941] [main/DEBUG] [net.minecraftforge.fml.config.ConfigFileTypeHandler/CONFIG]: Built TOML config for /workspaces/ServeraMC/servidor_minecraft/config/curios-common.toml
[30Jul2025 23:53:39.942] [main/DEBUG] [net.minecraftforge.fml.config.ConfigFileTypeHandler/CONFIG]: Loaded TOML config file /workspaces/ServeraMC/servidor_minecraft/config/curios-common.toml
[30Jul2025 23:53:39.942] [main/DEBUG] [net.minecraftforge.fml.config.ConfigFileTypeHandler/CONFIG]: Watching TOML config file /workspaces/ServeraMC/servidor_minecraft/config/curios-common.toml for changes
[30Jul2025 23:53:39.942] [main/DEBUG] [net.minecraftforge.fml.config.ConfigFileTypeHandler/CONFIG]: Built TOML config for /workspaces/ServeraMC/servidor_minecraft/config/waystones-common.toml
[30Jul2025 23:53:39.943] [main/DEBUG] [net.minecraftforge.fml.config.ConfigFileTypeHandler/CONFIG]: Loaded TOML config file /workspaces/ServeraMC/servidor_minecraft/config/waystones-common.toml
[30Jul2025 23:53:39.943] [main/DEBUG] [net.minecraftforge.fml.config.ConfigFileTypeHandler/CONFIG]: Watching TOML config file /workspaces/ServeraMC/servidor_minecraft/config/waystones-common.toml for changes
[30Jul2025 23:53:39.949] [Thread-1/DEBUG] [net.minecraftforge.fml.config.ConfigFileTypeHandler/CONFIG]: Config file waystones-common.toml changed, sending notifies
[30Jul2025 23:53:39.949] [main/DEBUG] [net.minecraftforge.fml.config.ConfigFileTypeHandler/CONFIG]: Built TOML config for /workspaces/ServeraMC/servidor_minecraft/config/reskillable-common.toml
[30Jul2025 23:53:39.949] [main/DEBUG] [net.minecraftforge.fml.config.ConfigFileTypeHandler/CONFIG]: Loaded TOML config file /workspaces/ServeraMC/servidor_minecraft/config/reskillable-common.toml
[30Jul2025 23:53:39.950] [main/DEBUG] [net.minecraftforge.fml.config.ConfigFileTypeHandler/CONFIG]: Watching TOML config file /workspaces/ServeraMC/servidor_minecraft/config/reskillable-common.toml for changes
[30Jul2025 23:53:39.950] [main/DEBUG] [net.minecraftforge.fml.config.ConfigFileTypeHandler/CONFIG]: Built TOML config for /workspaces/ServeraMC/servidor_minecraft/config/citadel-common.toml
[30Jul2025 23:53:39.950] [main/DEBUG] [net.minecraftforge.fml.config.ConfigFileTypeHandler/CONFIG]: Loaded TOML config file /workspaces/ServeraMC/servidor_minecraft/config/citadel-common.toml
[30Jul2025 23:53:39.950] [main/DEBUG] [net.minecraftforge.fml.config.ConfigFileTypeHandler/CONFIG]: Watching TOML config file /workspaces/ServeraMC/servidor_minecraft/config/citadel-common.toml for changes
[30Jul2025 23:53:39.951] [main/DEBUG] [net.minecraftforge.fml.config.ConfigFileTypeHandler/CONFIG]: Built TOML config for /workspaces/ServeraMC/servidor_minecraft/config/alexscaves-general.toml
[30Jul2025 23:53:39.952] [main/DEBUG] [net.minecraftforge.fml.config.ConfigFileTypeHandler/CONFIG]: Loaded TOML config file /workspaces/ServeraMC/servidor_minecraft/config/alexscaves-general.toml
[30Jul2025 23:53:39.952] [main/DEBUG] [net.minecraftforge.fml.config.ConfigFileTypeHandler/CONFIG]: Watching TOML config file /workspaces/ServeraMC/servidor_minecraft/config/alexscaves-general.toml for changes
[30Jul2025 23:53:39.953] [Thread-1/DEBUG] [net.minecraftforge.fml.config.ConfigFileTypeHandler/CONFIG]: Config file waystones-common.toml changed, sending notifies
[30Jul2025 23:53:39.954] [Thread-1/DEBUG] [net.minecraftforge.fml.config.ConfigFileTypeHandler/CONFIG]: Config file reskillable-common.toml changed, sending notifies
[30Jul2025 23:53:39.957] [Thread-1/DEBUG] [net.minecraftforge.fml.config.ConfigFileTypeHandler/CONFIG]: Config file alexscaves-general.toml changed, sending notifies
[30Jul2025 23:53:39.957] [main/DEBUG] [net.minecraftforge.fml.config.ConfigFileTypeHandler/CONFIG]: Built TOML config for /workspaces/ServeraMC/servidor_minecraft/config/naturescompass-common.toml
[30Jul2025 23:53:39.957] [main/DEBUG] [net.minecraftforge.fml.config.ConfigFileTypeHandler/CONFIG]: Loaded TOML config file /workspaces/ServeraMC/servidor_minecraft/config/naturescompass-common.toml
[30Jul2025 23:53:39.957] [main/DEBUG] [net.minecraftforge.fml.config.ConfigFileTypeHandler/CONFIG]: Watching TOML config file /workspaces/ServeraMC/servidor_minecraft/config/naturescompass-common.toml for changes
[30Jul2025 23:53:39.957] [main/DEBUG] [net.minecraftforge.fml.config.ConfigFileTypeHandler/CONFIG]: Built TOML config for /workspaces/ServeraMC/servidor_minecraft/config/tombstone-common.toml
[30Jul2025 23:53:39.959] [main/DEBUG] [net.minecraftforge.fml.config.ConfigFileTypeHandler/CONFIG]: Loaded TOML config file /workspaces/ServeraMC/servidor_minecraft/config/tombstone-common.toml
[30Jul2025 23:53:39.959] [Thread-1/DEBUG] [net.minecraftforge.fml.config.ConfigFileTypeHandler/CONFIG]: Config file alexscaves-general.toml changed, sending notifies
[30Jul2025 23:53:39.959] [main/DEBUG] [net.minecraftforge.fml.config.ConfigFileTypeHandler/CONFIG]: Watching TOML config file /workspaces/ServeraMC/servidor_minecraft/config/tombstone-common.toml for changes
[30Jul2025 23:53:39.960] [Thread-1/DEBUG] [net.minecraftforge.fml.config.ConfigFileTypeHandler/CONFIG]: Config file naturescompass-common.toml changed, sending notifies
[30Jul2025 23:53:39.960] [Thread-1/DEBUG] [net.minecraftforge.fml.config.ConfigFileTypeHandler/CONFIG]: Config file naturescompass-common.toml changed, sending notifies
[30Jul2025 23:53:39.961] [Thread-1/DEBUG] [net.minecraftforge.fml.config.ConfigFileTypeHandler/CONFIG]: Config file tombstone-common.toml changed, sending notifies
[30Jul2025 23:53:39.961] [main/DEBUG] [net.minecraftforge.fml.config.ConfigFileTypeHandler/CONFIG]: Built TOML config for /workspaces/ServeraMC/servidor_minecraft/config/sandwormmod-common.toml
[30Jul2025 23:53:39.961] [Thread-1/DEBUG] [net.minecraftforge.fml.config.ConfigFileTypeHandler/CONFIG]: Config file tombstone-common.toml changed, sending notifies
[30Jul2025 23:53:39.961] [main/DEBUG] [net.minecraftforge.fml.config.ConfigFileTypeHandler/CONFIG]: Loaded TOML config file /workspaces/ServeraMC/servidor_minecraft/config/sandwormmod-common.toml
[30Jul2025 23:53:39.962] [main/DEBUG] [net.minecraftforge.fml.config.ConfigFileTypeHandler/CONFIG]: Watching TOML config file /workspaces/ServeraMC/servidor_minecraft/config/sandwormmod-common.toml for changes
[30Jul2025 23:53:39.962] [main/DEBUG] [net.minecraftforge.fml.config.ConfigFileTypeHandler/CONFIG]: Built TOML config for /workspaces/ServeraMC/servidor_minecraft/config/alexsmobs.toml
[30Jul2025 23:53:39.963] [Thread-1/DEBUG] [net.minecraftforge.fml.config.ConfigFileTypeHandler/CONFIG]: Config file tombstone-common.toml changed, sending notifies
[30Jul2025 23:53:39.965] [main/DEBUG] [net.minecraftforge.fml.config.ConfigFileTypeHandler/CONFIG]: Loaded TOML config file /workspaces/ServeraMC/servidor_minecraft/config/alexsmobs.toml
[30Jul2025 23:53:39.965] [main/DEBUG] [net.minecraftforge.fml.config.ConfigFileTypeHandler/CONFIG]: Watching TOML config file /workspaces/ServeraMC/servidor_minecraft/config/alexsmobs.toml for changes
[30Jul2025 23:53:39.997] [Thread-1/DEBUG] [net.minecraftforge.fml.config.ConfigFileTypeHandler/CONFIG]: Config file alexsmobs.toml changed, sending notifies
[30Jul2025 23:53:39.998] [main/DEBUG] [net.minecraftforge.fml.config.ConfigFileTypeHandler/CONFIG]: Built TOML config for /workspaces/ServeraMC/servidor_minecraft/config/sophisticatedbackpacks-common.toml
[30Jul2025 23:53:39.998] [main/DEBUG] [net.minecraftforge.fml.config.ConfigFileTypeHandler/CONFIG]: Loaded TOML config file /workspaces/ServeraMC/servidor_minecraft/config/sophisticatedbackpacks-common.toml
[30Jul2025 23:53:39.998] [main/DEBUG] [net.minecraftforge.fml.config.ConfigFileTypeHandler/CONFIG]: Watching TOML config file /workspaces/ServeraMC/servidor_minecraft/config/sophisticatedbackpacks-common.toml for changes
[30Jul2025 23:53:39.999] [main/DEBUG] [net.minecraftforge.fml.config.ConfigFileTypeHandler/CONFIG]: Built TOML config for /workspaces/ServeraMC/servidor_minecraft/config/iceandfire-common.toml
[30Jul2025 23:53:40.001] [main/DEBUG] [net.minecraftforge.fml.config.ConfigFileTypeHandler/CONFIG]: Loaded TOML config file /workspaces/ServeraMC/servidor_minecraft/config/iceandfire-common.toml
[30Jul2025 23:53:40.001] [main/DEBUG] [net.minecraftforge.fml.config.ConfigFileTypeHandler/CONFIG]: Watching TOML config file /workspaces/ServeraMC/servidor_minecraft/config/iceandfire-common.toml for changes
[30Jul2025 23:53:40.012] [Thread-1/DEBUG] [net.minecraftforge.fml.config.ConfigFileTypeHandler/CONFIG]: Config file iceandfire-common.toml changed, sending notifies
[30Jul2025 23:53:40.013] [main/DEBUG] [net.minecraftforge.fml.config.ConfigFileTypeHandler/CONFIG]: Built TOML config for /workspaces/ServeraMC/servidor_minecraft/config/dragonseeker-common.toml
[30Jul2025 23:53:40.013] [Thread-1/DEBUG] [net.minecraftforge.fml.config.ConfigFileTypeHandler/CONFIG]: Config file iceandfire-common.toml changed, sending notifies
[30Jul2025 23:53:40.014] [main/DEBUG] [net.minecraftforge.fml.config.ConfigFileTypeHandler/CONFIG]: Loaded TOML config file /workspaces/ServeraMC/servidor_minecraft/config/dragonseeker-common.toml
[30Jul2025 23:53:40.014] [main/DEBUG] [net.minecraftforge.fml.config.ConfigFileTypeHandler/CONFIG]: Watching TOML config file /workspaces/ServeraMC/servidor_minecraft/config/dragonseeker-common.toml for changes
[30Jul2025 23:53:40.015] [main/DEBUG] [net.minecraftforge.fml.config.ConfigFileTypeHandler/CONFIG]: Built TOML config for /workspaces/ServeraMC/servidor_minecraft/config/balm-common.toml
[30Jul2025 23:53:40.015] [main/DEBUG] [net.minecraftforge.fml.config.ConfigFileTypeHandler/CONFIG]: Loaded TOML config file /workspaces/ServeraMC/servidor_minecraft/config/balm-common.toml
[30Jul2025 23:53:40.015] [Thread-1/DEBUG] [net.minecraftforge.fml.config.ConfigFileTypeHandler/CONFIG]: Config file iceandfire-common.toml changed, sending notifies
[30Jul2025 23:53:40.015] [main/DEBUG] [net.minecraftforge.fml.config.ConfigFileTypeHandler/CONFIG]: Watching TOML config file /workspaces/ServeraMC/servidor_minecraft/config/balm-common.toml for changes
[30Jul2025 23:53:40.016] [Thread-1/DEBUG] [net.minecraftforge.fml.config.ConfigFileTypeHandler/CONFIG]: Config file balm-common.toml changed, sending notifies
[30Jul2025 23:53:40.016] [main/DEBUG] [net.minecraftforge.fml.config.ConfigFileTypeHandler/CONFIG]: Built TOML config for /workspaces/ServeraMC/servidor_minecraft/config/carryon-common.toml
[30Jul2025 23:53:40.017] [main/DEBUG] [net.minecraftforge.fml.config.ConfigFileTypeHandler/CONFIG]: Loaded TOML config file /workspaces/ServeraMC/servidor_minecraft/config/carryon-common.toml
[30Jul2025 23:53:40.017] [Thread-1/DEBUG] [net.minecraftforge.fml.config.ConfigFileTypeHandler/CONFIG]: Config file balm-common.toml changed, sending notifies
[30Jul2025 23:53:40.017] [main/DEBUG] [net.minecraftforge.fml.config.ConfigFileTypeHandler/CONFIG]: Watching TOML config file /workspaces/ServeraMC/servidor_minecraft/config/carryon-common.toml for changes
[30Jul2025 23:53:40.057] [Thread-1/DEBUG] [net.minecraftforge.fml.config.ConfigFileTypeHandler/CONFIG]: Config file carryon-common.toml changed, sending notifies
[30Jul2025 23:53:40.057] [main/DEBUG] [net.minecraftforge.fml.config.ConfigFileTypeHandler/CONFIG]: Built TOML config for /workspaces/ServeraMC/servidor_minecraft/config/firstaid-common.toml
[30Jul2025 23:53:40.057] [main/DEBUG] [net.minecraftforge.fml.config.ConfigFileTypeHandler/CONFIG]: Loaded TOML config file /workspaces/ServeraMC/servidor_minecraft/config/firstaid-common.toml
[30Jul2025 23:53:40.057] [main/DEBUG] [net.minecraftforge.fml.config.ConfigFileTypeHandler/CONFIG]: Watching TOML config file /workspaces/ServeraMC/servidor_minecraft/config/firstaid-common.toml for changes
[30Jul2025 23:53:40.058] [main/DEBUG] [net.minecraftforge.fml.config.ConfigFileTypeHandler/CONFIG]: Built TOML config for /workspaces/ServeraMC/servidor_minecraft/config/twilightforest-common.toml
[30Jul2025 23:53:40.058] [main/DEBUG] [net.minecraftforge.fml.config.ConfigFileTypeHandler/CONFIG]: Loaded TOML config file /workspaces/ServeraMC/servidor_minecraft/config/twilightforest-common.toml
[30Jul2025 23:53:40.059] [main/DEBUG] [net.minecraftforge.fml.config.ConfigFileTypeHandler/CONFIG]: Watching TOML config file /workspaces/ServeraMC/servidor_minecraft/config/twilightforest-common.toml for changes
[30Jul2025 23:53:40.067] [modloading-worker-0/INFO] [voicechat/]: [voicechat] Compatibility version 18
[30Jul2025 23:53:40.080] [modloading-worker-0/INFO] [HammerLib/]: Setup HammerLib networking!
[30Jul2025 23:53:40.096] [Thread-1/DEBUG] [net.minecraftforge.fml.config.ConfigFileTypeHandler/CONFIG]: Config file carryon-common.toml changed, sending notifies
[30Jul2025 23:53:40.150] [modloading-worker-0/INFO] [voicechat/]: [voicechat] Loading plugins
[30Jul2025 23:53:40.151] [modloading-worker-0/DEBUG] [mixin/]: Mixing MixinSlotAttribute from curios.mixins.json into top.theillusivec4.curios.api.SlotAttribute
[30Jul2025 23:53:40.159] [modloading-worker-0/DEBUG] [mixin/]: Mixing MixinCuriosApi from curios.mixins.json into top.theillusivec4.curios.api.CuriosApi
[30Jul2025 23:53:40.161] [modloading-worker-0/INFO] [voicechat/]: [voicechat] Loaded 1 plugin(s)
[30Jul2025 23:53:40.161] [modloading-worker-0/INFO] [voicechat/]: [voicechat] Initializing plugins
[30Jul2025 23:53:40.194] [modloading-worker-0/INFO] [Sound Physics - General/]: Initializing Simple Voice Chat integration
[30Jul2025 23:53:40.195] [modloading-worker-0/INFO] [voicechat/]: [voicechat] Initialized 1 plugin(s)
[30Jul2025 23:53:40.199] [modloading-worker-0/INFO] [voicechat/]: [voicechat] Registering events for 'sound_physics_remastered'
[30Jul2025 23:53:40.419] [modloading-worker-0/INFO] [firstaid/]: firstaid starting...
[30Jul2025 23:53:40.486] [Forge Version Check/INFO] [net.minecraftforge.fml.VersionChecker/]: [voicechat] Starting version check at https://update.maxhenkel.de/forge/voicechat
[30Jul2025 23:53:40.816] [main/DEBUG] [net.minecraftforge.fml.DeferredWorkQueue/LOADING]: Dispatching synchronous work for work queue COMMON_SETUP: 24 jobs
[30Jul2025 23:53:40.873] [main/INFO] [Framework/SYNCED_ENTITY_DATA]: Registered synced data key cgm:aiming for minecraft:player
[30Jul2025 23:53:40.873] [main/INFO] [Framework/SYNCED_ENTITY_DATA]: Registered synced data key cgm:reloading for minecraft:player
[30Jul2025 23:53:40.873] [main/INFO] [Framework/SYNCED_ENTITY_DATA]: Registered synced data key cgm:shooting for minecraft:player
[30Jul2025 23:53:40.949] [main/INFO] [team.lodestar.lodestone.LodestoneLib/]: Registering world event types...
[30Jul2025 23:53:40.966] [main/DEBUG] [net.minecraftforge.fml.DeferredWorkQueue/LOADING]: Synchronous work queue completed in 148.5 ms
[30Jul2025 23:53:40.967] [modloading-worker-0/INFO] [xaero.map.server.WorldMapServer/]: Loading Xaero's World Map - Stage 1/2 (Server)
[30Jul2025 23:53:40.967] [main/DEBUG] [net.minecraftforge.fml.DeferredWorkQueue/LOADING]: Dispatching synchronous work for work queue SIDED_SETUP: 1 jobs
[30Jul2025 23:53:40.967] [main/INFO] [xaero.map.server.WorldMapServer/]: Loading Xaero's World Map - Stage 2/2 (Server)
[30Jul2025 23:53:40.968] [main/DEBUG] [net.minecraftforge.fml.DeferredWorkQueue/LOADING]: Synchronous work queue completed in 266.1 μs
[30Jul2025 23:53:40.983] [modloading-worker-0/INFO] [HammerLib/]: Performed registerFoil from hammerlib. Determined constant(0xFFFFFF0F) foil provider
[30Jul2025 23:53:40.983] [modloading-worker-0/INFO] [HammerLib/]: Performed registerFoil from hammerlib. Determined dynamic(org.zeith.hammerlib.client.CustomFoilConfigs$$Lambda$13463/0x00007aed71ac7a68@57233089) foil provider
[30Jul2025 23:53:41.018] [modloading-worker-0/INFO] [Jade/]: Start loading plugin at snownee.jade.addon.vanilla.VanillaPlugin
[30Jul2025 23:53:41.036] [modloading-worker-0/INFO] [Jade/]: Start loading plugin at snownee.jade.addon.universal.UniversalPlugin
[30Jul2025 23:53:41.040] [modloading-worker-0/INFO] [Jade/]: Start loading plugin at snownee.jade.addon.core.CorePlugin
[30Jul2025 23:53:41.042] [modloading-worker-0/INFO] [Jade/]: Start loading plugin at org.zeith.hammerlib.compat.jade.GetWaila
[30Jul2025 23:53:41.044] [modloading-worker-0/INFO] [Jade/]: Start loading plugin at net.blay09.mods.waystones.compat.JadeIntegration
[30Jul2025 23:53:41.045] [modloading-worker-0/INFO] [Jade/]: Start loading plugin at ovh.corail.tombstone.compatibility.IntegrationJade
[30Jul2025 23:53:41.046] [modloading-worker-0/INFO] [Jade/]: Start loading plugin at net.blay09.mods.balm.forge.compat.hudinfo.ForgeJadeModCompat
[30Jul2025 23:53:41.047] [modloading-worker-0/INFO] [Jade/]: Start loading plugin at twilightforest.compat.jade.JadeCompat
[30Jul2025 23:53:41.068] [main/DEBUG] [net.minecraftforge.fml.DeferredWorkQueue/LOADING]: Dispatching synchronous work for work queue COMPLETE: 2 jobs
[30Jul2025 23:53:41.074] [main/DEBUG] [net.minecraftforge.fml.DeferredWorkQueue/LOADING]: Synchronous work queue completed in 5.546 ms
[30Jul2025 23:53:41.207] [Forge Version Check/DEBUG] [net.minecraftforge.fml.VersionChecker/]: [voicechat] Received version check data:
{"1.21":{"1.21-2.5.20":"Added Vietnamese translation"},"1.20":{"1.20-2.4.9":"Fixed group not getting deleted when disconnecting\nFixed group in LeaveGroupEvent always null\nFixed builtin resource pack format version"},"1.18":{"1.18-2.1.17":"Updated Forge\nFixed sound physics compatibility","1.18-2.1.22":"Fixed untranslated command feedback"},"1.19":{"1.19-2.4.8":"Added audio senders to the voice chat API"},"1.21.7":{"1.21.7-2.5.34":"Updated German translation"},"1.21.6":{"1.21.6-2.5.32":"Added \"Default microphone\" and \"Default speaker\" options\nFixed antivirus software detecting the jar as a trojan (This was a false positive)"},"1.21.8":{"1.21.8-2.5.35":"Updated German translation"},"1.20.4":{"1.20.4-2.5.22":"Updated Traditional Chinese translation\nAdded Portuguese translation\nUpdated Ukrainian translation","1.20.4-2.4.32":"Fixed compatibility with Sound Physics Remastered\nUpdated French translation"},"1.21.3":{"1.21.3-2.5.31":"Improved handling of invalid bind addresses\nFixed bind_address being used in LAN worlds\nUpdated Swedish translation"},"promos":{"1.18.1-latest":"1.18.1-2.2.52","1.21.4-latest":"1.21.4-2.5.35","1.21.3-latest":"1.21.3-2.5.31","1.18.2-latest":"1.18.2-2.5.35","1.19.3-recommended":"1.19.3-2.4.11","1.20-recommended":"1.20-2.4.9","1.19.1-recommended":"1.19.1-2.4.8","1.21.5-latest":"1.21.5-2.5.35","1.21.1-latest":"1.21.1-2.5.35","1.21.6-latest":"1.21.6-2.5.32","1.12.2-latest":"1.12.2-2.5.35","1.19.4-recommended":"1.19.4-2.4.32","1.12.2-recommended":"1.12.2-2.4.32","1.19-latest":"1.19-2.4.8","1.17.1-recommended":"1.17.1-2.4.32","1.19.2-recommended":"1.19.2-2.4.32","1.18-latest":"1.18-2.1.22","1.21.8-latest":"1.21.8-2.5.35","1.20.4-recommended":"1.20.4-2.4.32","1.21.7-latest":"1.21.7-2.5.34","1.21-latest":"1.21-2.5.20","1.16.5-recommended":"1.16.5-2.4.32","1.16.4-recommended":"1.16.4-1.1.7","1.20.1-recommended":"1.20.1-2.4.32","1.16.3-recommended":"1.16.3-1.0.1","1.15.2-latest":"1.15.2-1.0.2","1.20.2-recommended":"1.20.2-2.4.32","1.20-latest":"1.20-2.4.9","1.18.2-recommended":"1.18.2-2.4.32","1.17.1-latest":"1.17.1-2.5.12","1.18.1-recommended":"1.18.1-2.2.52","1.20.1-latest":"1.20.1-2.5.35","1.16.3-latest":"1.16.3-1.0.1","1.20.2-latest":"1.20.2-2.5.12","1.16.4-latest":"1.16.4-1.1.7","1.19.2-latest":"1.19.2-2.5.35","1.19.4-latest":"1.19.4-2.5.12","1.19.3-latest":"1.19.3-2.4.11","1.16.5-latest":"1.16.5-2.5.35","1.19-recommended":"1.19-2.4.8","1.18-recommended":"1.18-2.1.17","1.15.2-recommended":"1.15.2-1.0.2","1.20.4-latest":"1.20.4-2.5.22","1.19.1-latest":"1.19.1-2.4.8","1.20.6-latest":"1.20.6-2.5.22"},"1.20.6":{"1.20.6-2.5.22":"Updated Traditional Chinese translation\nAdded Portuguese translation\nUpdated Ukrainian translation"},"1.21.5":{"1.21.5-2.5.35":"Updated German translation"},"1.21.4":{"1.21.4-2.5.35":"Updated German translation\nFixed datagen failing"},"1.20.2":{"1.20.2-2.4.32":"Fixed compatibility with Sound Physics Remastered\nUpdated French translation","1.20.2-2.5.12":"Improved cloth config GUI translations"},"1.21.1":{"1.21.1-2.5.35":"Updated German translation\nFixed datagen failing"},"1.20.1":{"1.20.1-2.4.32":"Fixed compatibility with Sound Physics Remastered\nUpdated French translation","1.20.1-2.5.35":"Updated German translation\nFixed datagen failing"},"1.16.4":{"1.16.4-1.1.7":"Fixed ConcurrentModificationException when client times out"},"1.19.1":{"1.19.1-2.4.8":"Added audio senders to the voice chat API"},"1.18.2":{"1.18.2-2.4.32":"Fixed compatibility with Sound Physics Remastered\nUpdated French translation","1.18.2-2.5.35":"Updated German translation\nFixed datagen failing"},"1.16.5":{"1.16.5-2.4.32":"Fixed compatibility with Sound Physics Remastered\nUpdated French translation","1.16.5-2.5.35":"Updated German translation\nFixed datagen failing"},"1.19.2":{"1.19.2-2.5.35":"Updated German translation\nFixed datagen failing","1.19.2-2.4.32":"Fixed compatibility with Sound Physics Remastered\nUpdated French translation"},"1.19.3":{"1.19.3-2.4.11":"Added config accessors to the API"},"1.19.4":{"1.19.4-2.4.32":"Fixed compatibility with Sound Physics Remastered\nUpdated French translation","1.19.4-2.5.12":"Improved cloth config GUI translations"},"1.15.2":{"1.15.2-1.0.2":"Fix crash on servers"},"1.17.1":{"1.17.1-2.4.32":"Fixed compatibility with Sound Physics Remastered\nUpdated French translation","1.17.1-2.5.12":"Improved cloth config GUI translations"},"1.16.3":{"1.16.3-1.0.1":"Fixed voice chat not working on servers with port"},"1.18.1":{"1.18.1-2.2.52":"Improved service loader compatibility\nFixed issues with QuestCraft\nFixed disconnected state being controlled by the client"},"1.12.2":{"1.12.2-2.4.32":"Fixed compatibility with Sound Physics Remastered\nUpdated French translation","1.12.2-2.5.35":"Updated German translation"},"homepage":"https://modrepo.de/minecraft/voicechat"}
[30Jul2025 23:53:41.210] [Forge Version Check/INFO] [net.minecraftforge.fml.VersionChecker/]: [voicechat] Found status: OUTDATED Current: 1.20.1-2.5.30 Target: 1.20.1-2.5.35
[30Jul2025 23:53:41.214] [Forge Version Check/INFO] [net.minecraftforge.fml.VersionChecker/]: [cgm] Starting version check at https://raw.githubusercontent.com/MrCrayfish/ModUpdates/master/cgm/update.json
[30Jul2025 23:53:41.266] [Forge Version Check/DEBUG] [net.minecraftforge.fml.VersionChecker/]: [cgm] Received version check data:
{
    "homepage": "https://mrcrayfish.com/mods?id=cgm",
    "promos": {
        "1.12.2-latest": "0.15.3",
        "1.15.2-latest": "1.0.0",
        "1.16.3-latest": "1.0.1"
    }
}
[30Jul2025 23:53:41.266] [Forge Version Check/INFO] [net.minecraftforge.fml.VersionChecker/]: [cgm] Found status: BETA Current: 1.4.18 Target: null
[30Jul2025 23:53:41.267] [Forge Version Check/INFO] [net.minecraftforge.fml.VersionChecker/]: [hammerlib] Starting version check at https://api.modrinth.com/updates/PlkSuVtM/forge_updates.json
[30Jul2025 23:53:41.437] [Forge Version Check/DEBUG] [net.minecraftforge.fml.VersionChecker/]: [hammerlib] Received version check data:
{"homepage":"https://modrinth.com/mod/PlkSuVtM","promos":{"1.12.2-recommended":"12.2.58","1.16.5-latest":"16.5.50","1.16.3-recommended":"16.1.2","1.20-latest":"20.0.8","1.18.1-recommended":"18.1.11","1.19.3-latest":"19.5.57","1.10.2-recommended":"1.9.4.3","1.16.3-latest":"16.1.2","1.15.2-recommended":"15.2.3","1.13.2-latest":"2.1.2.1","1.11-recommended":"1.2.1","1.18.1-latest":"18.1.11","1.13.2-recommended":"2.1.2.1","1.15.2-latest":"15.2.3","1.20.1-recommended":"20.1.50","1.19.2-latest":"19.3.82","1.16.5-recommended":"16.5.50","1.11.2-recommended":"1.9.3.9","1.11-latest":"1.2.1","1.19.3-recommended":"19.5.57","1.12.2-latest":"12.2.58","1.10.2-latest":"1.9.4.3","1.11.2-latest":"1.9.3.9","1.20.1-latest":"20.1.50","1.20-recommended":"20.0.8","1.18.2-recommended":"18.2.16","1.18.2-latest":"18.2.16","1.19.2-recommended":"19.3.82"}}
[30Jul2025 23:53:41.437] [Forge Version Check/INFO] [net.minecraftforge.fml.VersionChecker/]: [hammerlib] Found status: UP_TO_DATE Current: 20.1.50 Target: null
[30Jul2025 23:53:41.437] [Forge Version Check/INFO] [net.minecraftforge.fml.VersionChecker/]: [improvableskills] Starting version check at https://api.modrinth.com/updates/9fT7HUaI/forge_updates.json
[30Jul2025 23:53:41.520] [Forge Version Check/DEBUG] [net.minecraftforge.fml.VersionChecker/]: [improvableskills] Received version check data:
{"homepage":"https://modrinth.com/mod/9fT7HUaI","promos":{"1.20-latest":"20.0.6","1.20-recommended":"20.0.6","1.11.2-latest":"14r","1.13.2-latest":"3.70r","1.12.2-recommended":"12.4.68","1.13.2-recommended":"3.70r","1.10.2-recommended":"9r","1.19.2-latest":"19.2.13","1.10.2-latest":"9r","1.11.2-recommended":"14r","1.19.3-latest":"19.4.8","1.12.2-latest":"12.4.68","1.19.2-recommended":"19.2.13","1.20.1-recommended":"20.1.13","1.19.3-recommended":"19.4.8","1.20.1-latest":"20.1.13"}}
[30Jul2025 23:53:41.520] [Forge Version Check/INFO] [net.minecraftforge.fml.VersionChecker/]: [improvableskills] Found status: UP_TO_DATE Current: 20.1.13 Target: null
[30Jul2025 23:53:41.521] [Forge Version Check/INFO] [net.minecraftforge.fml.VersionChecker/]: [sound_physics_remastered] Starting version check at https://update.maxhenkel.de/forge/sound_physics_remastered
[30Jul2025 23:53:41.617] [Forge Version Check/DEBUG] [net.minecraftforge.fml.VersionChecker/]: [sound_physics_remastered] Received version check data:
{"1.20.2":{"1.20.2-1.3.1":"Updated dependencies\nFixed mod icon size","1.20.2-1.3.0":""},"1.21.1":{"1.21.1-1.4.15":"Fixed logger crash if config is not initialized yet"},"1.20.1":{"1.20.1-1.4.15":"Fixed logger crash if config is not initialized yet","1.20.1-1.3.0":""},"1.21":{"1.21-1.4.6":""},"1.20":{"1.20-1.1.1":"Updated to 1.20"},"1.18":{"1.18-1.0.3":"Tweaked config values"},"1.19":{"1.19-1.0.15":"Disabled moving sounds by default due to performance impact"},"1.18.2":{"1.18.2-1.0.6":"Fixed crash when playing sounds that are null"},"1.19.1":{"1.19.1-1.0.15":"Disabled moving sounds by default due to performance impact"},"1.19.2":{"1.19.2-1.3.0":"","1.19.2-1.4.5":"Updated Simplified Chinese translation"},"1.19.3":{"1.19.3-1.1.0":"Updated ConfigBuilder\nAdded comments to the config\nRemoved sound blacklist regex\nAdded allowed sounds config\nFixed lag when saving in cloth config GUI\nFixed sound distance allowance not working with playsound commands","1.19.3-1.0.18":"Improved performance when having 'update_moving_sounds' enabled"},"1.19.4":{"1.19.4-1.1.1":"Fixed some cloth config settings not saving properly","1.19.4-1.2.1":""},"1.21.7":{"1.21.7-1.4.14":"Updated to 1.21.7"},"1.21.6":{"1.21.6-1.4.14":"Fixed mixin crash"},"1.17.1":{"1.17.1-1.0.6":"Fixed crash when playing sounds that are null"},"1.18.1":{"1.18.1-1.0.6":"Fixed crash when playing sounds that are null"},"1.21.8":{"1.21.8-1.4.15":"Fixed logger crash if config is not initialized yet"},"1.20.4":{"1.20.4-1.4.5":"Updated Simplified Chinese translation","1.20.4-1.3.0":""},"1.21.3":{"1.21.3-1.4.7":"Fixed issues with sounds being played far away\nFixed lag when being far away from 0, 0"},"promos":{"1.18.1-latest":"1.18.1-1.0.6","1.21.4-latest":"1.21.4-1.4.15","1.21.3-latest":"1.21.3-1.4.7","1.18.2-latest":"1.18.2-1.0.6","1.20-recommended":"1.20-1.1.1","1.19.3-recommended":"1.19.3-1.0.18","1.19.1-recommended":"1.19.1-1.0.15","1.21.5-latest":"1.21.5-1.4.15","1.21.1-latest":"1.21.1-1.4.15","1.21.6-latest":"1.21.6-1.4.14","1.19.4-recommended":"1.19.4-1.1.1","1.19-latest":"1.19-1.0.15","1.17.1-recommended":"1.17.1-1.0.6","1.19.2-recommended":"1.19.2-1.3.0","1.18-latest":"1.18-1.0.3","1.21.8-latest":"1.21.8-1.4.15","1.20.4-recommended":"1.20.4-1.3.0","1.21.7-latest":"1.21.7-1.4.14","1.21-latest":"1.21-1.4.6","1.20.1-recommended":"1.20.1-1.3.0","1.20.2-recommended":"1.20.2-1.3.0","1.20-latest":"1.20-1.1.1","1.18.2-recommended":"1.18.2-1.0.6","1.17.1-latest":"1.17.1-1.0.6","1.18.1-recommended":"1.18.1-1.0.6","1.20.1-latest":"1.20.1-1.4.15","1.20.2-latest":"1.20.2-1.3.1","1.19.2-latest":"1.19.2-1.4.5","1.19.4-latest":"1.19.4-1.2.1","1.19.3-latest":"1.19.3-1.1.0","1.19-recommended":"1.19-1.0.15","1.18-recommended":"1.18-1.0.3","1.20.4-latest":"1.20.4-1.4.5","1.19.1-latest":"1.19.1-1.0.15","1.20.6-latest":"1.20.6-1.4.5"},"1.20.6":{"1.20.6-1.4.5":"Updated Simplified Chinese translation"},"1.21.5":{"1.21.5-1.4.15":"Fixed logger crash if config is not initialized yet"},"1.21.4":{"1.21.4-1.4.15":"Fixed logger crash if config is not initialized yet"},"homepage":"https://www.curseforge.com/minecraft/mc-mods/sound-physics-remastered"}
[30Jul2025 23:53:41.618] [Forge Version Check/INFO] [net.minecraftforge.fml.VersionChecker/]: [sound_physics_remastered] Found status: OUTDATED Current: 1.20.1-1.4.13 Target: 1.20.1-1.4.15
[30Jul2025 23:53:41.621] [Forge Version Check/INFO] [net.minecraftforge.fml.VersionChecker/]: [tombstone] Starting version check at https://raw.githubusercontent.com/Corail31/tombstone_lite/master/update.json
[30Jul2025 23:53:41.633] [Forge Version Check/DEBUG] [net.minecraftforge.fml.VersionChecker/]: [tombstone] Received version check data:
{
	"homepage": "https://www.curseforge.com/minecraft/mc-mods/corail-tombstone",
	"promos": {
		"1.21.8-latest": "9.5.7",
		"1.21.8-recommended": "9.5.7",
		"1.21.7-latest": "9.5.7",
		"1.21.7-recommended": "9.5.7",
		"1.21.6-latest": "9.5.1",
		"1.21.6-recommended": "9.5.1",
		"1.21.5-latest": "9.4.3",
		"1.21.5-recommended": "9.4.3",
		"1.21.4-latest": "9.3.9",
		"1.21.4-recommended": "9.3.9",
		"1.21.3-latest": "9.2.4",
		"1.21.3-recommended": "9.2.4",
		"1.21.1-latest": "9.1.10",
		"1.21.1-recommended": "9.1.10",
		"1.20.4-latest": "8.6.4",
		"1.20.4-recommended": "8.6.4",
		"1.20.2-latest": "8.6.3",
		"1.20.2-recommended": "8.6.3",
		"1.20.1-latest": "9.0.6",
		"1.20.1-recommended": "9.0.6",
		"1.19.4-latest": "8.4.2",
		"1.19.4-recommended": "8.4.2",
		"1.19.3-latest": "8.3.2",
		"1.19.3-recommended": "8.3.2",
		"1.19.2-latest": "8.3.9",
		"1.19.2-recommended": "8.3.9",
		"1.19.1-latest": "8.1.0",
		"1.19.1-recommended": "8.1.0",
		"1.18.2-latest": "7.7.7",
		"1.18.2-recommended": "7.7.7",
		"1.18.1-latest": "7.4.1",
		"1.18.1-recommended": "7.4.1",
		"1.17.1-latest": "7.3.0",
		"1.17.1-recommended": "7.3.0",
		"1.16.5-latest": "6.9.7",
		"1.16.5-recommended": "6.9.7",
		"1.15.2-latest": "4.6.0",
		"1.15.2-recommended": "4.6.0",
		"1.14.4-latest": "4.3.6",
		"1.14.4-recommended": "4.3.6",
		"1.13.2-latest": "3.5.2",
		"1.13.2-recommended": "3.5.2",
		"1.12.2-latest": "4.7.5",
		"1.12.2-recommended": "4.7.5",
		"1.11.2-latest": "2.9.0.1",
		"1.11.2-recommended": "2.9.0.1",
		"1.10.2-latest": "2.9.4",
		"1.10.2-recommended": "2.9.4",
		"1.9.4-latest": "1.4.1",
		"1.9.4-recommended": "1.4.1",
		"1.8.9-latest": "1.4.1",
		"1.8.9-recommended": "1.4.1"
	},
	"1.21.8": {
		"9.5.7": "fourth forgotten knowledge",
		"9.5.6": "third forgotten knowledge & ritual flute"
	},
	"1.21.7": {
		"9.5.7": "final version"
	},
	"1.21.6": {
		"9.5.1": "final version"
	},
	"1.21.5": {
		"9.4.3": "final version"
	},
	"1.21.4": {
		"9.3.9": "final version"
	},
	"1.21.3": {
		"9.2.4": "final version"
	},
	"1.21.1": {
		"9.1.10": "final version"
	},
	"1.20.4": {
		"8.6.4": "final version"
	},
	"1.20.2": {
		"8.6.3": "final version"
	},
	"1.20.1": {
		"9.0.6": "improves all guiscreens",
		"9.0.5": "fourth forgotten knowledge",
		"9.0.4": "third forgotten knowledge & ritual flute",
		"9.0.3": "screaming graves",
		"9.0.2": "second forgotten knowledge & readable scrolls",
		"9.0.1": "new event Spring Bloom",
		"9.0.0": "first forgotten knowledge"
	},
	"1.19.4": {
		"8.4.2": "final version"
	},
	"1.19.2": {
		"8.3.9": "final version"
	},
	"1.18.2": {
		"7.7.7": "final version"
	},
	"1.16.5": {
		"6.9.7": "final version"
	},
	"1.12.2": {
		"4.7.5": "final version"
	}
}
[30Jul2025 23:53:41.634] [Forge Version Check/INFO] [net.minecraftforge.fml.VersionChecker/]: [tombstone] Found status: OUTDATED Current: 8.9.8 Target: 9.0.6
[30Jul2025 23:53:41.634] [Forge Version Check/INFO] [net.minecraftforge.fml.VersionChecker/]: [forge] Starting version check at https://files.minecraftforge.net/net/minecraftforge/forge/promotions_slim.json
[30Jul2025 23:53:41.730] [Forge Version Check/DEBUG] [net.minecraftforge.fml.VersionChecker/]: [forge] Received version check data:
{
  "homepage": "https://files.minecraftforge.net/net/minecraftforge/forge/",
  "promos": {
    "1.1-latest": "1.3.4.29",
    "1.2.3-latest": "1.4.1.64",
    "1.2.4-latest": "2.0.0.68",
    "1.2.5-latest": "3.4.9.171",
    "1.3.2-latest": "4.3.5.318",
    "1.4.0-latest": "5.0.0.326",
    "1.4.1-latest": "6.0.0.329",
    "1.4.2-latest": "6.0.1.355",
    "1.4.3-latest": "6.2.1.358",
    "1.4.4-latest": "6.3.0.378",
    "1.4.5-latest": "6.4.2.448",
    "1.4.6-latest": "6.5.0.489",
    "1.4.7-latest": "6.6.2.534",
    "1.5-latest": "7.7.0.598",
    "1.5.1-latest": "7.7.2.682",
    "1.5.2-latest": "7.8.1.738",
    "1.5.2-recommended": "7.8.1.738",
    "1.6.1-latest": "8.9.0.775",
    "1.6.2-latest": "9.10.1.871",
    "1.6.2-recommended": "9.10.1.871",
    "1.6.3-latest": "9.11.0.878",
    "1.6.4-latest": "9.11.1.1345",
    "1.6.4-recommended": "9.11.1.1345",
    "1.7.2-latest": "10.12.2.1161",
    "1.7.2-recommended": "10.12.2.1161",
    "1.7.10_pre4-latest": "10.12.2.1149",
    "1.7.10-latest": "10.13.4.1614",
    "1.7.10-recommended": "10.13.4.1614",
    "1.8-latest": "11.14.4.1577",
    "1.8-recommended": "11.14.4.1563",
    "1.8.8-latest": "11.15.0.1655",
    "1.8.9-latest": "11.15.1.2318",
    "1.8.9-recommended": "11.15.1.2318",
    "1.9-latest": "12.16.1.1938",
    "1.9-recommended": "12.16.1.1887",
    "1.9.4-latest": "12.17.0.2317",
    "1.9.4-recommended": "12.17.0.2317",
    "1.10-latest": "12.18.0.2000",
    "1.10.2-latest": "12.18.3.2511",
    "1.10.2-recommended": "12.18.3.2511",
    "1.11-latest": "13.19.1.2199",
    "1.11-recommended": "13.19.1.2189",
    "1.11.2-latest": "13.20.1.2588",
    "1.11.2-recommended": "13.20.1.2588",
    "1.12-latest": "14.21.1.2443",
    "1.12-recommended": "14.21.1.2387",
    "1.12.1-latest": "14.22.1.2485",
    "1.12.1-recommended": "14.22.1.2478",
    "1.12.2-latest": "14.23.5.2860",
    "1.12.2-recommended": "14.23.5.2859",
    "1.13.2-latest": "25.0.223",
    "1.14.2-latest": "26.0.63",
    "1.14.3-latest": "27.0.60",
    "1.14.4-latest": "28.2.26",
    "1.14.4-recommended": "28.2.26",
    "1.15-latest": "29.0.4",
    "1.15.1-latest": "30.0.51",
    "1.15.2-latest": "31.2.57",
    "1.15.2-recommended": "31.2.57",
    "1.16.1-latest": "32.0.108",
    "1.16.2-latest": "33.0.61",
    "1.16.3-latest": "34.1.42",
    "1.16.3-recommended": "34.1.0",
    "1.16.4-latest": "35.1.37",
    "1.16.4-recommended": "35.1.4",
    "1.16.5-latest": "36.2.42",
    "1.16.5-recommended": "36.2.34",
    "1.17.1-latest": "37.1.1",
    "1.17.1-recommended": "37.1.1",
    "1.18-latest": "38.0.17",
    "1.18.1-latest": "39.1.2",
    "1.18.1-recommended": "39.1.0",
    "1.18.2-recommended": "40.3.0",
    "1.18.2-latest": "40.3.11",
    "1.19-latest": "41.1.0",
    "1.19-recommended": "41.1.0",
    "1.19.1-latest": "42.0.9",
    "1.19.2-recommended": "43.5.0",
    "1.19.2-latest": "43.5.1",
    "1.19.3-latest": "44.1.23",
    "1.19.3-recommended": "44.1.0",
    "1.19.4-recommended": "45.4.0",
    "1.19.4-latest": "45.4.1",
    "1.20-latest": "46.0.14",
    "1.20.1-recommended": "47.4.0",
    "1.20.1-latest": "47.4.4",
    "1.20.2-latest": "48.1.0",
    "1.20.2-recommended": "48.1.0",
    "1.20.3-latest": "49.0.2",
    "1.20.4-latest": "49.2.0",
    "1.20.4-recommended": "49.2.0",
    "1.20.6-latest": "50.2.1",
    "1.20.6-recommended": "50.2.0",
    "1.21-latest": "51.0.33",
    "1.21.1-latest": "52.1.2",
    "1.21.1-recommended": "52.1.0",
    "1.21.3-latest": "53.1.2",
    "1.21.3-recommended": "53.1.0",
    "1.21.4-latest": "54.1.5",
    "1.21.4-recommended": "54.1.0",
    "1.21.5-latest": "55.0.24",
    "1.21.6-latest": "56.0.9",
    "1.21.7-latest": "57.0.3",
    "1.21.8-latest": "58.0.1"
  }
}
[30Jul2025 23:53:41.731] [Forge Version Check/INFO] [net.minecraftforge.fml.VersionChecker/]: [forge] Found status: OUTDATED Current: 47.3.7 Target: 47.4.0
[30Jul2025 23:53:41.731] [Forge Version Check/INFO] [net.minecraftforge.fml.VersionChecker/]: [twilightforest] Starting version check at https://gh.tamaized.com/TeamTwilight/twilightforest/update.json
[30Jul2025 23:53:41.842] [Forge Version Check/DEBUG] [net.minecraftforge.fml.VersionChecker/]: [twilightforest] Received version check data:
{
  "homepage": "https://minecraft.curseforge.com/projects/the-twilight-forest",
  "promos": {
	"1.20.2-latest": "4.4.1977",
	"1.20.2-recommended": "4.4.1977",
	"1.20.1-latest": "4.3.1893",
	"1.20.1-recommended": "4.3.1893",
	"1.19.4-latest": "4.2.1696",
	"1.19.4-recommended": "4.2.1696",
	"1.18.2-latest": "4.1.1494",
	"1.18.2-recommended": "4.1.1494",
	"1.17.1-latest": "4.0.943",
	"1.17.1-recommended": "4.0.943",
	"1.16.5-latest": "4.0.870",
	"1.16.5-recommended": "4.0.870",
	"1.12.2-latest": "3.11.1021",
	"1.12.2-recommended": "3.11.1021",
	"1.7.10-latest": "2.4.3",
	"1.7.10-recommended": "2.4.3"
  }
}
[30Jul2025 23:53:41.842] [Forge Version Check/INFO] [net.minecraftforge.fml.VersionChecker/]: [twilightforest] Found status: AHEAD Current: 4.3.2508 Target: null
[30Jul2025 23:53:45.055] [main/DEBUG] [net.minecraftforge.coremod.transformer.CoreModBaseTransformer/COREMOD]: Transforming <init> with desc (JZZLjava/util/Optional;)V
[30Jul2025 23:53:45.066] [main/DEBUG] [net.minecraftforge.coremod.transformer.CoreModBaseTransformer/COREMOD]: Transforming m_226857_ with desc (Lnet/minecraft/world/level/levelgen/structure/pieces/StructurePieceSerializationContext;Lnet/minecraft/nbt/CompoundTag;J)Lnet/minecraft/world/level/levelgen/structure/StructureStart;
[30Jul2025 23:53:45.088] [main/INFO] [com.mojang.authlib.yggdrasil.YggdrasilAuthenticationService/]: Environment: authHost='https://authserver.mojang.com', accountsHost='https://api.mojang.com', sessionHost='https://sessionserver.mojang.com', servicesHost='https://api.minecraftservices.com', name='PROD'
[30Jul2025 23:53:45.119] [main/DEBUG] [net.minecraftforge.coremod.transformer.CoreModBaseTransformer/COREMOD]: Transforming m_78311_ with desc ()V
[30Jul2025 23:53:48.374] [main/DEBUG] [mixin/]: Mixing VanillaPackResourcesAccessor from creativecore.mixins.json into net.minecraft.server.packs.VanillaPackResources
[30Jul2025 23:53:48.376] [main/WARN] [net.minecraft.server.packs.VanillaPackResourcesBuilder/]: Assets URL 'union:/workspaces/ServeraMC/servidor_minecraft/libraries/net/minecraft/server/1.20.1-20230612.114412/server-1.20.1-20230612.114412-srg.jar%23179!/assets/.mcassetsroot' uses unexpected schema
[30Jul2025 23:53:48.377] [main/WARN] [net.minecraft.server.packs.VanillaPackResourcesBuilder/]: Assets URL 'union:/workspaces/ServeraMC/servidor_minecraft/libraries/net/minecraft/server/1.20.1-20230612.114412/server-1.20.1-20230612.114412-srg.jar%23179!/data/.mcassetsroot' uses unexpected schema
[30Jul2025 23:53:48.407] [main/DEBUG] [mixin/]: Mixing ServerPlayerGameModeMixin from mixins.improvableskills.json into net.minecraft.server.level.ServerPlayerGameMode
[30Jul2025 23:53:48.422] [main/DEBUG] [mixin/]: Mixing PathPackResourcesAccessor from creativecore.mixins.json into net.minecraft.server.packs.PathPackResources
[30Jul2025 23:53:48.427] [main/DEBUG] [net.minecraftforge.server.ServerLifecycleHooks/CORE]: Generating PackInfo named mod:voicechat for mod file /workspaces/ServeraMC/servidor_minecraft/mods/voicechat-forge-1.20.1-2.5.30.jar
[30Jul2025 23:53:48.427] [main/DEBUG] [net.minecraftforge.server.ServerLifecycleHooks/CORE]: Generating PackInfo named mod:kuma_api for mod file 
[30Jul2025 23:53:48.428] [main/DEBUG] [net.minecraftforge.server.ServerLifecycleHooks/CORE]: Generating PackInfo named mod:ambientsounds for mod file /workspaces/ServeraMC/servidor_minecraft/mods/AmbientSounds_FORGE_v6.1.11_mc1.20.1.jar
[30Jul2025 23:53:48.428] [main/DEBUG] [net.minecraftforge.server.ServerLifecycleHooks/CORE]: Generating PackInfo named mod:jade for mod file /workspaces/ServeraMC/servidor_minecraft/mods/Jade-1.20.1-Forge-11.13.1.jar
[30Jul2025 23:53:48.428] [main/DEBUG] [net.minecraftforge.server.ServerLifecycleHooks/CORE]: Generating PackInfo named mod:geckolib for mod file /workspaces/ServeraMC/servidor_minecraft/mods/geckolib-forge-1.20.1-4.7.2.jar
[30Jul2025 23:53:48.429] [main/DEBUG] [net.minecraftforge.server.ServerLifecycleHooks/CORE]: Generating PackInfo named mod:creativecore for mod file /workspaces/ServeraMC/servidor_minecraft/mods/CreativeCore_FORGE_v2.12.32_mc1.20.1.jar
[30Jul2025 23:53:48.429] [main/DEBUG] [net.minecraftforge.server.ServerLifecycleHooks/CORE]: Generating PackInfo named mod:thalassophobia for mod file /workspaces/ServeraMC/servidor_minecraft/mods/Thalassophobia-forge-1.20.1-1.4.jar
[30Jul2025 23:53:48.429] [main/DEBUG] [net.minecraftforge.server.ServerLifecycleHooks/CORE]: Generating PackInfo named mod:jei for mod file /workspaces/ServeraMC/servidor_minecraft/mods/jei-1.20.1-forge-15.20.0.106.jar
[30Jul2025 23:53:48.429] [main/DEBUG] [net.minecraftforge.server.ServerLifecycleHooks/CORE]: Generating PackInfo named mod:cgm for mod file /workspaces/ServeraMC/servidor_minecraft/mods/CGM-Unofficial-1.4.18+Forge+1.20.1.jar
[30Jul2025 23:53:48.430] [main/DEBUG] [net.minecraftforge.server.ServerLifecycleHooks/CORE]: Generating PackInfo named mod:lionfishapi for mod file /workspaces/ServeraMC/servidor_minecraft/mods/lionfishapi-2.4-Fix.jar
[30Jul2025 23:53:48.430] [main/DEBUG] [net.minecraftforge.server.ServerLifecycleHooks/CORE]: Generating PackInfo named mod:hammerlib for mod file /workspaces/ServeraMC/servidor_minecraft/mods/HammerLib-1.20.1-20.1.50.jar
[30Jul2025 23:53:48.430] [main/DEBUG] [net.minecraftforge.server.ServerLifecycleHooks/CORE]: Generating PackInfo named mod:improvableskills for mod file /workspaces/ServeraMC/servidor_minecraft/mods/ImprovableSkills-1.20.1-20.1.13.jar
[30Jul2025 23:53:48.430] [main/DEBUG] [net.minecraftforge.server.ServerLifecycleHooks/CORE]: Generating PackInfo named mod:sophisticatedcore for mod file /workspaces/ServeraMC/servidor_minecraft/mods/sophisticatedcore-1.20.1-1.2.71.1022.jar
[30Jul2025 23:53:48.431] [main/DEBUG] [net.minecraftforge.server.ServerLifecycleHooks/CORE]: Generating PackInfo named mod:cataclysm for mod file /workspaces/ServeraMC/servidor_minecraft/mods/L_Enders_Cataclysm-3.03.jar
[30Jul2025 23:53:48.431] [main/DEBUG] [net.minecraftforge.server.ServerLifecycleHooks/CORE]: Generating PackInfo named mod:curios for mod file /workspaces/ServeraMC/servidor_minecraft/mods/curios-forge-5.14.1+1.20.1.jar
[30Jul2025 23:53:48.431] [main/DEBUG] [net.minecraftforge.server.ServerLifecycleHooks/CORE]: Generating PackInfo named mod:sound_physics_remastered for mod file /workspaces/ServeraMC/servidor_minecraft/mods/sound-physics-remastered-forge-1.20.1-1.4.13.jar
[30Jul2025 23:53:48.431] [main/DEBUG] [net.minecraftforge.server.ServerLifecycleHooks/CORE]: Generating PackInfo named mod:waystones for mod file /workspaces/ServeraMC/servidor_minecraft/mods/waystones-forge-1.20.1-14.1.13.jar
[30Jul2025 23:53:48.432] [main/DEBUG] [net.minecraftforge.server.ServerLifecycleHooks/CORE]: Generating PackInfo named mod:saros_first_aid_mod for mod file /workspaces/ServeraMC/servidor_minecraft/mods/Saros-First-Aid-Mod-1.20.1-1.3.jar
[30Jul2025 23:53:48.432] [main/DEBUG] [net.minecraftforge.server.ServerLifecycleHooks/CORE]: Generating PackInfo named mod:xaeroworldmap for mod file /workspaces/ServeraMC/servidor_minecraft/mods/XaerosWorldMap_1.39.9_Forge_1.20.jar
[30Jul2025 23:53:48.432] [main/DEBUG] [net.minecraftforge.server.ServerLifecycleHooks/CORE]: Generating PackInfo named mod:reskillable for mod file /workspaces/ServeraMC/servidor_minecraft/mods/reskillable-3.3.2-1.20.1.jar
[30Jul2025 23:53:48.433] [main/DEBUG] [net.minecraftforge.server.ServerLifecycleHooks/CORE]: Generating PackInfo named mod:citadel for mod file /workspaces/ServeraMC/servidor_minecraft/mods/citadel-2.6.2-1.20.1.jar
[30Jul2025 23:53:48.433] [main/DEBUG] [net.minecraftforge.server.ServerLifecycleHooks/CORE]: Generating PackInfo named mod:alexscaves for mod file /workspaces/ServeraMC/servidor_minecraft/mods/alexscaves-2.0.2.jar
[30Jul2025 23:53:48.433] [main/DEBUG] [net.minecraftforge.server.ServerLifecycleHooks/CORE]: Generating PackInfo named mod:alexsmobs for mod file /workspaces/ServeraMC/servidor_minecraft/mods/alexsmobs-1.22.9.jar
[30Jul2025 23:53:48.433] [main/DEBUG] [net.minecraftforge.server.ServerLifecycleHooks/CORE]: Generating PackInfo named mod:naturescompass for mod file /workspaces/ServeraMC/servidor_minecraft/mods/NaturesCompass-1.20.1-1.11.2-forge.jar
[30Jul2025 23:53:48.434] [main/DEBUG] [net.minecraftforge.server.ServerLifecycleHooks/CORE]: Generating PackInfo named mod:aaa_particles for mod file /workspaces/ServeraMC/servidor_minecraft/mods/aaa_particles-1.20.1-1.4.11-forge.jar
[30Jul2025 23:53:48.434] [main/DEBUG] [net.minecraftforge.server.ServerLifecycleHooks/CORE]: Generating PackInfo named mod:mixinextras for mod file 
[30Jul2025 23:53:48.434] [main/DEBUG] [net.minecraftforge.server.ServerLifecycleHooks/CORE]: Generating PackInfo named mod:tombstone for mod file /workspaces/ServeraMC/servidor_minecraft/mods/tombstone-1.20.1-8.9.8.jar
[30Jul2025 23:53:48.434] [main/DEBUG] [net.minecraftforge.server.ServerLifecycleHooks/CORE]: Generating PackInfo named mod:sophisticatedbackpacks for mod file /workspaces/ServeraMC/servidor_minecraft/mods/sophisticatedbackpacks-1.20.1-3.23.19.1263.jar
[30Jul2025 23:53:48.435] [main/DEBUG] [net.minecraftforge.server.ServerLifecycleHooks/CORE]: Generating PackInfo named mod:sandworm_mod for mod file /workspaces/ServeraMC/servidor_minecraft/mods/sandworm_mod-1.1.1.jar
[30Jul2025 23:53:48.435] [main/DEBUG] [net.minecraftforge.server.ServerLifecycleHooks/CORE]: Generating PackInfo named mod:relics for mod file /workspaces/ServeraMC/servidor_minecraft/mods/relics-1.20.1-0.8.0.9.jar
[30Jul2025 23:53:48.435] [main/DEBUG] [net.minecraftforge.server.ServerLifecycleHooks/CORE]: Generating PackInfo named mod:architectury for mod file 
[30Jul2025 23:53:48.435] [main/DEBUG] [net.minecraftforge.server.ServerLifecycleHooks/CORE]: Generating PackInfo named mod:octolib for mod file /workspaces/ServeraMC/servidor_minecraft/mods/OctoLib-FORGE-0.5.0.1+1.20.1.jar
[30Jul2025 23:53:48.435] [main/DEBUG] [net.minecraftforge.server.ServerLifecycleHooks/CORE]: Generating PackInfo named mod:iceandfire for mod file /workspaces/ServeraMC/servidor_minecraft/mods/iceandfire-2.1.13-1.20.1-beta-5.jar
[30Jul2025 23:53:48.436] [main/DEBUG] [net.minecraftforge.server.ServerLifecycleHooks/CORE]: Generating PackInfo named mod:dragonseeker for mod file /workspaces/ServeraMC/servidor_minecraft/mods/dragonseeker-1.2.0-1.20.1.jar
[30Jul2025 23:53:48.436] [main/DEBUG] [net.minecraftforge.server.ServerLifecycleHooks/CORE]: Generating PackInfo named mod:balm for mod file /workspaces/ServeraMC/servidor_minecraft/mods/balm-forge-1.20.1-7.3.31-all.jar
[30Jul2025 23:53:48.436] [main/DEBUG] [net.minecraftforge.server.ServerLifecycleHooks/CORE]: Generating PackInfo named mod:carryon for mod file /workspaces/ServeraMC/servidor_minecraft/mods/carryon-forge-1.20.1-2.1.2.7.jar
[30Jul2025 23:53:48.436] [main/DEBUG] [net.minecraftforge.server.ServerLifecycleHooks/CORE]: Generating PackInfo named mod:framework for mod file /workspaces/ServeraMC/servidor_minecraft/mods/framework-forge-1.20.1-0.7.15.jar
[30Jul2025 23:53:48.436] [main/DEBUG] [net.minecraftforge.server.ServerLifecycleHooks/CORE]: Generating PackInfo named mod:lodestone for mod file /workspaces/ServeraMC/servidor_minecraft/mods/lodestone-1.20.1-1.6.4.1.jar
[30Jul2025 23:53:48.437] [main/DEBUG] [net.minecraftforge.server.ServerLifecycleHooks/CORE]: Generating PackInfo named mod:firstaid for mod file /workspaces/ServeraMC/servidor_minecraft/mods/firstaid-1.20.1-1.1.jar
[30Jul2025 23:53:48.437] [main/DEBUG] [net.minecraftforge.server.ServerLifecycleHooks/CORE]: Generating PackInfo named mod:forge for mod file /workspaces/ServeraMC/servidor_minecraft/libraries/net/minecraftforge/forge/1.20.1-47.3.7/forge-1.20.1-47.3.7-universal.jar
[30Jul2025 23:53:48.437] [main/DEBUG] [net.minecraftforge.server.ServerLifecycleHooks/CORE]: Generating PackInfo named mod:appleskin for mod file /workspaces/ServeraMC/servidor_minecraft/mods/appleskin-forge-mc1.20.1-2.5.1.jar
[30Jul2025 23:53:48.437] [main/DEBUG] [net.minecraftforge.server.ServerLifecycleHooks/CORE]: Generating PackInfo named mod:twilightforest for mod file /workspaces/ServeraMC/servidor_minecraft/mods/twilightforest-1.20.1-4.3.2508-universal.jar
[30Jul2025 23:53:48.437] [main/DEBUG] [net.minecraftforge.server.ServerLifecycleHooks/CORE]: Generating PackInfo named mod:alexs_mobs_extra_music for mod file /workspaces/ServeraMC/servidor_minecraft/mods/Alex's Mobs Music Mod 1.20.1 v1.1.0.jar
[30Jul2025 23:53:49.362] [main/DEBUG] [mixin/]: Mixing PrimaryLevelDataMixin from citadel.mixins.json into net.minecraft.world.level.storage.PrimaryLevelData
[30Jul2025 23:53:49.388] [main/DEBUG] [mixin/]: Mixing MixinLootDataManager from architectury.mixins.json into net.minecraft.world.level.storage.loot.LootDataManager
[30Jul2025 23:53:49.401] [main/DEBUG] [mixin/]: Mixing recipe.TagManagerAccessor from mixins.hammerlib.json into net.minecraft.tags.TagManager
[30Jul2025 23:53:49.533] [main/DEBUG] [net.minecraftforge.coremod.transformer.CoreModBaseTransformer/COREMOD]: Transforming net/minecraft/server/commands/SummonCommand
[30Jul2025 23:53:49.714] [main/DEBUG] [mixin/]: Mixing TagLoaderMixin from mixins.hammerlib.json into net.minecraft.tags.TagLoader
[30Jul2025 23:53:49.714] [main/DEBUG] [mixin/]: Renaming synthetic method lambda$load_HammerLib$0(Lnet/minecraftforge/registries/ForgeRegistry;)Z to md736100$lambda$load_HammerLib$0$0 in mixins.hammerlib.json:TagLoaderMixin
[30Jul2025 23:53:49.720] [main/DEBUG] [mixin/]: Mixing recipe.ConditionContextAccessor from mixins.hammerlib.json into net.minecraftforge.common.crafting.conditions.ConditionContext
[30Jul2025 23:53:49.729] [main/INFO] [com.github.alexthe666.alexsmobs.AlexsMobs/]: Adding datapack listener capsid_recipes
[30Jul2025 23:53:49.740] [Worker-Main-3/WARN] [HammerLib/]: Unable to find registry for tag directory tags/twilight/restrictions
[30Jul2025 23:53:49.741] [Worker-Main-1/INFO] [HammerLib/]: Built tags for registry forge:global_loot_modifier_serializers
[30Jul2025 23:53:49.752] [Worker-Main-2/WARN] [HammerLib/]: Unable to find registry for tag directory tags/game_events
[30Jul2025 23:53:49.752] [Worker-Main-1/WARN] [HammerLib/]: Unable to find registry for tag directory tags/instrument
[30Jul2025 23:53:49.756] [Worker-Main-1/WARN] [HammerLib/]: Unable to find registry for tag directory tags/loot_number_provider_type
[30Jul2025 23:53:49.759] [Worker-Main-1/WARN] [HammerLib/]: Unable to find registry for tag directory tags/loot_condition_type
[30Jul2025 23:53:49.761] [Worker-Main-1/WARN] [HammerLib/]: Unable to find registry for tag directory tags/int_provider_type
[30Jul2025 23:53:49.762] [Worker-Main-1/WARN] [HammerLib/]: Unable to find registry for tag directory tags/worldgen/material_condition
[30Jul2025 23:53:49.764] [Worker-Main-1/INFO] [HammerLib/]: Built tags for registry minecraft:particle_type
[30Jul2025 23:53:49.764] [Worker-Main-3/INFO] [HammerLib/]: Built tags for registry minecraft:worldgen/biome
[30Jul2025 23:53:49.766] [Worker-Main-1/INFO] [HammerLib/]: Built tags for registry minecraft:sound_event
[30Jul2025 23:53:49.769] [Worker-Main-3/INFO] [HammerLib/]: Built tags for registry forge:fluid_type
[30Jul2025 23:53:49.769] [Worker-Main-1/WARN] [HammerLib/]: Unable to find registry for tag directory tags/worldgen/structure_piece
[30Jul2025 23:53:49.771] [Worker-Main-1/INFO] [HammerLib/]: Built tags for registry minecraft:menu
[30Jul2025 23:53:49.771] [Worker-Main-3/WARN] [HammerLib/]: Unable to find registry for tag directory tags/worldgen/multi_noise_biome_source_parameter_list
[30Jul2025 23:53:49.773] [Worker-Main-1/WARN] [HammerLib/]: Unable to find registry for tag directory tags/position_source_type
[30Jul2025 23:53:49.774] [Worker-Main-3/WARN] [HammerLib/]: Unable to find registry for tag directory tags/worldgen/trunk_placer_type
[30Jul2025 23:53:49.776] [Worker-Main-2/INFO] [HammerLib/]: Built tags for registry minecraft:entity_type
[30Jul2025 23:53:49.778] [Worker-Main-3/WARN] [HammerLib/]: Unable to find registry for tag directory tags/worldgen/structure
[30Jul2025 23:53:49.777] [Worker-Main-1/WARN] [HammerLib/]: Unable to find registry for tag directory tags/worldgen/root_placer_type
[30Jul2025 23:53:49.780] [Worker-Main-3/WARN] [HammerLib/]: Unable to find registry for tag directory tags/worldgen/configured_feature
[30Jul2025 23:53:49.784] [Worker-Main-1/WARN] [HammerLib/]: Unable to find registry for tag directory tags/firstaid/damage_distributions
[30Jul2025 23:53:49.785] [Worker-Main-2/ERROR] [net.minecraft.tags.TagLoader/]: Couldn't load tag minecraft:impact_projectiles as it is missing following references: cataclysm:ceraunus (from L_Enders_Cataclysm-3.03.jar)
[30Jul2025 23:53:49.789] [Worker-Main-2/WARN] [HammerLib/]: Unable to find registry for tag directory tags/worldgen/structure_pool_element
[30Jul2025 23:53:49.791] [Worker-Main-1/WARN] [HammerLib/]: Unable to find registry for tag directory tags/rule_test
[30Jul2025 23:53:49.792] [Worker-Main-2/WARN] [HammerLib/]: Unable to find registry for tag directory tags/worldgen/processor_list
[30Jul2025 23:53:49.795] [Worker-Main-1/WARN] [HammerLib/]: Unable to find registry for tag directory tags/worldgen/structure_type
[30Jul2025 23:53:49.796] [Worker-Main-2/WARN] [HammerLib/]: Unable to find registry for tag directory tags/worldgen/density_function
[30Jul2025 23:53:49.798] [Worker-Main-2/WARN] [HammerLib/]: Unable to find registry for tag directory tags/chat_type
[30Jul2025 23:53:49.796] [Worker-Main-1/INFO] [HammerLib/]: Built tags for registry minecraft:worldgen/foliage_placer_type
[30Jul2025 23:53:49.803] [Worker-Main-1/WARN] [HammerLib/]: Unable to find registry for tag directory tags/dimension_type
[30Jul2025 23:53:49.803] [Worker-Main-1/WARN] [HammerLib/]: Unable to find registry for tag directory tags/worldgen/chunk_generator
[30Jul2025 23:53:49.804] [Worker-Main-1/WARN] [HammerLib/]: Unable to find registry for tag directory tags/worldgen/biome_source
[30Jul2025 23:53:49.805] [Worker-Main-1/WARN] [HammerLib/]: Unable to find registry for tag directory tags/float_provider_type
[30Jul2025 23:53:49.806] [Worker-Main-2/INFO] [HammerLib/]: Built tags for registry minecraft:enchantment
[30Jul2025 23:53:49.807] [Worker-Main-2/WARN] [HammerLib/]: Unable to find registry for tag directory tags/worldgen/configured_carver
[30Jul2025 23:53:49.807] [Worker-Main-2/INFO] [HammerLib/]: Built tags for registry minecraft:memory_module_type
[30Jul2025 23:53:49.808] [Worker-Main-2/WARN] [HammerLib/]: Unable to find registry for tag directory tags/custom_stat
[30Jul2025 23:53:49.809] [Worker-Main-1/WARN] [HammerLib/]: Unable to find registry for tag directory tags/loot_pool_entry_type
[30Jul2025 23:53:49.810] [Worker-Main-2/INFO] [HammerLib/]: Built tags for registry minecraft:stat_type
[30Jul2025 23:53:49.811] [Worker-Main-2/WARN] [HammerLib/]: Unable to find registry for tag directory tags/cat_variant
[30Jul2025 23:53:49.811] [Worker-Main-1/WARN] [HammerLib/]: Unable to find registry for tag directory tags/firstaid/debuffs
[30Jul2025 23:53:49.812] [Worker-Main-2/INFO] [HammerLib/]: Built tags for registry minecraft:worldgen/block_state_provider_type
[30Jul2025 23:53:49.812] [Worker-Main-1/WARN] [HammerLib/]: Unable to find registry for tag directory tags/worldgen/density_function_type
[30Jul2025 23:53:49.813] [Worker-Main-2/WARN] [HammerLib/]: Unable to find registry for tag directory tags/rule_block_entity_modifier
[30Jul2025 23:53:49.813] [Worker-Main-2/WARN] [HammerLib/]: Unable to find registry for tag directory tags/worldgen/noise_settings
[30Jul2025 23:53:49.814] [Worker-Main-2/INFO] [HammerLib/]: Built tags for registry forge:entity_data_serializers
[30Jul2025 23:53:49.815] [Worker-Main-2/INFO] [HammerLib/]: Built tags for registry minecraft:worldgen/tree_decorator_type
[30Jul2025 23:53:49.816] [Worker-Main-2/WARN] [HammerLib/]: Unable to find registry for tag directory tags/loot_score_provider_type
[30Jul2025 23:53:49.817] [Worker-Main-2/WARN] [HammerLib/]: Unable to find registry for tag directory tags/trim_pattern
[30Jul2025 23:53:49.822] [Worker-Main-2/WARN] [HammerLib/]: Unable to find registry for tag directory tags/worldgen/structure_set
[30Jul2025 23:53:49.823] [Worker-Main-2/WARN] [HammerLib/]: Unable to find registry for tag directory tags/loot_function_type
[30Jul2025 23:53:49.823] [Worker-Main-2/INFO] [HammerLib/]: Built tags for registry minecraft:worldgen/carver
[30Jul2025 23:53:49.824] [Worker-Main-2/WARN] [HammerLib/]: Unable to find registry for tag directory tags/worldgen/world_preset
[30Jul2025 23:53:49.827] [Worker-Main-1/WARN] [HammerLib/]: Unable to find registry for tag directory tags/banner_pattern
[30Jul2025 23:53:49.828] [Worker-Main-1/WARN] [HammerLib/]: Unable to find registry for tag directory tags/block_predicate_type
[30Jul2025 23:53:49.830] [Worker-Main-2/WARN] [HammerLib/]: Unable to find registry for tag directory tags/damage_type
[30Jul2025 23:53:49.831] [Worker-Main-2/INFO] [HammerLib/]: Built tags for registry minecraft:worldgen/feature
[30Jul2025 23:53:49.829] [Worker-Main-1/INFO] [HammerLib/]: Built tags for registry minecraft:potion
[30Jul2025 23:53:49.832] [Worker-Main-2/WARN] [HammerLib/]: Unable to find registry for tag directory tags/twilight/magic_paintings
[30Jul2025 23:53:49.833] [Worker-Main-1/WARN] [HammerLib/]: Unable to find registry for tag directory tags/worldgen/flat_level_generator_preset
[30Jul2025 23:53:49.833] [Worker-Main-2/WARN] [HammerLib/]: Unable to find registry for tag directory tags/forge/biome_modifier
[30Jul2025 23:53:49.834] [Worker-Main-1/WARN] [HammerLib/]: Unable to find registry for tag directory tags/forge/structure_modifier
[30Jul2025 23:53:49.834] [Worker-Main-2/INFO] [HammerLib/]: Built tags for registry minecraft:villager_profession
[30Jul2025 23:53:49.834] [Worker-Main-1/WARN] [HammerLib/]: Unable to find registry for tag directory tags/decorated_pot_patterns
[30Jul2025 23:53:49.835] [Worker-Main-2/WARN] [HammerLib/]: Unable to find registry for tag directory tags/villager_type
[30Jul2025 23:53:49.836] [Worker-Main-2/WARN] [HammerLib/]: Unable to find registry for tag directory tags/worldgen/placed_feature
[30Jul2025 23:53:49.836] [Worker-Main-2/WARN] [HammerLib/]: Unable to find registry for tag directory tags/frog_variant
[30Jul2025 23:53:49.837] [Worker-Main-2/WARN] [HammerLib/]: Unable to find registry for tag directory tags/creative_mode_tab
[30Jul2025 23:53:49.838] [Worker-Main-2/INFO] [HammerLib/]: Built tags for registry minecraft:recipe_type
[30Jul2025 23:53:49.839] [Worker-Main-1/INFO] [HammerLib/]: Built tags for registry minecraft:point_of_interest_type
[30Jul2025 23:53:49.839] [Worker-Main-2/WARN] [HammerLib/]: Unable to find registry for tag directory tags/worldgen/noise
[30Jul2025 23:53:49.840] [Worker-Main-1/INFO] [HammerLib/]: Built tags for registry minecraft:command_argument_type
[30Jul2025 23:53:49.840] [Worker-Main-2/INFO] [HammerLib/]: Built tags for registry minecraft:recipe_serializer
[30Jul2025 23:53:49.841] [Worker-Main-2/WARN] [HammerLib/]: Unable to find registry for tag directory tags/worldgen/structure_placement
[30Jul2025 23:53:49.841] [Worker-Main-2/WARN] [HammerLib/]: Unable to find registry for tag directory tags/twilight/biome_layer_stack
[30Jul2025 23:53:49.842] [Worker-Main-2/WARN] [HammerLib/]: Unable to find registry for tag directory tags/dimension
[30Jul2025 23:53:49.848] [Worker-Main-2/INFO] [HammerLib/]: Built tags for registry minecraft:activity
[30Jul2025 23:53:49.849] [Worker-Main-1/INFO] [HammerLib/]: Built tags for registry minecraft:schedule
[30Jul2025 23:53:49.850] [Worker-Main-3/INFO] [HammerLib/]: Built tags for registry minecraft:item
[30Jul2025 23:53:49.853] [Worker-Main-1/INFO] [HammerLib/]: Built tags for registry twilightforest:dwarf_rabbit_variant
[30Jul2025 23:53:49.853] [Worker-Main-2/WARN] [HammerLib/]: Unable to find registry for tag directory tags/worldgen/feature_size_type
[30Jul2025 23:53:49.855] [Worker-Main-1/INFO] [HammerLib/]: Built tags for registry minecraft:attribute
[30Jul2025 23:53:49.854] [Worker-Main-2/WARN] [HammerLib/]: Unable to find registry for tag directory tags/twilight/wood_palettes
[30Jul2025 23:53:49.860] [Worker-Main-1/WARN] [HammerLib/]: Unable to find registry for tag directory tags/lionfishapi/modded_biome_slices
[30Jul2025 23:53:49.862] [Worker-Main-2/WARN] [HammerLib/]: Unable to find registry for tag directory tags/pos_rule_test
[30Jul2025 23:53:49.862] [Worker-Main-1/INFO] [HammerLib/]: Built tags for registry minecraft:block_entity_type
[30Jul2025 23:53:49.866] [Worker-Main-2/INFO] [HammerLib/]: Built tags for registry minecraft:fluid
[30Jul2025 23:53:49.867] [Worker-Main-1/WARN] [HammerLib/]: Unable to find registry for tag directory tags/loot_nbt_provider_type
[30Jul2025 23:53:49.871] [Worker-Main-3/WARN] [HammerLib/]: Unable to find registry for tag directory tags/trim_material
[30Jul2025 23:53:49.872] [Worker-Main-3/INFO] [HammerLib/]: Built tags for registry minecraft:sensor_type
[30Jul2025 23:53:49.872] [Worker-Main-2/WARN] [HammerLib/]: Unable to find registry for tag directory tags/height_provider_type
[30Jul2025 23:53:49.873] [Worker-Main-3/INFO] [HammerLib/]: Built tags for registry minecraft:painting_variant
[30Jul2025 23:53:49.873] [Worker-Main-1/INFO] [HammerLib/]: Built tags for registry minecraft:mob_effect
[30Jul2025 23:53:49.874] [Worker-Main-3/WARN] [HammerLib/]: Unable to find registry for tag directory tags/worldgen/structure_processor
[30Jul2025 23:53:49.875] [Worker-Main-2/INFO] [HammerLib/]: Built tags for registry twilightforest:tiny_bird_variant
[30Jul2025 23:53:49.876] [Worker-Main-1/INFO] [HammerLib/]: Built tags for registry minecraft:chunk_status
[30Jul2025 23:53:49.877] [Worker-Main-2/WARN] [HammerLib/]: Unable to find registry for tag directory tags/worldgen/placement_modifier_type
[30Jul2025 23:53:49.876] [Worker-Main-3/WARN] [HammerLib/]: Unable to find registry for tag directory tags/worldgen/template_pool
[30Jul2025 23:53:49.878] [Worker-Main-2/WARN] [HammerLib/]: Unable to find registry for tag directory tags/worldgen/material_rule
[30Jul2025 23:53:49.957] [Worker-Main-1/INFO] [HammerLib/]: Built tags for registry minecraft:block
[30Jul2025 23:53:50.106] [Worker-Main-2/DEBUG] [mixin/]: Mixing MixinNbtPredicate from curios.mixins.json into net.minecraft.advancements.critereon.NbtPredicate
[30Jul2025 23:53:50.115] [Worker-Main-2/DEBUG] [net.minecraftforge.coremod.transformer.CoreModBaseTransformer/COREMOD]: Transforming net/minecraft/world/entity/raid/Raid
[30Jul2025 23:53:50.177] [Worker-Main-2/INFO] [ImprovableSkills/]: Injecting scroll for skill 'improvableskills:silent_foot' into LootTable 'minecraft:entities/warden'!
[30Jul2025 23:53:50.190] [Worker-Main-2/DEBUG] [ImprovableSkills/]: SKIPPING parchment injection for LootTable 'minecraft:chests/village/village_mason'!
[30Jul2025 23:53:50.232] [Worker-Main-2/INFO] [ImprovableSkills/]: Injecting parchment into LootTable 'minecraft:chests/bastion_treasure'!
[30Jul2025 23:53:50.239] [Worker-Main-2/DEBUG] [ImprovableSkills/]: SKIPPING parchment injection for LootTable 'minecraft:chests/village/village_fisher'!
[30Jul2025 23:53:50.240] [Worker-Main-2/DEBUG] [ImprovableSkills/]: SKIPPING parchment injection for LootTable 'minecraft:chests/village/village_toolsmith'!
[30Jul2025 23:53:50.243] [Worker-Main-2/INFO] [ImprovableSkills/]: Injecting parchment into LootTable 'twilightforest:chests/labyrinth_vault'!
[30Jul2025 23:53:50.246] [Worker-Main-2/DEBUG] [mixin/]: Mixing MapDecorationTypeMixin from alexscaves.mixins.json into net.minecraft.world.level.saveddata.maps.MapDecoration$Type
[30Jul2025 23:53:50.246] [Worker-Main-2/DEBUG] [mixin/]: Renaming @Invoker method ac_invokeInit(Ljava/lang/String;IZIZ)Lnet/minecraft/world/level/saveddata/maps/MapDecoration$Type; to ac_invokeInit_$md$736100$0 in alexscaves.mixins.json:MapDecorationTypeMixin
[30Jul2025 23:53:50.253] [Worker-Main-2/INFO] [ImprovableSkills/]: Injecting parchment into LootTable 'minecraft:chests/shipwreck_map'!
[30Jul2025 23:53:50.254] [Worker-Main-2/INFO] [ImprovableSkills/]: Injecting parchment into LootTable 'sophisticatedbackpacks:inject/chests/abandoned_mineshaft'!
[30Jul2025 23:53:50.267] [Worker-Main-2/INFO] [ImprovableSkills/]: Injecting parchment into LootTable 'twilightforest:chests/aurora_cache'!
[30Jul2025 23:53:50.268] [Worker-Main-2/INFO] [ImprovableSkills/]: Injecting scroll for skill 'improvableskills:atkdmg_ranged' into LootTable 'minecraft:entities/skeleton'!
[30Jul2025 23:53:50.269] [Worker-Main-2/INFO] [ImprovableSkills/]: Injecting scroll for skill 'improvableskills:ender_manipulator' into LootTable 'minecraft:entities/enderman'!
[30Jul2025 23:53:50.279] [Worker-Main-2/INFO] [ImprovableSkills/]: Injecting parchment into LootTable 'alexscaves:chests/witch_hut'!
[30Jul2025 23:53:50.280] [Worker-Main-2/INFO] [ImprovableSkills/]: Injecting parchment into LootTable 'cataclysm:chests/frosted_prison_treasure'!
[30Jul2025 23:53:50.284] [Worker-Main-2/INFO] [ImprovableSkills/]: Injecting scroll for skill 'improvableskills:obsidian_skin' into LootTable 'minecraft:chests/nether_bridge'!
[30Jul2025 23:53:50.284] [Worker-Main-2/INFO] [ImprovableSkills/]: Injecting parchment into LootTable 'minecraft:chests/nether_bridge'!
[30Jul2025 23:53:50.311] [Worker-Main-2/INFO] [ImprovableSkills/]: Injecting parchment into LootTable 'twilightforest:chests/labyrinth_vault_jackpot'!
[30Jul2025 23:53:50.318] [Worker-Main-2/INFO] [ImprovableSkills/]: Injecting parchment into LootTable 'minecraft:chests/underwater_ruin_small'!
[30Jul2025 23:53:50.323] [Worker-Main-2/INFO] [ImprovableSkills/]: Injecting parchment into LootTable 'twilightforest:chests/stronghold_boss'!
[30Jul2025 23:53:50.325] [Worker-Main-2/INFO] [ImprovableSkills/]: Injecting parchment into LootTable 'alexscaves:chests/underground_cabin'!
[30Jul2025 23:53:50.327] [Worker-Main-2/INFO] [ImprovableSkills/]: Injecting parchment into LootTable 'twilightforest:chests/aurora_room'!
[30Jul2025 23:53:50.328] [Worker-Main-2/INFO] [ImprovableSkills/]: Injecting parchment into LootTable 'alexscaves:chests/underground_cabin_toxic_caves'!
[30Jul2025 23:53:50.330] [Worker-Main-2/INFO] [ImprovableSkills/]: Injecting scroll for skill 'improvableskills:xp_plus' into LootTable 'minecraft:entities/elder_guardian'!
[30Jul2025 23:53:50.332] [Worker-Main-2/INFO] [ImprovableSkills/]: Injecting scroll for skill 'improvableskills:mob_repellent' into LootTable 'minecraft:chests/village/village_armorer'!
[30Jul2025 23:53:50.332] [Worker-Main-2/DEBUG] [ImprovableSkills/]: SKIPPING parchment injection for LootTable 'minecraft:chests/village/village_armorer'!
[30Jul2025 23:53:50.333] [Worker-Main-2/INFO] [ImprovableSkills/]: Injecting parchment into LootTable 'twilightforest:chests/hill_2'!
[30Jul2025 23:53:50.334] [Worker-Main-2/INFO] [ImprovableSkills/]: Injecting parchment into LootTable 'twilightforest:chests/hill_3'!
[30Jul2025 23:53:50.334] [Worker-Main-2/INFO] [ImprovableSkills/]: Injecting parchment into LootTable 'twilightforest:chests/hill_1'!
[30Jul2025 23:53:50.335] [Worker-Main-2/INFO] [ImprovableSkills/]: Injecting parchment into LootTable 'minecraft:chests/bastion_hoglin_stable'!
[30Jul2025 23:53:50.339] [Worker-Main-2/INFO] [ImprovableSkills/]: Injecting parchment into LootTable 'sophisticatedbackpacks:inject/chests/woodland_mansion'!
[30Jul2025 23:53:50.346] [Worker-Main-2/INFO] [ImprovableSkills/]: Injecting parchment into LootTable 'minecraft:chests/igloo_chest'!
[30Jul2025 23:53:50.347] [Worker-Main-2/INFO] [ImprovableSkills/]: Injecting parchment into LootTable 'twilightforest:chests/hedge_maze'!
[30Jul2025 23:53:50.348] [Worker-Main-2/INFO] [ImprovableSkills/]: Injecting scroll for skill 'improvableskills:silent_foot' into LootTable 'minecraft:chests/ancient_city'!
[30Jul2025 23:53:50.348] [Worker-Main-2/INFO] [ImprovableSkills/]: Injecting parchment into LootTable 'minecraft:chests/ancient_city'!
[30Jul2025 23:53:50.352] [Worker-Main-2/INFO] [ImprovableSkills/]: Injecting parchment into LootTable 'alexscaves:chests/underground_cabin_candy_cavity'!
[30Jul2025 23:53:50.355] [Worker-Main-2/INFO] [ImprovableSkills/]: Injecting parchment into LootTable 'alexscaves:chests/underground_cabin_abyssal_chasm'!
[30Jul2025 23:53:50.359] [Worker-Main-2/INFO] [ImprovableSkills/]: Injecting parchment into LootTable 'twilightforest:chests/fancy_well'!
[30Jul2025 23:53:50.360] [Worker-Main-2/INFO] [ImprovableSkills/]: Injecting parchment into LootTable 'twilightforest:chests/darktower_boss'!
[30Jul2025 23:53:50.361] [Worker-Main-2/INFO] [ImprovableSkills/]: Injecting parchment into LootTable 'alexscaves:chests/magnetic_ruins'!
[30Jul2025 23:53:50.362] [Worker-Main-2/INFO] [ImprovableSkills/]: Injecting parchment into LootTable 'twilightforest:chests/stronghold_cache'!
[30Jul2025 23:53:50.363] [Worker-Main-2/INFO] [ImprovableSkills/]: Injecting parchment into LootTable 'alexscaves:chests/forlorn_ruins'!
[30Jul2025 23:53:50.366] [Worker-Main-2/DEBUG] [ImprovableSkills/]: SKIPPING parchment injection for LootTable 'minecraft:chests/village/village_shepherd'!
[30Jul2025 23:53:50.368] [Worker-Main-2/DEBUG] [ImprovableSkills/]: SKIPPING parchment injection for LootTable 'minecraft:chests/village/village_cartographer'!
[30Jul2025 23:53:50.378] [Worker-Main-2/INFO] [ImprovableSkills/]: Injecting parchment into LootTable 'sophisticatedbackpacks:inject/chests/spawn_bonus_chest'!
[30Jul2025 23:53:50.380] [Worker-Main-2/INFO] [ImprovableSkills/]: Injecting parchment into LootTable 'alexscaves:chests/caveman_house'!
[30Jul2025 23:53:50.381] [Worker-Main-2/INFO] [ImprovableSkills/]: Injecting parchment into LootTable 'alexscaves:chests/gingerbread_town'!
[30Jul2025 23:53:50.384] [Worker-Main-2/INFO] [ImprovableSkills/]: Injecting scroll for skill 'improvableskills:growth' into LootTable 'minecraft:chests/jungle_temple'!
[30Jul2025 23:53:50.385] [Worker-Main-2/INFO] [ImprovableSkills/]: Injecting parchment into LootTable 'minecraft:chests/jungle_temple'!
[30Jul2025 23:53:50.388] [Worker-Main-2/INFO] [ImprovableSkills/]: Injecting parchment into LootTable 'alexscaves:chests/toxic_ruins'!
[30Jul2025 23:53:50.391] [Worker-Main-2/DEBUG] [ImprovableSkills/]: SKIPPING parchment injection for LootTable 'minecraft:chests/village/village_desert_house'!
[30Jul2025 23:53:50.394] [Worker-Main-2/INFO] [ImprovableSkills/]: Injecting scroll for skill 'improvableskills:health' into LootTable 'minecraft:chests/end_city_treasure'!
[30Jul2025 23:53:50.394] [Worker-Main-2/INFO] [ImprovableSkills/]: Injecting parchment into LootTable 'minecraft:chests/end_city_treasure'!
[30Jul2025 23:53:50.399] [Worker-Main-2/INFO] [ImprovableSkills/]: Injecting parchment into LootTable 'twilightforest:chests/tree_cache'!
[30Jul2025 23:53:50.401] [Worker-Main-2/INFO] [ImprovableSkills/]: Injecting scroll for skill 'improvableskills:enchanter' into LootTable 'minecraft:chests/stronghold_library'!
[30Jul2025 23:53:50.401] [Worker-Main-2/INFO] [ImprovableSkills/]: Injecting parchment into LootTable 'minecraft:chests/stronghold_library'!
[30Jul2025 23:53:50.404] [Worker-Main-2/DEBUG] [ImprovableSkills/]: SKIPPING parchment injection for LootTable 'minecraft:chests/village/village_weaponsmith'!
[30Jul2025 23:53:50.412] [Worker-Main-2/INFO] [ImprovableSkills/]: Injecting parchment into LootTable 'alexscaves:chests/licowitch_tower'!
[30Jul2025 23:53:50.413] [Worker-Main-2/INFO] [ImprovableSkills/]: Injecting parchment into LootTable 'twilightforest:chests/labyrinth_room'!
[30Jul2025 23:53:50.414] [Worker-Main-2/INFO] [ImprovableSkills/]: Injecting parchment into LootTable 'alexscaves:chests/underground_cabin_forlorn_hollows'!
[30Jul2025 23:53:50.416] [Worker-Main-2/INFO] [ImprovableSkills/]: Injecting scroll for skill 'improvableskills:silent_foot' into LootTable 'minecraft:chests/ancient_city_ice_box'!
[30Jul2025 23:53:50.417] [Worker-Main-2/INFO] [ImprovableSkills/]: Injecting parchment into LootTable 'minecraft:chests/ancient_city_ice_box'!
[30Jul2025 23:53:50.418] [Worker-Main-2/INFO] [ImprovableSkills/]: Injecting scroll for skill 'improvableskills:generic_protection' into LootTable 'minecraft:chests/simple_dungeon'!
[30Jul2025 23:53:50.418] [Worker-Main-2/INFO] [ImprovableSkills/]: Injecting parchment into LootTable 'minecraft:chests/simple_dungeon'!
[30Jul2025 23:53:50.421] [Worker-Main-2/DEBUG] [ImprovableSkills/]: SKIPPING parchment injection for LootTable 'minecraft:chests/village/village_temple'!
[30Jul2025 23:53:50.423] [Worker-Main-2/INFO] [ImprovableSkills/]: Injecting parchment into LootTable 'sophisticatedbackpacks:inject/chests/desert_pyramid'!
[30Jul2025 23:53:50.426] [Worker-Main-2/INFO] [ImprovableSkills/]: Injecting parchment into LootTable 'minecraft:chests/ruined_portal'!
[30Jul2025 23:53:50.431] [Worker-Main-2/INFO] [ImprovableSkills/]: Injecting parchment into LootTable 'alexscaves:chests/abyssal_ruins'!
[30Jul2025 23:53:50.436] [Worker-Main-2/INFO] [ImprovableSkills/]: Injecting parchment into LootTable 'minecraft:chests/shipwreck_supply'!
[30Jul2025 23:53:50.437] [Worker-Main-2/INFO] [ImprovableSkills/]: Injecting scroll for skill 'improvableskills:alchemist' into LootTable 'minecraft:entities/witch'!
[30Jul2025 23:53:50.441] [Worker-Main-2/INFO] [ImprovableSkills/]: Injecting parchment into LootTable 'twilightforest:chests/troll_vault'!
[30Jul2025 23:53:50.443] [Worker-Main-2/INFO] [ImprovableSkills/]: Injecting parchment into LootTable 'twilightforest:chests/stronghold_room'!
[30Jul2025 23:53:50.445] [Worker-Main-2/DEBUG] [ImprovableSkills/]: SKIPPING parchment injection for LootTable 'minecraft:chests/village/village_snowy_house'!
[30Jul2025 23:53:50.450] [Worker-Main-2/INFO] [ImprovableSkills/]: Injecting parchment into LootTable 'minecraft:chests/stronghold_crossing'!
[30Jul2025 23:53:50.452] [Worker-Main-2/INFO] [ImprovableSkills/]: Injecting parchment into LootTable 'twilightforest:chests/well'!
[30Jul2025 23:53:50.453] [Worker-Main-2/INFO] [ImprovableSkills/]: Injecting parchment into LootTable 'alexscaves:chests/underground_cabin_primordial_caves'!
[30Jul2025 23:53:50.453] [Worker-Main-2/INFO] [ImprovableSkills/]: Injecting parchment into LootTable 'sophisticatedbackpacks:inject/chests/shipwreck_treasure'!
[30Jul2025 23:53:50.454] [Worker-Main-2/INFO] [ImprovableSkills/]: Injecting parchment into LootTable 'twilightforest:chests/labyrinth_dead_end'!
[30Jul2025 23:53:50.457] [Worker-Main-2/INFO] [ImprovableSkills/]: Injecting parchment into LootTable 'twilightforest:chests/tower_library'!
[30Jul2025 23:53:50.459] [Worker-Main-2/INFO] [ImprovableSkills/]: Injecting parchment into LootTable 'twilightforest:chests/darktower_key'!
[30Jul2025 23:53:50.460] [Worker-Main-2/INFO] [ImprovableSkills/]: Injecting scroll for skill 'improvableskills:dexterous_arms' into LootTable 'minecraft:chests/abandoned_mineshaft'!
[30Jul2025 23:53:50.460] [Worker-Main-2/INFO] [ImprovableSkills/]: Injecting parchment into LootTable 'minecraft:chests/abandoned_mineshaft'!
[30Jul2025 23:53:50.462] [Worker-Main-2/INFO] [ImprovableSkills/]: Injecting parchment into LootTable 'minecraft:chests/shipwreck_treasure'!
[30Jul2025 23:53:50.464] [Worker-Main-2/INFO] [ImprovableSkills/]: Injecting parchment into LootTable 'alexscaves:chests/licowitch_tower_secret'!
[30Jul2025 23:53:50.469] [Worker-Main-2/INFO] [ImprovableSkills/]: Injecting parchment into LootTable 'minecraft:chests/stronghold_corridor'!
[30Jul2025 23:53:50.533] [Worker-Main-2/INFO] [ImprovableSkills/]: Injecting parchment into LootTable 'twilightforest:chests/quest_grove_dropper'!
[30Jul2025 23:53:50.539] [Worker-Main-2/INFO] [ImprovableSkills/]: Injecting parchment into LootTable 'twilightforest:chests/graveyard'!
[30Jul2025 23:53:50.547] [Worker-Main-2/INFO] [ImprovableSkills/]: Injecting scroll for skill 'improvableskills:luck_of_the_sea' into LootTable 'minecraft:gameplay/fishing'!
[30Jul2025 23:53:50.551] [Worker-Main-2/DEBUG] [ImprovableSkills/]: SKIPPING parchment injection for LootTable 'minecraft:chests/village/village_fletcher'!
[30Jul2025 23:53:50.551] [Worker-Main-2/INFO] [ImprovableSkills/]: Injecting parchment into LootTable 'sophisticatedbackpacks:inject/chests/bastion_treasure'!
[30Jul2025 23:53:50.553] [Worker-Main-2/INFO] [ImprovableSkills/]: Injecting parchment into LootTable 'twilightforest:chests/darktower_cache'!
[30Jul2025 23:53:50.565] [Worker-Main-2/DEBUG] [ImprovableSkills/]: SKIPPING parchment injection for LootTable 'minecraft:chests/village/village_tannery'!
[30Jul2025 23:53:50.566] [Worker-Main-2/INFO] [ImprovableSkills/]: Injecting parchment into LootTable 'minecraft:chests/spawn_bonus_chest'!
[30Jul2025 23:53:50.567] [Worker-Main-2/DEBUG] [ImprovableSkills/]: SKIPPING parchment injection for LootTable 'minecraft:chests/village/village_plains_house'!
[30Jul2025 23:53:50.570] [Worker-Main-2/INFO] [ImprovableSkills/]: Injecting parchment into LootTable 'minecraft:chests/buried_treasure'!
[30Jul2025 23:53:50.571] [Worker-Main-2/INFO] [ImprovableSkills/]: Injecting parchment into LootTable 'cataclysm:chests/acropolis_treasure'!
[30Jul2025 23:53:50.577] [Worker-Main-2/INFO] [ImprovableSkills/]: Injecting scroll for skill 'improvableskills:soul_speed' into LootTable 'minecraft:gameplay/piglin_bartering'!
[30Jul2025 23:53:50.579] [Worker-Main-2/INFO] [ImprovableSkills/]: Injecting scroll for skill 'improvableskills:treasure_sands' into LootTable 'minecraft:chests/desert_pyramid'!
[30Jul2025 23:53:50.579] [Worker-Main-2/INFO] [ImprovableSkills/]: Injecting parchment into LootTable 'minecraft:chests/desert_pyramid'!
[30Jul2025 23:53:50.581] [Worker-Main-2/INFO] [ImprovableSkills/]: Injecting parchment into LootTable 'minecraft:chests/underwater_ruin_big'!
[30Jul2025 23:53:50.581] [Worker-Main-2/INFO] [ImprovableSkills/]: Injecting parchment into LootTable 'sophisticatedbackpacks:inject/chests/end_city_treasure'!
[30Jul2025 23:53:50.582] [Worker-Main-2/INFO] [ImprovableSkills/]: Injecting parchment into LootTable 'sophisticatedbackpacks:inject/chests/simple_dungeon'!
[30Jul2025 23:53:50.584] [Worker-Main-2/INFO] [ImprovableSkills/]: Injecting parchment into LootTable 'sophisticatedbackpacks:inject/chests/nether_bridge'!
[30Jul2025 23:53:50.590] [Worker-Main-2/DEBUG] [tombstone/]: Updating LootTables
[30Jul2025 23:53:50.596] [Worker-Main-2/INFO] [ImprovableSkills/]: Injecting parchment into LootTable 'minecraft:chests/bastion_bridge'!
[30Jul2025 23:53:50.597] [Worker-Main-2/INFO] [ImprovableSkills/]: Injecting parchment into LootTable 'alexscaves:chests/underground_cabin_magnetic_caves'!
[30Jul2025 23:53:50.602] [Worker-Main-2/INFO] [ImprovableSkills/]: Injecting parchment into LootTable 'minecraft:chests/pillager_outpost'!
[30Jul2025 23:53:50.610] [Worker-Main-2/INFO] [ImprovableSkills/]: Injecting parchment into LootTable 'minecraft:chests/jungle_temple_dispenser'!
[30Jul2025 23:53:50.613] [Worker-Main-2/INFO] [ImprovableSkills/]: Injecting parchment into LootTable 'twilightforest:chests/troll_garden'!
[30Jul2025 23:53:50.619] [Worker-Main-2/INFO] [ImprovableSkills/]: Injecting parchment into LootTable 'twilightforest:chests/tower_room'!
[30Jul2025 23:53:50.620] [Worker-Main-2/INFO] [ImprovableSkills/]: Injecting parchment into LootTable 'twilightforest:chests/basement'!
[30Jul2025 23:53:50.622] [Worker-Main-2/DEBUG] [ImprovableSkills/]: SKIPPING parchment injection for LootTable 'minecraft:chests/village/village_savanna_house'!
[30Jul2025 23:53:50.622] [Worker-Main-2/DEBUG] [ImprovableSkills/]: SKIPPING parchment injection for LootTable 'minecraft:chests/village/village_taiga_house'!
[30Jul2025 23:53:50.625] [Worker-Main-2/DEBUG] [ImprovableSkills/]: SKIPPING parchment injection for LootTable 'minecraft:chests/village/village_butcher'!
[30Jul2025 23:53:50.633] [Worker-Main-2/INFO] [ImprovableSkills/]: Injecting parchment into LootTable 'twilightforest:chests/foundation_basement'!
[30Jul2025 23:53:50.634] [Worker-Main-2/INFO] [ImprovableSkills/]: Injecting parchment into LootTable 'twilightforest:chests/troll_vault_with_lamp'!
[30Jul2025 23:53:50.636] [Worker-Main-2/INFO] [ImprovableSkills/]: Injecting parchment into LootTable 'twilightforest:chests/useless'!
[30Jul2025 23:53:50.638] [Worker-Main-2/INFO] [ImprovableSkills/]: Injecting parchment into LootTable 'minecraft:chests/bastion_other'!
[30Jul2025 23:53:50.644] [Worker-Main-2/INFO] [ImprovableSkills/]: Injecting parchment into LootTable 'minecraft:chests/woodland_mansion'!
[30Jul2025 23:53:50.646] [Worker-Main-2/INFO] [ImprovableSkills/]: Injecting scroll for skill 'improvableskills:huckster' into LootTable 'minecraft:gameplay/hero_of_the_village/librarian_gift'!
[30Jul2025 23:53:50.681] [main/WARN] [net.minecraft.world.level.storage.loot.LootDataManager/]: Found loot table element validation problem in {loot_tables:alexsmobs:gameplay/seal_reward}.pools[0].entries[0]->{minecraft:gameplay/fishing/junk}.pools[1].condition[1]: Parameters [<parameter minecraft:origin>] are not provided in this context
[30Jul2025 23:53:50.701] [main/INFO] [net.minecraft.world.item.crafting.RecipeManager/]: Skipping loading recipe twilightforest:jeed/poison as it's serializer returned null
[30Jul2025 23:53:50.744] [main/INFO] [net.minecraft.world.item.crafting.RecipeManager/]: Skipping loading recipe twilightforest:jeed/frosted as it's serializer returned null
[30Jul2025 23:53:50.751] [main/INFO] [net.minecraft.world.item.crafting.RecipeManager/]: Skipping loading recipe twilightforest:jeed/blindness as it's serializer returned null
[30Jul2025 23:53:50.752] [main/INFO] [net.minecraft.world.item.crafting.RecipeManager/]: Skipping loading recipe twilightforest:jeed/hunger as it's serializer returned null
[30Jul2025 23:53:50.755] [main/INFO] [net.minecraft.world.item.crafting.RecipeManager/]: Skipping loading recipe twilightforest:jeed/regeneration as it's serializer returned null
[30Jul2025 23:53:50.757] [main/INFO] [net.minecraft.world.item.crafting.RecipeManager/]: Skipping loading recipe twilightforest:jeed/slowness as it's serializer returned null
[30Jul2025 23:53:50.762] [main/INFO] [net.minecraft.world.item.crafting.RecipeManager/]: Skipping loading recipe twilightforest:jeed/fire_resistance as it's serializer returned null
[30Jul2025 23:53:50.764] [main/INFO] [net.minecraft.world.item.crafting.RecipeManager/]: Skipping loading recipe twilightforest:jeed/resistance as it's serializer returned null
[30Jul2025 23:53:50.767] [main/INFO] [net.minecraft.world.item.crafting.RecipeManager/]: Loaded 15 recipes
[30Jul2025 23:53:50.774] [main/ERROR] [HammerLib/]: Register attachment for RegisterRecipesEvent: org.zeith.hammerlib.core.test.HammerLibRecipeExtension.
[30Jul2025 23:53:50.774] [main/ERROR] [HammerLib/]: Register attachment for RegisterRecipesEvent: org.zeith.improvableskills.api.recipe.Is3RecipeBuilderExtension.
[30Jul2025 23:53:50.786] [main/INFO] [HammerLib/]: Reloading HammerLib recipes...
[30Jul2025 23:53:50.787] [main/INFO] [HammerLib/]: HammerLib injected 16 recipes into recipe map. Removed 0 recipes from the game.
[30Jul2025 23:53:50.788] [main/INFO] [HammerLib/]: Registered 16 additional recipes.
[30Jul2025 23:53:50.789] [main/WARN] [HammerLib/]: Unable to find registry for tag directory tags/functions
[30Jul2025 23:53:50.913] [main/INFO] [net.minecraft.advancements.AdvancementList/]: Loaded 2492 advancements
[30Jul2025 23:53:50.924] [main/INFO] [top.theillusivec4.curios.Curios/]: Loaded 13 curio slots
[30Jul2025 23:53:50.928] [main/ERROR] [top.theillusivec4.curios.Curios/]: talisman is not a registered slot type!
[30Jul2025 23:53:50.929] [main/INFO] [top.theillusivec4.curios.Curios/]: Loaded 1 curio entities
[30Jul2025 23:53:50.930] [main/DEBUG] [sophisticatedbackpacks/]: Started loading registry data from sophisticatedbackpacks:compat/woot/block_tools 
[30Jul2025 23:53:50.930] [main/DEBUG] [sophisticatedbackpacks/]: Started loading registry data from sophisticatedbackpacks:compat/fluxnetworks/block_tools 
[30Jul2025 23:53:50.931] [main/DEBUG] [sophisticatedbackpacks/]: Started loading registry data from sophisticatedbackpacks:compat/mob_grinding_utils/entity_tools 
[30Jul2025 23:53:50.931] [main/DEBUG] [sophisticatedbackpacks/]: Started loading registry data from sophisticatedbackpacks:compat/astralsorcery/block_tools 
[30Jul2025 23:53:50.931] [main/DEBUG] [sophisticatedbackpacks/]: Started loading registry data from sophisticatedbackpacks:compat/immersivepetroleum/block_tools 
[30Jul2025 23:53:50.931] [main/DEBUG] [sophisticatedbackpacks/]: Started loading registry data from sophisticatedbackpacks:compat/immersiveengineering/block_tools 
[30Jul2025 23:53:50.931] [main/DEBUG] [sophisticatedbackpacks/]: Started loading registry data from sophisticatedbackpacks:compat/pedestals/block_tools 
[30Jul2025 23:53:50.931] [main/DEBUG] [sophisticatedbackpacks/]: Started loading registry data from sophisticatedbackpacks:compat/platforms/block_tools 
[30Jul2025 23:53:50.931] [main/DEBUG] [sophisticatedbackpacks/]: Started loading registry data from sophisticatedbackpacks:compat/rftoolsutility/entity_tools 
[30Jul2025 23:53:50.931] [main/DEBUG] [sophisticatedbackpacks/]: Started loading registry data from sophisticatedbackpacks:compat/compactmachines/block_tools 
[30Jul2025 23:53:50.931] [main/DEBUG] [sophisticatedbackpacks/]: Started loading registry data from sophisticatedbackpacks:compat/mcwwindows/block_tools 
[30Jul2025 23:53:50.931] [main/DEBUG] [sophisticatedbackpacks/]: Started loading registry data from sophisticatedbackpacks:compat/integrateddynamics/block_tools 
[30Jul2025 23:53:50.931] [main/DEBUG] [sophisticatedbackpacks/]: Started loading registry data from sophisticatedbackpacks:entity_tools 
[30Jul2025 23:53:50.933] [main/DEBUG] [sophisticatedbackpacks/]: Finished loading registry data for sophisticatedbackpacks:entity_tools
[30Jul2025 23:53:50.933] [main/DEBUG] [sophisticatedbackpacks/]: Started loading registry data from sophisticatedbackpacks:compat/mekanism/block_tools 
[30Jul2025 23:53:50.933] [main/DEBUG] [sophisticatedbackpacks/]: Started loading registry data from sophisticatedbackpacks:compat/powah/block_tools 
[30Jul2025 23:53:50.933] [main/DEBUG] [sophisticatedbackpacks/]: Started loading registry data from sophisticatedbackpacks:compat/apotheosis/entity_tools 
[30Jul2025 23:53:50.933] [main/DEBUG] [sophisticatedbackpacks/]: Started loading registry data from sophisticatedbackpacks:compat/bloodmagic/block_tools 
[30Jul2025 23:53:50.933] [main/DEBUG] [sophisticatedbackpacks/]: Started loading registry data from sophisticatedbackpacks:compat/immersiveposts/block_tools 
[30Jul2025 23:53:50.933] [main/DEBUG] [sophisticatedbackpacks/]: Started loading registry data from sophisticatedbackpacks:compat/rats/entity_tools 
[30Jul2025 23:53:50.933] [main/DEBUG] [sophisticatedbackpacks/]: Started loading registry data from sophisticatedbackpacks:compat/framedcompactdrawers/block_tools 
[30Jul2025 23:53:50.933] [main/DEBUG] [sophisticatedbackpacks/]: Started loading registry data from sophisticatedbackpacks:compat/iceandfire/entity_tools 
[30Jul2025 23:53:50.934] [main/DEBUG] [sophisticatedbackpacks/]: Finished loading registry data for sophisticatedbackpacks:compat/iceandfire/entity_tools
[30Jul2025 23:53:50.934] [main/DEBUG] [sophisticatedbackpacks/]: Started loading registry data from sophisticatedbackpacks:compat/storagedrawers/block_tools 
[30Jul2025 23:53:50.934] [main/DEBUG] [sophisticatedbackpacks/]: Started loading registry data from sophisticatedbackpacks:compat/mcwroofs/block_tools 
[30Jul2025 23:53:50.934] [main/DEBUG] [sophisticatedbackpacks/]: Started loading registry data from sophisticatedbackpacks:compat/morphtool/block_tools 
[30Jul2025 23:53:50.934] [main/DEBUG] [sophisticatedbackpacks/]: Started loading registry data from sophisticatedbackpacks:compat/botania/block_tools 
[30Jul2025 23:53:50.934] [main/DEBUG] [sophisticatedbackpacks/]: Started loading registry data from sophisticatedbackpacks:compat/pneumaticraft/block_tools 
[30Jul2025 23:53:50.934] [main/DEBUG] [sophisticatedbackpacks/]: Started loading registry data from sophisticatedbackpacks:compat/shrink/entity_tools 
[30Jul2025 23:53:50.934] [main/DEBUG] [sophisticatedbackpacks/]: Started loading registry data from sophisticatedbackpacks:compat/blockcarpentry/block_tools 
[30Jul2025 23:53:50.934] [main/DEBUG] [sophisticatedbackpacks/]: Started loading registry data from sophisticatedbackpacks:compat/pipez/block_tools 
[30Jul2025 23:53:50.934] [main/DEBUG] [sophisticatedbackpacks/]: Started loading registry data from sophisticatedbackpacks:compat/transport/block_tools 
[30Jul2025 23:53:50.934] [main/DEBUG] [sophisticatedbackpacks/]: Started loading registry data from sophisticatedbackpacks:compat/thermal/block_tools 
[30Jul2025 23:53:50.934] [main/DEBUG] [sophisticatedbackpacks/]: Started loading registry data from sophisticatedbackpacks:block_tools 
[30Jul2025 23:53:50.934] [main/DEBUG] [sophisticatedbackpacks/]: Finished loading registry data for sophisticatedbackpacks:block_tools
[30Jul2025 23:53:50.934] [main/DEBUG] [sophisticatedbackpacks/]: Started loading registry data from sophisticatedbackpacks:compat/create/block_tools 
[30Jul2025 23:53:50.934] [main/DEBUG] [sophisticatedbackpacks/]: Started loading registry data from sophisticatedbackpacks:compat/farmersdelight/entity_tools 
[30Jul2025 23:53:50.934] [main/DEBUG] [sophisticatedbackpacks/]: Started loading registry data from sophisticatedbackpacks:compat/refinedstorage/block_tools 
[30Jul2025 23:53:50.934] [main/DEBUG] [sophisticatedbackpacks/]: Started loading registry data from sophisticatedbackpacks:compat/chiselsandbits/block_tools 
[30Jul2025 23:53:50.934] [main/DEBUG] [sophisticatedbackpacks/]: Started loading registry data from sophisticatedbackpacks:compat/farmersdelight/block_tools 
[30Jul2025 23:53:50.934] [main/DEBUG] [sophisticatedbackpacks/]: Started loading registry data from sophisticatedbackpacks:compat/resourcefulbees/entity_tools 
[30Jul2025 23:53:50.934] [main/DEBUG] [sophisticatedbackpacks/]: Started loading registry data from sophisticatedbackpacks:compat/tetra/swords 
[30Jul2025 23:53:50.934] [main/DEBUG] [sophisticatedbackpacks/]: Started loading registry data from sophisticatedbackpacks:swords 
[30Jul2025 23:53:50.934] [main/DEBUG] [sophisticatedbackpacks/]: Finished loading registry data for sophisticatedbackpacks:swords
[30Jul2025 23:53:50.934] [main/DEBUG] [sophisticatedbackpacks/]: Started loading registry data from sophisticatedbackpacks:compat/mythicbotany/block_tools 
[30Jul2025 23:53:50.934] [main/DEBUG] [sophisticatedbackpacks/]: Started loading registry data from sophisticatedbackpacks:compat/resourcefulbees/block_tools 
[30Jul2025 23:53:50.934] [main/DEBUG] [sophisticatedbackpacks/]: Started loading registry data from sophisticatedbackpacks:compat/syp/entity_tools 
[30Jul2025 23:53:50.934] [main/DEBUG] [sophisticatedbackpacks/]: Started loading registry data from sophisticatedbackpacks:compat/eidolon/block_tools 
[30Jul2025 23:53:50.934] [main/DEBUG] [sophisticatedbackpacks/]: Started loading registry data from sophisticatedbackpacks:compat/rftoolsbase/block_tools 
[30Jul2025 23:53:50.938] [main/INFO] [twilightforest/]: Loaded 9 Stalactite configs!
[30Jul2025 23:53:53.334] [main/INFO] [firstaid/registry]: Built local FirstAid registry lookups
[30Jul2025 23:53:53.354] [main/DEBUG] [net.minecraftforge.common.ForgeHooks/WP]: Gathering id map for writing to world save world
[30Jul2025 23:53:53.394] [main/DEBUG] [net.minecraftforge.common.ForgeHooks/WP]: ID Map collection complete world
[30Jul2025 23:53:53.445] [Server thread/INFO] [net.minecraft.server.dedicated.DedicatedServer/]: Starting minecraft server version 1.20.1
[30Jul2025 23:53:53.446] [Server thread/INFO] [net.minecraft.server.dedicated.DedicatedServer/]: Loading properties
[30Jul2025 23:53:53.446] [Server thread/INFO] [net.minecraft.server.dedicated.DedicatedServer/]: Default game type: SURVIVAL
[30Jul2025 23:53:53.446] [Server thread/INFO] [net.minecraft.server.MinecraftServer/]: Generating keypair
[30Jul2025 23:53:53.531] [Server thread/INFO] [net.minecraft.server.dedicated.DedicatedServer/]: Starting Minecraft server on *:25565
[30Jul2025 23:53:53.532] [Server thread/DEBUG] [net.minecraftforge.network.DualStackUtils/]: Detected IPv6 address: "0:0:0:0:0:0:0:0"
[30Jul2025 23:53:53.538] [Server thread/DEBUG] [io.netty.util.internal.NativeLibraryLoader/]: -Dio.netty.native.workdir: /tmp (io.netty.tmpdir)
[30Jul2025 23:53:53.538] [Server thread/DEBUG] [io.netty.util.internal.NativeLibraryLoader/]: -Dio.netty.native.deleteLibAfterLoading: true
[30Jul2025 23:53:53.538] [Server thread/DEBUG] [io.netty.util.internal.NativeLibraryLoader/]: -Dio.netty.native.tryPatchShadedId: true
[30Jul2025 23:53:53.538] [Server thread/DEBUG] [io.netty.util.internal.NativeLibraryLoader/]: -Dio.netty.native.detectNativeLibraryDuplicates: true
[30Jul2025 23:53:53.545] [Server thread/DEBUG] [io.netty.util.internal.NativeLibraryLoader/]: Successfully loaded the library /tmp/libnetty_transport_native_epoll_x86_643062220491391994229.so
[30Jul2025 23:53:53.548] [Server thread/DEBUG] [io.netty.util.NetUtil/]: -Djava.net.preferIPv4Stack: false
[30Jul2025 23:53:53.548] [Server thread/DEBUG] [io.netty.util.NetUtil/]: -Djava.net.preferIPv6Addresses: true
[30Jul2025 23:53:53.550] [Server thread/DEBUG] [io.netty.util.NetUtilInitializations/]: Loopback interface: lo (lo, 0:0:0:0:0:0:0:1%lo)
[30Jul2025 23:53:53.550] [Server thread/DEBUG] [io.netty.util.NetUtil/]: /proc/sys/net/core/somaxconn: 4096
[30Jul2025 23:53:53.553] [Server thread/INFO] [net.minecraft.server.network.ServerConnectionListener/]: Using epoll channel type
[30Jul2025 23:53:53.563] [Server thread/DEBUG] [io.netty.channel.MultithreadEventLoopGroup/]: -Dio.netty.eventLoopThreads: 8
[30Jul2025 23:53:53.581] [Server thread/DEBUG] [io.netty.util.internal.PlatformDependent/]: org.jctools-core.MpscChunkedArrayQueue: available
[30Jul2025 23:53:53.590] [Server thread/DEBUG] [io.netty.channel.DefaultChannelId/]: -Dio.netty.processId: 11673 (auto-detected)
[30Jul2025 23:53:53.591] [Server thread/DEBUG] [io.netty.channel.DefaultChannelId/]: -Dio.netty.machineId: 7c:1e:52:ff:fe:d3:9d:74 (auto-detected)
[30Jul2025 23:53:53.613] [Server thread/DEBUG] [io.netty.buffer.PooledByteBufAllocator/]: -Dio.netty.allocator.numHeapArenas: 8
[30Jul2025 23:53:53.613] [Server thread/DEBUG] [io.netty.buffer.PooledByteBufAllocator/]: -Dio.netty.allocator.numDirectArenas: 8
[30Jul2025 23:53:53.614] [Server thread/DEBUG] [io.netty.buffer.PooledByteBufAllocator/]: -Dio.netty.allocator.pageSize: 8192
[30Jul2025 23:53:53.614] [Server thread/DEBUG] [io.netty.buffer.PooledByteBufAllocator/]: -Dio.netty.allocator.maxOrder: 9
[30Jul2025 23:53:53.614] [Server thread/DEBUG] [io.netty.buffer.PooledByteBufAllocator/]: -Dio.netty.allocator.chunkSize: 4194304
[30Jul2025 23:53:53.614] [Server thread/DEBUG] [io.netty.buffer.PooledByteBufAllocator/]: -Dio.netty.allocator.smallCacheSize: 256
[30Jul2025 23:53:53.614] [Server thread/DEBUG] [io.netty.buffer.PooledByteBufAllocator/]: -Dio.netty.allocator.normalCacheSize: 64
[30Jul2025 23:53:53.614] [Server thread/DEBUG] [io.netty.buffer.PooledByteBufAllocator/]: -Dio.netty.allocator.maxCachedBufferCapacity: 32768
[30Jul2025 23:53:53.614] [Server thread/DEBUG] [io.netty.buffer.PooledByteBufAllocator/]: -Dio.netty.allocator.cacheTrimInterval: 8192
[30Jul2025 23:53:53.614] [Server thread/DEBUG] [io.netty.buffer.PooledByteBufAllocator/]: -Dio.netty.allocator.cacheTrimIntervalMillis: 0
[30Jul2025 23:53:53.614] [Server thread/DEBUG] [io.netty.buffer.PooledByteBufAllocator/]: -Dio.netty.allocator.useCacheForAllThreads: false
[30Jul2025 23:53:53.614] [Server thread/DEBUG] [io.netty.buffer.PooledByteBufAllocator/]: -Dio.netty.allocator.maxCachedByteBuffersPerChunk: 1023
[30Jul2025 23:53:53.621] [Server thread/DEBUG] [io.netty.buffer.ByteBufUtil/]: -Dio.netty.allocator.type: pooled
[30Jul2025 23:53:53.621] [Server thread/DEBUG] [io.netty.buffer.ByteBufUtil/]: -Dio.netty.threadLocalDirectBufferSize: 0
[30Jul2025 23:53:53.621] [Server thread/DEBUG] [io.netty.buffer.ByteBufUtil/]: -Dio.netty.maxThreadLocalCharBufferSize: 16384
[30Jul2025 23:53:53.628] [Server thread/WARN] [net.minecraft.server.dedicated.DedicatedServer/]: **** SERVER IS RUNNING IN OFFLINE/INSECURE MODE!
[30Jul2025 23:53:53.629] [Server thread/WARN] [net.minecraft.server.dedicated.DedicatedServer/]: The server will make no attempt to authenticate usernames. Beware.
[30Jul2025 23:53:53.629] [Server thread/WARN] [net.minecraft.server.dedicated.DedicatedServer/]: While this makes the game possible to play without internet access, it also opens up the ability for hackers to connect with any username they choose.
[30Jul2025 23:53:53.629] [Server thread/WARN] [net.minecraft.server.dedicated.DedicatedServer/]: To change this, set "online-mode" to "true" in the server.properties file.
[30Jul2025 23:53:53.641] [Server thread/DEBUG] [net.minecraftforge.fml.config.ConfigTracker/CONFIG]: Loading configs type SERVER
[30Jul2025 23:53:53.641] [Server thread/DEBUG] [net.minecraftforge.fml.config.ConfigFileTypeHandler/CONFIG]: Built TOML config for ./world/serverconfig/jei-server.toml
[30Jul2025 23:53:53.641] [Server thread/DEBUG] [net.minecraftforge.fml.config.ConfigFileTypeHandler/CONFIG]: Loaded TOML config file ./world/serverconfig/jei-server.toml
[30Jul2025 23:53:53.642] [Server thread/DEBUG] [net.minecraftforge.fml.config.ConfigFileTypeHandler/CONFIG]: Watching TOML config file ./world/serverconfig/jei-server.toml for changes
[30Jul2025 23:53:53.642] [Server thread/DEBUG] [net.minecraftforge.fml.config.ConfigFileTypeHandler/CONFIG]: Built TOML config for ./world/serverconfig/cgm-server.toml
[30Jul2025 23:53:53.643] [Thread-1/DEBUG] [net.minecraftforge.fml.config.ConfigFileTypeHandler/CONFIG]: Config file jei-server.toml changed, sending notifies
[30Jul2025 23:53:53.643] [Server thread/DEBUG] [net.minecraftforge.fml.config.ConfigFileTypeHandler/CONFIG]: Loaded TOML config file ./world/serverconfig/cgm-server.toml
[30Jul2025 23:53:53.643] [Thread-1/DEBUG] [net.minecraftforge.fml.config.ConfigFileTypeHandler/CONFIG]: Config file jei-server.toml changed, sending notifies
[30Jul2025 23:53:53.643] [Server thread/DEBUG] [net.minecraftforge.fml.config.ConfigFileTypeHandler/CONFIG]: Watching TOML config file ./world/serverconfig/cgm-server.toml for changes
[30Jul2025 23:53:53.643] [Server thread/DEBUG] [net.minecraftforge.fml.config.ConfigFileTypeHandler/CONFIG]: Built TOML config for ./world/serverconfig/curios-server.toml
[30Jul2025 23:53:53.644] [Thread-1/DEBUG] [net.minecraftforge.fml.config.ConfigFileTypeHandler/CONFIG]: Config file cgm-server.toml changed, sending notifies
[30Jul2025 23:53:53.644] [Thread-1/DEBUG] [net.minecraftforge.fml.config.ConfigFileTypeHandler/CONFIG]: Config file cgm-server.toml changed, sending notifies
[30Jul2025 23:53:53.644] [Server thread/DEBUG] [net.minecraftforge.fml.config.ConfigFileTypeHandler/CONFIG]: Loaded TOML config file ./world/serverconfig/curios-server.toml
[30Jul2025 23:53:53.644] [Server thread/DEBUG] [net.minecraftforge.fml.config.ConfigFileTypeHandler/CONFIG]: Watching TOML config file ./world/serverconfig/curios-server.toml for changes
[30Jul2025 23:53:53.645] [Server thread/DEBUG] [net.minecraftforge.fml.config.ConfigFileTypeHandler/CONFIG]: Built TOML config for /workspaces/ServeraMC/servidor_minecraft/config/tombstone-server.toml
[30Jul2025 23:53:53.645] [Thread-1/DEBUG] [net.minecraftforge.fml.config.ConfigFileTypeHandler/CONFIG]: Config file curios-server.toml changed, sending notifies
[30Jul2025 23:53:53.646] [Server thread/DEBUG] [net.minecraftforge.fml.config.ConfigFileTypeHandler/CONFIG]: Loaded TOML config file /workspaces/ServeraMC/servidor_minecraft/config/tombstone-server.toml
[30Jul2025 23:53:53.646] [Server thread/DEBUG] [net.minecraftforge.fml.config.ConfigFileTypeHandler/CONFIG]: Watching TOML config file /workspaces/ServeraMC/servidor_minecraft/config/tombstone-server.toml for changes
[30Jul2025 23:53:53.647] [Thread-1/DEBUG] [net.minecraftforge.fml.config.ConfigFileTypeHandler/CONFIG]: Config file tombstone-server.toml changed, sending notifies
[30Jul2025 23:53:53.647] [Server thread/DEBUG] [net.minecraftforge.fml.config.ConfigFileTypeHandler/CONFIG]: Built TOML config for ./world/serverconfig/sophisticatedbackpacks-server.toml
[30Jul2025 23:53:53.649] [Server thread/DEBUG] [net.minecraftforge.fml.config.ConfigFileTypeHandler/CONFIG]: Loaded TOML config file ./world/serverconfig/sophisticatedbackpacks-server.toml
[30Jul2025 23:53:53.649] [Thread-1/DEBUG] [net.minecraftforge.fml.config.ConfigFileTypeHandler/CONFIG]: Config file tombstone-server.toml changed, sending notifies
[30Jul2025 23:53:53.649] [Server thread/DEBUG] [net.minecraftforge.fml.config.ConfigFileTypeHandler/CONFIG]: Watching TOML config file ./world/serverconfig/sophisticatedbackpacks-server.toml for changes
[30Jul2025 23:53:53.652] [Thread-1/DEBUG] [net.minecraftforge.fml.config.ConfigFileTypeHandler/CONFIG]: Config file sophisticatedbackpacks-server.toml changed, sending notifies
[30Jul2025 23:53:53.652] [Server thread/DEBUG] [net.minecraftforge.fml.config.ConfigFileTypeHandler/CONFIG]: Built TOML config for ./world/serverconfig/firstaid-server.toml
[30Jul2025 23:53:53.653] [Server thread/DEBUG] [net.minecraftforge.fml.config.ConfigFileTypeHandler/CONFIG]: Loaded TOML config file ./world/serverconfig/firstaid-server.toml
[30Jul2025 23:53:53.653] [Server thread/DEBUG] [net.minecraftforge.fml.config.ConfigFileTypeHandler/CONFIG]: Watching TOML config file ./world/serverconfig/firstaid-server.toml for changes
[30Jul2025 23:53:53.654] [Server thread/DEBUG] [net.minecraftforge.fml.config.ConfigFileTypeHandler/CONFIG]: Built TOML config for ./world/serverconfig/forge-server.toml
[30Jul2025 23:53:53.654] [Server thread/DEBUG] [net.minecraftforge.fml.config.ConfigFileTypeHandler/CONFIG]: Loaded TOML config file ./world/serverconfig/forge-server.toml
[30Jul2025 23:53:53.654] [Server thread/DEBUG] [net.minecraftforge.fml.config.ConfigFileTypeHandler/CONFIG]: Watching TOML config file ./world/serverconfig/forge-server.toml for changes
[30Jul2025 23:53:53.655] [Server thread/DEBUG] [net.minecraftforge.common.ForgeConfig/FORGEMOD]: Loaded forge config file forge-server.toml
[30Jul2025 23:53:53.655] [Thread-1/DEBUG] [net.minecraftforge.fml.config.ConfigFileTypeHandler/CONFIG]: Config file sophisticatedbackpacks-server.toml changed, sending notifies
[30Jul2025 23:53:53.656] [Thread-1/DEBUG] [net.minecraftforge.fml.config.ConfigFileTypeHandler/CONFIG]: Config file forge-server.toml changed, sending notifies
[30Jul2025 23:53:53.656] [Thread-1/DEBUG] [net.minecraftforge.common.ForgeConfig/FORGEMOD]: Forge config just got changed on the file system!
[30Jul2025 23:53:53.673] [Server thread/DEBUG] [com.github.alexthe666.iceandfire.IceAndFire/]: Added the following features to the biome [minecraft:badlands]: 
	- iceandfire:silver_ore
	- iceandfire:lightning_dragon_roost
	- iceandfire:lightning_dragon_cave
[30Jul2025 23:53:53.675] [Server thread/DEBUG] [com.github.alexthe666.iceandfire.IceAndFire/]: Added the following features to the biome [minecraft:bamboo_jungle]: 
	- iceandfire:fire_lily
	- iceandfire:silver_ore
	- iceandfire:lightning_dragon_roost
	- iceandfire:lightning_dragon_cave
	- iceandfire:myrmex_hive_jungle
[30Jul2025 23:53:53.677] [Server thread/DEBUG] [com.github.alexthe666.iceandfire.IceAndFire/]: Added the following features to the biome [minecraft:beach]: 
	- iceandfire:silver_ore
	- iceandfire:cyclops_cave
[30Jul2025 23:53:53.679] [Server thread/DEBUG] [com.github.alexthe666.iceandfire.IceAndFire/]: Added the following features to the biome [minecraft:birch_forest]: 
	- iceandfire:silver_ore
[30Jul2025 23:53:53.682] [Server thread/DEBUG] [com.github.alexthe666.iceandfire.IceAndFire/]: Added the following features to the biome [minecraft:cherry_grove]: 
	- iceandfire:silver_ore
[30Jul2025 23:53:53.685] [Server thread/DEBUG] [com.github.alexthe666.iceandfire.IceAndFire/]: Added the following features to the biome [minecraft:cold_ocean]: 
	- iceandfire:silver_ore
	- iceandfire:ice_dragon_roost
	- iceandfire:ice_dragon_cave
	- iceandfire:siren_island
	- iceandfire:spawn_hippocampus
	- iceandfire:spawn_sea_serpent
[30Jul2025 23:53:53.689] [Server thread/DEBUG] [com.github.alexthe666.iceandfire.IceAndFire/]: Added the following features to the biome [minecraft:dark_forest]: 
	- iceandfire:silver_ore
	- iceandfire:pixie_village
[30Jul2025 23:53:53.693] [Server thread/DEBUG] [com.github.alexthe666.iceandfire.IceAndFire/]: Added the following features to the biome [minecraft:deep_cold_ocean]: 
	- iceandfire:silver_ore
	- iceandfire:ice_dragon_roost
	- iceandfire:ice_dragon_cave
	- iceandfire:siren_island
	- iceandfire:spawn_hippocampus
	- iceandfire:spawn_sea_serpent
[30Jul2025 23:53:53.694] [Server thread/DEBUG] [com.github.alexthe666.iceandfire.IceAndFire/]: Added the following features to the biome [minecraft:deep_dark]: 
	- iceandfire:silver_ore
[30Jul2025 23:53:53.696] [Server thread/DEBUG] [com.github.alexthe666.iceandfire.IceAndFire/]: Added the following features to the biome [minecraft:deep_frozen_ocean]: 
	- iceandfire:silver_ore
	- iceandfire:ice_dragon_roost
	- iceandfire:ice_dragon_cave
	- iceandfire:siren_island
	- iceandfire:spawn_hippocampus
	- iceandfire:spawn_sea_serpent
[30Jul2025 23:53:53.697] [Server thread/DEBUG] [com.github.alexthe666.iceandfire.IceAndFire/]: Added the following features to the biome [minecraft:deep_lukewarm_ocean]: 
	- iceandfire:silver_ore
	- iceandfire:siren_island
	- iceandfire:spawn_hippocampus
	- iceandfire:spawn_sea_serpent
[30Jul2025 23:53:53.699] [Server thread/DEBUG] [com.github.alexthe666.iceandfire.IceAndFire/]: Added the following features to the biome [minecraft:deep_ocean]: 
	- iceandfire:silver_ore
	- iceandfire:siren_island
	- iceandfire:spawn_hippocampus
	- iceandfire:spawn_sea_serpent
[30Jul2025 23:53:53.701] [Server thread/DEBUG] [com.github.alexthe666.iceandfire.IceAndFire/]: Added the following features to the biome [minecraft:desert]: 
	- iceandfire:fire_lily
	- iceandfire:silver_ore
	- iceandfire:fire_dragon_roost
	- iceandfire:fire_dragon_cave
	- iceandfire:myrmex_hive_desert
	- iceandfire:spawn_death_worm
	- iceandfire:spawn_dragon_skeleton_fire
[30Jul2025 23:53:53.702] [Server thread/DEBUG] [com.github.alexthe666.iceandfire.IceAndFire/]: Added the following features to the biome [minecraft:dripstone_caves]: 
	- iceandfire:silver_ore
[30Jul2025 23:53:53.707] [Server thread/DEBUG] [com.github.alexthe666.iceandfire.IceAndFire/]: Added the following features to the biome [minecraft:eroded_badlands]: 
	- iceandfire:fire_lily
	- iceandfire:silver_ore
	- iceandfire:lightning_dragon_roost
	- iceandfire:lightning_dragon_cave
[30Jul2025 23:53:53.710] [Server thread/DEBUG] [com.github.alexthe666.iceandfire.IceAndFire/]: Added the following features to the biome [minecraft:flower_forest]: 
	- iceandfire:silver_ore
[30Jul2025 23:53:53.711] [Server thread/DEBUG] [com.github.alexthe666.iceandfire.IceAndFire/]: Added the following features to the biome [minecraft:forest]: 
	- iceandfire:silver_ore
[30Jul2025 23:53:53.714] [Server thread/DEBUG] [com.github.alexthe666.iceandfire.IceAndFire/]: Added the following features to the biome [minecraft:frozen_ocean]: 
	- iceandfire:frost_lily
	- iceandfire:silver_ore
	- iceandfire:sapphire_ore
	- iceandfire:ice_dragon_roost
	- iceandfire:ice_dragon_cave
	- iceandfire:siren_island
	- iceandfire:spawn_dragon_skeleton_ice
	- iceandfire:spawn_hippocampus
	- iceandfire:spawn_sea_serpent
[30Jul2025 23:53:53.716] [Server thread/DEBUG] [com.github.alexthe666.iceandfire.IceAndFire/]: Added the following features to the biome [minecraft:frozen_peaks]: 
	- iceandfire:frost_lily
	- iceandfire:silver_ore
	- iceandfire:sapphire_ore
	- iceandfire:ice_dragon_roost
	- iceandfire:ice_dragon_cave
	- iceandfire:spawn_dragon_skeleton_ice
[30Jul2025 23:53:53.717] [Server thread/DEBUG] [com.github.alexthe666.iceandfire.IceAndFire/]: Added the following features to the biome [minecraft:frozen_river]: 
	- iceandfire:frost_lily
	- iceandfire:silver_ore
	- iceandfire:sapphire_ore
	- iceandfire:ice_dragon_roost
	- iceandfire:ice_dragon_cave
	- iceandfire:spawn_dragon_skeleton_ice
[30Jul2025 23:53:53.719] [Server thread/DEBUG] [com.github.alexthe666.iceandfire.IceAndFire/]: Added the following features to the biome [minecraft:grove]: 
	- iceandfire:frost_lily
	- iceandfire:silver_ore
	- iceandfire:sapphire_ore
	- iceandfire:ice_dragon_roost
	- iceandfire:ice_dragon_cave
	- iceandfire:spawn_dragon_skeleton_ice
[30Jul2025 23:53:53.722] [Server thread/DEBUG] [com.github.alexthe666.iceandfire.IceAndFire/]: Added the following features to the biome [minecraft:ice_spikes]: 
	- iceandfire:frost_lily
	- iceandfire:silver_ore
	- iceandfire:sapphire_ore
	- iceandfire:ice_dragon_roost
	- iceandfire:ice_dragon_cave
	- iceandfire:spawn_dragon_skeleton_ice
[30Jul2025 23:53:53.724] [Server thread/DEBUG] [com.github.alexthe666.iceandfire.IceAndFire/]: Added the following features to the biome [minecraft:jagged_peaks]: 
	- iceandfire:frost_lily
	- iceandfire:silver_ore
	- iceandfire:sapphire_ore
	- iceandfire:ice_dragon_roost
	- iceandfire:ice_dragon_cave
	- iceandfire:spawn_dragon_skeleton_ice
[30Jul2025 23:53:53.726] [Server thread/DEBUG] [com.github.alexthe666.iceandfire.IceAndFire/]: Added the following features to the biome [minecraft:jungle]: 
	- iceandfire:fire_lily
	- iceandfire:silver_ore
	- iceandfire:lightning_dragon_roost
	- iceandfire:lightning_dragon_cave
	- iceandfire:myrmex_hive_jungle
[30Jul2025 23:53:53.728] [Server thread/DEBUG] [com.github.alexthe666.iceandfire.IceAndFire/]: Added the following features to the biome [minecraft:lukewarm_ocean]: 
	- iceandfire:silver_ore
	- iceandfire:siren_island
	- iceandfire:spawn_hippocampus
	- iceandfire:spawn_sea_serpent
[30Jul2025 23:53:53.730] [Server thread/DEBUG] [com.github.alexthe666.iceandfire.IceAndFire/]: Added the following features to the biome [minecraft:lush_caves]: 
	- iceandfire:silver_ore
[30Jul2025 23:53:53.732] [Server thread/DEBUG] [com.github.alexthe666.iceandfire.IceAndFire/]: Added the following features to the biome [minecraft:mangrove_swamp]: 
	- iceandfire:fire_lily
	- iceandfire:silver_ore
	- iceandfire:fire_dragon_roost
	- iceandfire:fire_dragon_cave
	- iceandfire:hydra_cave
	- iceandfire:spawn_stymphalian_bird
[30Jul2025 23:53:53.734] [Server thread/DEBUG] [com.github.alexthe666.iceandfire.IceAndFire/]: Added the following features to the biome [minecraft:meadow]: 
	- iceandfire:silver_ore
	- iceandfire:fire_dragon_roost
	- iceandfire:fire_dragon_cave
	- iceandfire:spawn_wandering_cyclops
[30Jul2025 23:53:53.735] [Server thread/DEBUG] [com.github.alexthe666.iceandfire.IceAndFire/]: Added the following features to the biome [minecraft:mushroom_fields]: 
	- iceandfire:silver_ore
[30Jul2025 23:53:53.740] [Server thread/DEBUG] [com.github.alexthe666.iceandfire.IceAndFire/]: Added the following features to the biome [minecraft:ocean]: 
	- iceandfire:silver_ore
	- iceandfire:siren_island
	- iceandfire:spawn_hippocampus
	- iceandfire:spawn_sea_serpent
[30Jul2025 23:53:53.741] [Server thread/DEBUG] [com.github.alexthe666.iceandfire.IceAndFire/]: Added the following features to the biome [minecraft:old_growth_birch_forest]: 
	- iceandfire:silver_ore
	- iceandfire:pixie_village
[30Jul2025 23:53:53.742] [Server thread/DEBUG] [com.github.alexthe666.iceandfire.IceAndFire/]: Added the following features to the biome [minecraft:old_growth_pine_taiga]: 
	- iceandfire:silver_ore
	- iceandfire:ice_dragon_roost
	- iceandfire:ice_dragon_cave
[30Jul2025 23:53:53.743] [Server thread/DEBUG] [com.github.alexthe666.iceandfire.IceAndFire/]: Added the following features to the biome [minecraft:old_growth_spruce_taiga]: 
	- iceandfire:silver_ore
[30Jul2025 23:53:53.745] [Server thread/DEBUG] [com.github.alexthe666.iceandfire.IceAndFire/]: Added the following features to the biome [minecraft:plains]: 
	- iceandfire:silver_ore
	- iceandfire:fire_dragon_roost
	- iceandfire:fire_dragon_cave
	- iceandfire:spawn_wandering_cyclops
[30Jul2025 23:53:53.747] [Server thread/DEBUG] [com.github.alexthe666.iceandfire.IceAndFire/]: Added the following features to the biome [minecraft:river]: 
	- iceandfire:silver_ore
[30Jul2025 23:53:53.749] [Server thread/DEBUG] [com.github.alexthe666.iceandfire.IceAndFire/]: Added the following features to the biome [minecraft:savanna]: 
	- iceandfire:fire_lily
	- iceandfire:lightning_lily
	- iceandfire:silver_ore
	- iceandfire:lightning_dragon_roost
	- iceandfire:lightning_dragon_cave
	- iceandfire:spawn_dragon_skeleton_lightning
[30Jul2025 23:53:53.751] [Server thread/DEBUG] [com.github.alexthe666.iceandfire.IceAndFire/]: Added the following features to the biome [minecraft:savanna_plateau]: 
	- iceandfire:fire_lily
	- iceandfire:lightning_lily
	- iceandfire:silver_ore
	- iceandfire:lightning_dragon_roost
	- iceandfire:lightning_dragon_cave
	- iceandfire:spawn_dragon_skeleton_lightning
[30Jul2025 23:53:53.753] [Server thread/DEBUG] [com.github.alexthe666.iceandfire.IceAndFire/]: Added the following features to the biome [minecraft:snowy_beach]: 
	- iceandfire:frost_lily
	- iceandfire:silver_ore
	- iceandfire:sapphire_ore
	- iceandfire:ice_dragon_roost
	- iceandfire:ice_dragon_cave
	- iceandfire:cyclops_cave
	- iceandfire:spawn_dragon_skeleton_ice
[30Jul2025 23:53:53.755] [Server thread/DEBUG] [com.github.alexthe666.iceandfire.IceAndFire/]: Added the following features to the biome [minecraft:snowy_plains]: 
	- iceandfire:frost_lily
	- iceandfire:silver_ore
	- iceandfire:sapphire_ore
	- iceandfire:ice_dragon_roost
	- iceandfire:ice_dragon_cave
	- iceandfire:spawn_wandering_cyclops
	- iceandfire:spawn_dragon_skeleton_ice
[30Jul2025 23:53:53.757] [Server thread/DEBUG] [com.github.alexthe666.iceandfire.IceAndFire/]: Added the following features to the biome [minecraft:snowy_slopes]: 
	- iceandfire:frost_lily
	- iceandfire:silver_ore
	- iceandfire:sapphire_ore
	- iceandfire:ice_dragon_roost
	- iceandfire:ice_dragon_cave
	- iceandfire:spawn_dragon_skeleton_ice
[30Jul2025 23:53:53.759] [Server thread/DEBUG] [com.github.alexthe666.iceandfire.IceAndFire/]: Added the following features to the biome [minecraft:snowy_taiga]: 
	- iceandfire:frost_lily
	- iceandfire:silver_ore
	- iceandfire:sapphire_ore
	- iceandfire:ice_dragon_roost
	- iceandfire:ice_dragon_cave
	- iceandfire:spawn_dragon_skeleton_ice
[30Jul2025 23:53:53.761] [Server thread/DEBUG] [com.github.alexthe666.iceandfire.IceAndFire/]: Added the following features to the biome [minecraft:sparse_jungle]: 
	- iceandfire:fire_lily
	- iceandfire:silver_ore
	- iceandfire:lightning_dragon_roost
	- iceandfire:lightning_dragon_cave
	- iceandfire:myrmex_hive_jungle
[30Jul2025 23:53:53.764] [Server thread/DEBUG] [com.github.alexthe666.iceandfire.IceAndFire/]: Added the following features to the biome [minecraft:stony_peaks]: 
	- iceandfire:fire_lily
	- iceandfire:silver_ore
	- iceandfire:fire_dragon_roost
	- iceandfire:fire_dragon_cave
[30Jul2025 23:53:53.765] [Server thread/DEBUG] [com.github.alexthe666.iceandfire.IceAndFire/]: Added the following features to the biome [minecraft:stony_shore]: 
	- iceandfire:silver_ore
[30Jul2025 23:53:53.767] [Server thread/DEBUG] [com.github.alexthe666.iceandfire.IceAndFire/]: Added the following features to the biome [minecraft:sunflower_plains]: 
	- iceandfire:silver_ore
	- iceandfire:fire_dragon_roost
	- iceandfire:fire_dragon_cave
	- iceandfire:spawn_wandering_cyclops
[30Jul2025 23:53:53.768] [Server thread/DEBUG] [com.github.alexthe666.iceandfire.IceAndFire/]: Added the following features to the biome [minecraft:swamp]: 
	- iceandfire:silver_ore
	- iceandfire:hydra_cave
	- iceandfire:spawn_stymphalian_bird
[30Jul2025 23:53:53.770] [Server thread/DEBUG] [com.github.alexthe666.iceandfire.IceAndFire/]: Added the following features to the biome [minecraft:taiga]: 
	- iceandfire:silver_ore
	- iceandfire:ice_dragon_roost
	- iceandfire:ice_dragon_cave
[30Jul2025 23:53:53.775] [Server thread/DEBUG] [com.github.alexthe666.iceandfire.IceAndFire/]: Added the following features to the biome [minecraft:warm_ocean]: 
	- iceandfire:fire_lily
	- iceandfire:silver_ore
	- iceandfire:fire_dragon_roost
	- iceandfire:fire_dragon_cave
	- iceandfire:siren_island
	- iceandfire:spawn_hippocampus
	- iceandfire:spawn_sea_serpent
[30Jul2025 23:53:53.778] [Server thread/DEBUG] [com.github.alexthe666.iceandfire.IceAndFire/]: Added the following features to the biome [minecraft:windswept_forest]: 
	- iceandfire:silver_ore
[30Jul2025 23:53:53.779] [Server thread/DEBUG] [com.github.alexthe666.iceandfire.IceAndFire/]: Added the following features to the biome [minecraft:windswept_gravelly_hills]: 
	- iceandfire:silver_ore
[30Jul2025 23:53:53.780] [Server thread/DEBUG] [com.github.alexthe666.iceandfire.IceAndFire/]: Added the following features to the biome [minecraft:windswept_hills]: 
	- iceandfire:silver_ore
[30Jul2025 23:53:53.782] [Server thread/DEBUG] [com.github.alexthe666.iceandfire.IceAndFire/]: Added the following features to the biome [minecraft:windswept_savanna]: 
	- iceandfire:fire_lily
	- iceandfire:lightning_lily
	- iceandfire:silver_ore
	- iceandfire:lightning_dragon_roost
	- iceandfire:lightning_dragon_cave
	- iceandfire:spawn_dragon_skeleton_lightning
[30Jul2025 23:53:53.783] [Server thread/DEBUG] [com.github.alexthe666.iceandfire.IceAndFire/]: Added the following features to the biome [minecraft:wooded_badlands]: 
	- iceandfire:silver_ore
	- iceandfire:lightning_dragon_roost
	- iceandfire:lightning_dragon_cave
[30Jul2025 23:53:53.790] [Server thread/INFO] [Framework/]: Loading server configs...
[30Jul2025 23:53:53.814] [Server thread/INFO] [net.minecraft.server.dedicated.DedicatedServer/]: Preparing level "world"
[30Jul2025 23:53:53.820] [Server thread/DEBUG] [net.minecraftforge.coremod.transformer.CoreModBaseTransformer/COREMOD]: Transforming net/minecraft/world/level/levelgen/PhantomSpawner
[30Jul2025 23:53:53.825] [Server thread/DEBUG] [net.minecraftforge.coremod.transformer.CoreModBaseTransformer/COREMOD]: Transforming net/minecraft/world/level/levelgen/PatrolSpawner
[30Jul2025 23:53:53.829] [Server thread/DEBUG] [net.minecraftforge.coremod.transformer.CoreModBaseTransformer/COREMOD]: Transforming net/minecraft/world/entity/npc/CatSpawner
[30Jul2025 23:53:53.833] [Server thread/DEBUG] [net.minecraftforge.coremod.transformer.CoreModBaseTransformer/COREMOD]: Transforming net/minecraft/world/entity/ai/village/VillageSiege
[30Jul2025 23:53:54.087] [Server thread/DEBUG] [mixin/]: Mixing StructureManagerAccessor from cataclysm.mixins.json into net.minecraft.world.level.StructureManager
[30Jul2025 23:53:54.796] [Server thread/DEBUG] [mixin/]: Mixing common.SittingPhaseMixin from cgm.mixins.json into net.minecraft.world.entity.boss.enderdragon.phases.AbstractDragonSittingPhase
[30Jul2025 23:53:54.797] [Server thread/DEBUG] [mixin/]: cgm.mixins.json:common.SittingPhaseMixin: Class version 61 required is higher than the class version supported by the current version of Mixin (JAVA_8 supports class version 52)
[30Jul2025 23:53:54.869] [Server thread/DEBUG] [mixin/]: Mixing MixinPiglinAi from curios.mixins.json into net.minecraft.world.entity.monster.piglin.PiglinAi
[30Jul2025 23:53:54.869] [Server thread/DEBUG] [mixin/]: Mixing PiglinAiMixin from relics.mixins.json into net.minecraft.world.entity.monster.piglin.PiglinAi
[30Jul2025 23:53:54.870] [Server thread/DEBUG] [mixin/]: relics.mixins.json:PiglinAiMixin: Class version 61 required is higher than the class version supported by the current version of Mixin (JAVA_8 supports class version 52)
[30Jul2025 23:53:57.501] [Server thread/INFO] [net.minecraft.server.MinecraftServer/]: Preparing start region for dimension minecraft:overworld
[30Jul2025 23:53:58.296] [Server thread/DEBUG] [mixin/]: Mixing MixinChunkSerializer from architectury.mixins.json into net.minecraft.world.level.chunk.storage.ChunkSerializer
[30Jul2025 23:53:58.540] [Server thread/DEBUG] [mixin/]: Mixing accessor.BoundingBoxAccessor from cataclysm.mixins.json into net.minecraft.world.level.levelgen.structure.BoundingBox
[30Jul2025 23:53:58.546] [Server thread/DEBUG] [net.minecraftforge.coremod.transformer.CoreModBaseTransformer/COREMOD]: Transforming net/minecraft/world/level/levelgen/structure/templatesystem/StructureTemplate
[30Jul2025 23:53:58.578] [Server thread/DEBUG] [mixin/]: Mixing StructureTemplateMixin from cataclysm.mixins.json into net.minecraft.world.level.levelgen.structure.templatesystem.StructureTemplate
[30Jul2025 23:53:58.579] [Server thread/DEBUG] [mixin/]: Renaming synthetic method lambda$repurposedstructures_preventAutoWaterlogging$0(Lnet/minecraft/world/level/levelgen/structure/templatesystem/StructureProcessor;)Z to md736100$lambda$repurposedstructures_preventAutoWaterlogging$0$0 in cataclysm.mixins.json:StructureTemplateMixin
[30Jul2025 23:54:01.388] [Worker-Main-1/INFO] [net.minecraft.server.level.progress.LoggerChunkProgressListener/]: Preparing spawn area: 0%
[30Jul2025 23:54:01.389] [Worker-Main-3/INFO] [net.minecraft.server.level.progress.LoggerChunkProgressListener/]: Preparing spawn area: 0%
[30Jul2025 23:54:01.389] [Worker-Main-1/INFO] [net.minecraft.server.level.progress.LoggerChunkProgressListener/]: Preparing spawn area: 0%
[30Jul2025 23:54:01.390] [Worker-Main-1/INFO] [net.minecraft.server.level.progress.LoggerChunkProgressListener/]: Preparing spawn area: 0%
[30Jul2025 23:54:01.391] [Worker-Main-1/INFO] [net.minecraft.server.level.progress.LoggerChunkProgressListener/]: Preparing spawn area: 0%
[30Jul2025 23:54:01.391] [Worker-Main-2/INFO] [net.minecraft.server.level.progress.LoggerChunkProgressListener/]: Preparing spawn area: 0%
[30Jul2025 23:54:01.392] [Worker-Main-2/INFO] [net.minecraft.server.level.progress.LoggerChunkProgressListener/]: Preparing spawn area: 0%
[30Jul2025 23:54:01.393] [Worker-Main-2/INFO] [net.minecraft.server.level.progress.LoggerChunkProgressListener/]: Preparing spawn area: 0%
[30Jul2025 23:54:01.502] [Worker-Main-1/INFO] [net.minecraft.server.level.progress.LoggerChunkProgressListener/]: Preparing spawn area: 0%
[30Jul2025 23:54:01.773] [Server thread/DEBUG] [io.netty.buffer.AbstractByteBuf/]: -Dio.netty.buffer.checkAccessible: true
[30Jul2025 23:54:01.773] [Server thread/DEBUG] [io.netty.buffer.AbstractByteBuf/]: -Dio.netty.buffer.checkBounds: true
[30Jul2025 23:54:01.774] [Server thread/DEBUG] [io.netty.util.ResourceLeakDetectorFactory/]: Loaded default ResourceLeakDetector: io.netty.util.ResourceLeakDetector@35e558f6
[30Jul2025 23:54:02.002] [Worker-Main-3/INFO] [net.minecraft.server.level.progress.LoggerChunkProgressListener/]: Preparing spawn area: 32%
[30Jul2025 23:54:02.468] [Server thread/INFO] [net.minecraft.server.level.progress.LoggerChunkProgressListener/]: Time elapsed: 4967 ms
[30Jul2025 23:54:02.469] [Server thread/INFO] [net.minecraft.server.dedicated.DedicatedServer/]: Done (8.828s)! For help, type "help"
[30Jul2025 23:54:02.474] [Server thread/DEBUG] [mixin/]: Mixing HTTPUtilMixin from mixins.hammerlib.json into net.minecraft.util.HttpUtil
[30Jul2025 23:54:02.474] [Server thread/DEBUG] [mixin/]: Renaming synthetic method lambda$getAvailablePort_HammerLib$1(Lorg/zeith/hammerlib/event/GetSuitableLanPortEvent;Lorg/zeith/hammerlib/core/ConfigHL;)V to md736100$lambda$getAvailablePort_HammerLib$1$0 in mixins.hammerlib.json:HTTPUtilMixin
[30Jul2025 23:54:02.474] [Server thread/DEBUG] [mixin/]: Renaming synthetic method lambda$getAvailablePort_HammerLib$0(Lorg/zeith/hammerlib/event/GetSuitableLanPortEvent;Ljava/lang/Number;)V to md736100$lambda$getAvailablePort_HammerLib$0$1 in mixins.hammerlib.json:HTTPUtilMixin
[30Jul2025 23:54:02.488] [Server thread/DEBUG] [net.minecraftforge.network.DualStackUtils/]: Detected IPv6 address: "0:0:0:0:0:0:0:0"
[30Jul2025 23:54:02.515] [Server thread/DEBUG] [net.minecraftforge.common.ForgeI18n/CORE]: Loading I18N data entries: 10525
[30Jul2025 23:54:02.518] [Server thread/INFO] [net.minecraftforge.server.permission.PermissionAPI/]: Successfully initialized permission handler forge:default_handler
[30Jul2025 23:54:02.523] [Server thread/INFO] [com.github.alexthe666.iceandfire.IceAndFire/]: {iceandfire:fire_dragon_roost=true, iceandfire:fire_lily=true, iceandfire:spawn_dragon_skeleton_fire=true, iceandfire:lightning_dragon_roost=true, iceandfire:spawn_dragon_skeleton_lightning=true, iceandfire:ice_dragon_roost=true, iceandfire:ice_dragon_cave=true, iceandfire:lightning_dragon_cave=true, iceandfire:cyclops_cave=true, iceandfire:spawn_wandering_cyclops=true, iceandfire:spawn_sea_serpent=true, iceandfire:frost_lily=true, iceandfire:hydra_cave=true, iceandfire:lightning_lily=true, iceandfire:pixie_village=true, iceandfire:myrmex_hive_jungle=true, iceandfire:myrmex_hive_desert=true, iceandfire:silver_ore=true, iceandfire:siren_island=true, iceandfire:spawn_dragon_skeleton_ice=true, iceandfire:spawn_stymphalian_bird=true, iceandfire:fire_dragon_cave=true, iceandfire:sapphire_ore=true, iceandfire:spawn_hippocampus=true, iceandfire:spawn_death_worm=true}
[30Jul2025 23:54:02.523] [Server thread/INFO] [com.github.alexthe666.iceandfire.IceAndFire/]: {TROLL_S=true, HIPPOGRYPH=true, AMPHITHERE=true, COCKATRICE=true, TROLL_M=true, DREAD_LICH=true, TROLL_F=true}
[30Jul2025 23:54:02.530] [Server thread/WARN] [voicechat/]: [voicechat] Running in offline mode - Voice chat encryption is not secure!
[30Jul2025 23:54:02.534] [Server thread/DEBUG] [voicechat/]: [voicechat] Using default voicechat socket implementation
[30Jul2025 23:54:02.540] [Server thread/DEBUG] [voicechat/]: [voicechat] Synchronizing volume category own_voice with all players
[30Jul2025 23:54:02.540] [VoiceChatServerThread/ERROR] [voicechat/]: [voicechat] Failed to bind to address '100.72.197.1', binding to wildcard IP instead
[30Jul2025 23:54:02.541] [VoiceChatServerThread/INFO] [voicechat/]: [voicechat] Voice chat server started at 100.72.197.1:24454
[30Jul2025 23:54:02.591] [Server thread/DEBUG] [net.minecraftforge.coremod.transformer.CoreModBaseTransformer/COREMOD]: Transforming net/minecraft/world/level/NaturalSpawner
[30Jul2025 23:54:02.604] [Server thread/DEBUG] [mixin/]: Mixing NaturalSpawnerMixin from alexscaves.mixins.json into net.minecraft.world.level.NaturalSpawner
[30Jul2025 23:54:02.633] [Server thread/DEBUG] [net.minecraftforge.coremod.transformer.CoreModBaseTransformer/COREMOD]: Transforming m_8543_ with desc ()V
[30Jul2025 23:54:02.698] [Server thread/DEBUG] [mixin/]: Mixing EnchantmentHelperMixin from mixins.improvableskills.json into net.minecraft.world.item.enchantment.EnchantmentHelper
[30Jul2025 23:54:02.953] [Server thread/DEBUG] [net.minecraftforge.coremod.transformer.CoreModBaseTransformer/COREMOD]: Transforming m_280174_ with desc (Lnet/minecraft/server/level/ServerLevel;Lnet/minecraft/world/level/gameevent/vibrations/VibrationSystem$Data;Lnet/minecraft/world/level/gameevent/vibrations/VibrationSystem$User;Lnet/minecraft/world/level/gameevent/vibrations/VibrationInfo;)Z
[30Jul2025 23:59:02.534] [Server thread/DEBUG] [net.minecraftforge.common.ForgeHooks/WP]: Gathering id map for writing to world save world
[30Jul2025 23:59:02.558] [Server thread/DEBUG] [net.minecraftforge.common.ForgeHooks/WP]: ID Map collection complete world
